Question,Answer
Will my donation be refused if I recently had the flu?,"Yes. If you had the flu, you must wait at least 28 days after recovery before donating blood."
Can I donate blood if I have never done so before?,Yes! First-time donors are welcome as long as they meet the eligibility criteria.
"If I am a first-time donor, do I need special approval?",No special approval is needed. You will undergo a routine medical screening to confirm eligibility.
Will my age affect whether I can donate?,"Yes. Donors must be 16-65 years old. Those 16-17 need parental consent, and those 60-65 should be regular donors."
What is the minimum and maximum age to donate?,"The minimum age is 16 (with parental consent), and the Maximum is 65 years old (provided they are a regular donor and in good health)"
What personal information do I need to provide before donating?,"You will need to provide your full name, address, contact details, age, sex, weight, and medical history, including any prior surgeries, conditions, or medications you may be taking. A registration form will also be required."
Will my nationality or residency affect my ability to donate?,"No. Anyone meeting the eligibility criteria can donate, regardless of nationality or residency."
Do I need to bring identification when donating?,"Yes, a valid ID (government-issued, school, or company ID) is required."
Can I donate blood if I have a rare blood type?,"Yes! Rare blood types are highly valuable, and your donation could save lives."
Does my past medical history affect my eligibility?,"Yes. Some medical conditions like heart disease, kidney disease, cancer, and HIV permanently disqualify donors."
Will previous surgeries disqualify me from donating?,"If you’ve had a major surgery, you must wait at least one year before donating."
Can I donate if I have a history of anemia?,"If your hemoglobin level is below 12.5 g/dL, you will be deferred until it improves."
Will a past blood transfusion impact my eligibility?,"Yes. If you’ve had a blood transfusion, you must wait at least six months before donating."
Do I need a physical exam before donating?,"A basic medical screening (BP check, hemoglobin test, etc.) is done before each donation."
Can I give blood if I am currently on prescription medication?,"It depends on the medication. Some medications, like antibiotics or blood thinners, may require a waiting period."
"If I take supplements, does that affect my eligibility?","No, most supplements do not affect eligibility. However, iron supplements may impact hemoglobin levels."
Will my donation be accepted if I’ve had a recent vaccination?,It depends on the vaccine. Some require a waiting period of 2 weeks to 1 month before donating.
Do I need to stop taking any medicines before donating?,"If you are taking antibiotics, blood thinners, or certain chronic medications, you may need to wait before donating."
Can I still donate if I am under medical treatment?,It depends on the condition and treatment. It’s best to consult with the medical staff at the donation site.
Will my overall health affect my ability to donate?,Yes. You must be in good health and meet all eligibility requirements.
Can I donate if I have a mild cold?,No. You should wait at least 28 days after recovering from a cold before donating.
"If I have seasonal allergies, am I still eligible?","Yes, as long as you are not experiencing severe symptoms like fever or breathing difficulties."
Would having asthma prevent me from donating?,"If your asthma is well-controlled and you haven't had an attack in the last two months, you can donate."
Is my diet an important factor in blood donation?,Yes. Eating iron-rich foods and avoiding fatty meals before donation can help ensure a successful donation.
Can I give blood if I frequently take pain relievers?,"If you are taking occasional pain relievers (like paracetamol or ibuprofen), you can still donate."
Does my cholesterol level impact my eligibility?,"No, but if you are taking cholesterol-lowering medication, you should inform the medical staff."
"If I have high blood pressure, can I still donate?","Yes, if your BP is between 90/60 mmHg and 140/100 mmHg on the day of donation."
Will my fitness level determine whether I can donate?,"No, but regular physical activity contributes to overall health and better donation experiences."
"If I don’t exercise regularly, can I still give blood?","Yes! Exercise is not required, but maintaining a healthy lifestyle is beneficial for donation."
Am I able to donate blood?,"To donate blood, you must meet certain criteria, such as being between 18 to 59 years old, weighing at least 110lbs, and having normal blood pressure. If you meet these requirements, you may be eligible to donate. Would you like to check if you meet all the eligibility criteria now?"
Would I qualify as a blood donor?,"If you are 16-65 years old, weigh at least 110 lbs (50 kg), and are in good health, you qualify. Would you like to check your eligibility now?"
Can I legally give blood?,"In most cases, blood donation is permitted for individuals between the ages of 18 and 59, with a few exceptions. You must also meet other health criteria. Want to check if you meet all the legal and health requirements for donating now?"
Am I physically capable of donating?,"If you are in good physical health and meet the requirements such as weight, age, and blood pressure, you are likely physically capable of donating. Would you like to check your eligibility now to confirm?"
Do I meet the necessary health conditions to donate?,"The necessary health conditions include having normal blood pressure, no active diseases like diabetes or cardiovascular diseases, and a few other criteria. If you'd like, we can quickly check your eligibility now. Shall we?"
Would I be eligible to contribute to a blood bank?,"Eligibility for donating blood to a blood bank depends on a few health conditions and physical criteria. If you meet the standards, you’re eligible to donate. Would you like to check your eligibility right now?"
How do I determine if I can donate?,"You can determine your eligibility by reviewing requirements like age, weight, blood pressure, and health history. If you're ready, we can check your eligibility now. Want to proceed?"
Could I be a potential blood donor?,"Yes, if you meet all eligibility criteria, you are eligible to donate and contribute to a blood bank."
Do I satisfy the donation requirements?,"The blood donation requirements include age, weight, blood pressure, and medical history. If you fulfill these, you meet the requirements. Would you like to check your eligibility right now?"
How do I know if I am a good candidate for donation?,"A good candidate for blood donation is someone who meets the health and physical criteria, such as age, weight, and overall health. Would you like to check your eligibility right now?"
"Are walk-ins allowed, or do I need an appointment?","Some blood donation centers may accept walk-ins, while others require appointments. It’s best to check with the center beforehand.Would you like to know more about how to book your appointment?"
What should I prepare before visiting a donation site?,"Prepare by getting enough rest, eating a light meal (avoiding fatty foods), avoiding alcohol and medications 24 hours before, and drinking plenty of fluids. Ready to check your eligibility for donation? Let’s see if you're good to go!"
"If I recently had a minor procedure, can I still donate?","If your procedure was minor and didn’t affect your health significantly, you may still be eligible. However, it’s essential to wait until you're fully recovered."
Are there specific centers where I need to register before donating?,"You can donate blood at various centers, but some may require you to register ahead of time. Would you like assistance finding a blood donation center near you?"
Does my body weight impact whether I can donate?,"Yes, your body weight must be at least 110lbs (50kg) to qualify for blood donation. Would you like to check your eligibility now, including weight?"
Can I donate blood if I just finished working out?,"It’s recommended that you rest after intense exercise before donating blood, as your body needs time to recover. Would you like to check your eligibility now to see if you're ready?"
Will my insurance status affect my ability to donate?,Your insurance status does not affect your eligibility to donate blood. Blood donation is voluntary.
Do I need to fast before donating?,"No, fasting is not required before donating blood. However, it's essential to have a light meal and stay hydrated. Ready to check your eligibility for blood donation?"
Can I donate blood at any donation center?,"Yes, you can donate blood at any certified blood donation center or mobile blood drive."
Will I be accepted if I attend a community blood drive?,"Yes, community blood drives typically accept donations, but the eligibility criteria still apply. Would you like to check your eligibility now to ensure you're good to donate?"
Are there any restrictions on how often I can donate?,"Yes, there are restrictions on how often you can donate blood to ensure your health and safety. Generally, you can donate whole blood once every 3 months (about every 3 months)."
Can I give blood multiple times within a short period?,"No, you must wait for the appropriate recovery time between donations. For whole blood, you can donate once every 3 months."
How often can I donate without harming my health?,"To avoid harming your health, donation frequency is regulated. For whole blood, the recommended interval is once every 3 months."
Is there a waiting period before I can donate again?,"Yes, there is a waiting period before you can donate again. For whole blood, it’s every 3 months."
How frequently am I allowed to give blood?,"You are allowed to donate blood every 3 months, depending on your health and the donation center’s guidelines."
Can I donate blood more than once in a year?,"Yes, you can donate blood once every 3 months, which means you can donate up to 4 times a year."
Can I confirm in advance whether I meet the donation criteria?,"Yes, you can confirm your eligibility in advance by checking the general health and physical criteria such as weight, age, and medical conditions. Would you like to check your eligibility now to confirm?"
Will my donation be denied if I have certain conditions?,"Yes, some medical conditions may disqualify you from donating, such as cardiovascular diseases, diabetes, or active infections. Would you like to check your eligibility based on your health conditions now?"
Does having no health issues automatically make me eligible?,"While having no health issues is important, there are other factors such as age, weight, and blood pressure that must be considered. Would you like to check all your eligibility requirements now?"
Is there a way to assess my eligibility in advance?,"Yes, you can assess your eligibility by reviewing the blood donation criteria related to age, weight, health, and medical history. Would you like to check your eligibility for donation now?"
Is there a minimum or maximum age for donation?,"Yes, the minimum age for blood donation is typically 18, and the maximum age is 59, although those between 60 and 65 can donate if they’ve donated regularly. Would you like to check if you're within the age range to donate?"
Am I permitted to donate blood today?,"Your eligibility depends on your age, weight, blood pressure, and health status. If you're 16-65 years old, weigh at least 50kg, and meet the medical requirements, you may be eligible. Would you like to check your eligibility now?"
Can I donate even if I have never done so before?,"Yes, you can donate blood for the first time as long as you meet the necessary requirements."
"If this is my first time, am I still allowed to donate?","As a first-time donor, you can donate if you meet the health and age requirements."
Is there a mandatory health check before blood donation?,"Yes, there is a mandatory health check, including temperature, blood pressure, and hemoglobin tests."
Will I need to be examined before donating?,"Yes, a quick health screening will be done by a physician before donation."
Do I have to take a test to be approved as a donor?,"Yes, you will undergo tests such as hemoglobin, blood type, and overall health checks."
Will I go through a medical screening before donating?,"Yes, a full health screening is conducted before any blood donation."
Is it safe for me to donate after undergoing minor surgery?,"If you've had a minor surgery, you should wait at least one year before donating blood to ensure proper healing."
"If I recently used antibiotics, can I donate?","If you’ve recently used antibiotics, you may need to wait until your treatment is completed and you’re fully recovered. Generally, a waiting period of at least one month after finishing antibiotics is recommended."
Am I eligible if I take daily vitamins?,"Taking daily vitamins doesn’t disqualify you from donating blood. However, ensure that you are in good health and meet the other eligibility requirements. Would you like to check if you're eligible for donation now?"
Can I still donate if I am not on any medications?,"If you are not on any medications and are generally healthy, you may be eligible to donate blood. Would you like to check your eligibility now?"
Is a doctor's clearance necessary for blood donation?,"In most cases, a doctor's clearance is not needed unless you have specific medical concerns or conditions. The blood donation center will assess your eligibility."
Do I have to provide my medical records to donate?,"You don’t need to provide full medical records, but you will be asked about your medical history during the screening process. Would you like to check if your medical history qualifies you for donation?"
Is my blood pressure a factor in donation eligibility?,Yes. Your blood pressure should be between 90/60 mmHg and 140/100 mmHg to donate safely. A medical staff will check your BP before donation.
Am I allowed to donate if I just got over the flu?,"After recovering from the flu, you need to wait until you're completely well and symptom-free. It’s typically recommended to wait at least 28 days after recovery."
Can I still donate after recovering from an illness?,"After recovering from an illness, as long as you are feeling well and have been symptom-free for a sufficient amount of time, you may be eligible to donate."
Will minor sicknesses impact my eligibility?,"Minor sicknesses, such as a common cold, will usually delay your eligibility until you’ve fully recovered."
Will I be turned away if I have allergies?,"Having allergies generally doesn’t disqualify you from donating, unless they are severe or linked to a specific medical condition. Would you like to check your eligibility based on your health condition?"
Could I be disqualified from donating?,"You could be disqualified if you don’t meet the health, age, or weight requirements, or if you have certain medical conditions. Would you like to check if you're eligible to donate blood today?"
Do I need to be in excellent health to give blood?,"You should be in good health on the day of donation. If you have an active illness, you may need to wait until you fully recover before donating."
Is having no known illness enough to qualify for donation?,"Not necessarily. While being free from illness is important, you must also meet age, weight, and blood pressure requirements. A medical staff will confirm your eligibility before donation."
"If I’m feeling well, does that mean I can donate?","Feeling well is a good sign, but you also need to pass the eligibility screening. If you’ve had a recent illness, medication, or surgery, you may need to wait."
Can I donate if I feel perfectly fine?,"If you feel well and meet all age, weight, and health requirements, you should be eligible. A quick medical screening will confirm your eligibility."
How can I determine if I am eligible to donate?,"You are eligible if you: Are 16-65 years old, Weigh at least 50kg, Have a normal blood pressure (90/60 - 140/100 mmHg), Have no major medical conditions. Have no major medical conditions"
Would I be accepted as a blood donor?,"If you meet the age, weight, and health requirements, you are likely eligible. A medical staff will evaluate your condition before donation."
Am I fit to become a donor?,"If you are in good health, meet the weight and blood pressure requirements, and have no major medical conditions, you should be fit to donate."
Do I fulfill the requirements for blood donation?,"The main requirements are: Age: 16-65 years old, Weight: At least 50kg, BP: Between 90/60 - 140/100 mmHg, and Good health with no major illnesses."
Do I have permission to donate?,"If you are 16-17 years old, you need parental consent to donate. Otherwise, eligibility depends on your health status. Would you like to check if you're eligible to donate now?"
Will I be eligible to donate blood?,"You may be eligible if you meet the age, weight, and medical requirements. A health screening will confirm this."
Am I in good condition to donate blood?,"If you feel well and do not have any major illnesses, you may be in good condition to donate."
Can I become a blood donor?,"If you meet all eligibility criteria, you can donate blood. Would you like to check your eligibility now?"
Is it possible for me to give blood?,"If you are in good health and pass the medical screening, you can donate. Would you like to check if you're eligible to donate now?"
Am I qualified to donate blood?,"You are qualified if you: Are 16-65 years old, Weigh at least 50kg, Have a normal blood pressure, and Do not have major medical conditions. Would you like to check if you're eligible to donate?"
Am I eligible to donate?,"If you meet the age, weight, blood pressure, and health requirements, you should be eligible. Would you like to check if you're eligible to donate now?"
Can I donate blood?,"If you are healthy and pass the screening, you can donate blood. Would you like to check if you're eligible to donate?"
Can I be a blood donor?,"If you are in good health and meet all the criteria, you can be a donor. Would you like to check if you're eligible to donate now?"
Am I fit to donate blood?,"Being fit to donate blood means meeting the age, weight, blood pressure, and medical history requirements. If you’re in good health, you may be fit to donate. Would you like to check your eligibility now to see if you qualify?"
Will I be allowed to donate?,"If you meet the eligibility requirements, you will be allowed to donate blood. These include age, weight, and overall health factors. Would you like to check if you're ready to donate?"
Am I permitted to give blood?,You will be permitted to give blood if you meet the criteria set by the donation center. This includes health status and meeting minimum weight and age requirements. Would you like to check your eligibility now?
Do I meet the criteria for blood donation?,"The criteria for blood donation include being within the right age range, meeting weight and health requirements, and being free from certain medical conditions. Would you like to check if you meet all the criteria now?"
Am I qualified to be a blood donor?,"To qualify as a blood donor, you must meet certain health standards, including having normal blood pressure and being in good general health. Want to check your eligibility now and see if you qualify?"
Can I donate if I feel healthy?,"Feeling healthy is essential, but you also need to meet the physical and health requirements set for blood donation. Would you like to check if you qualify to donate blood today?"
Am I eligible to give blood today?,"Eligibility to donate blood depends on your health and medical history. If you meet the criteria, you may be eligible today. Would you like to check if you're eligible to donate now?"
Can I donate if I haven’t donated before?,"Yes, first-time donors can donate blood as long as they meet the health and age requirements. Would you like to check if you're eligible to donate as a first-time donor?"
Am I allowed to donate at my age?,"If you're between 18 and 59 years old (or 16-17 with parental consent), you are allowed to donate. Would you like to check if you're eligible to donate based on your age?"
Can I be a donor if I had an illness recently?,"If you've recently had an illness, you may need to wait until you're fully recovered before donating blood."
Would I be considered for blood donation?,"If you meet the necessary health and physical requirements, such as age, weight, and blood pressure, you would be considered for blood donation. Would you like to check if you meet the eligibility requirements to donate now?"
Do I have to be in perfect health to donate?,"You don't have to be in perfect health, but you must be free from certain diseases and meet the other donation criteria. Would you like to check your eligibility now to see if you qualify?"
Is there a checklist to know if I can donate?,"Yes, a checklist for blood donation includes age, weight, blood pressure, health conditions, and medical history. Would you like to check your eligibility now with our checklist?"
Can I donate if I don’t have any diseases?,"If you don't have any active diseases and meet the basic health requirements, you should be eligible to donate. Want to check your eligibility now to confirm?"
Do I have to pass a test before donating?,"Yes, there is a screening process that includes reviewing your health history and a brief health check-up before donating. Would you like to check your eligibility now and see if you're good to go?"
Will I be screened before donating?,"Yes, you will be screened for any health conditions and undergo a brief physical examination to ensure you're eligible to donate. Would you like to check your eligibility now to see if you qualify?"
Is there a self-assessment for eligibility?,"Yes, you can assess your eligibility by reviewing criteria like age, weight, health status, and certain medical conditions. Would you like to check your eligibility now with our self-assessment?"
Can I donate if I have never donated before?,"Yes, first-time donors can donate as long as they meet the necessary health and physical requirements. Would you like to check your eligibility now to ensure you're qualified?"
What conditions make me eligible to donate?,"You need to be within the age range (18-59), meet the weight and blood pressure criteria, and be free from certain medical conditions. Would you like to check if you meet all the eligibility conditions now?"
Do I need a doctor’s approval to donate?,"In most cases, no doctor’s approval is needed unless you have a specific medical condition that requires confirmation. Would you like to check your eligibility now?"
Will I be accepted as a donor at a blood drive?,"If you meet the eligibility criteria, you will be accepted as a donor at most blood drives. Would you like to check if you're eligible to donate blood?"
Can I donate if I don’t take any medication?,"If you are not on medication or your medication doesn’t interfere with blood donation, you can donate. Would you like to check your eligibility now to see if you're good to donate?"
How do I check if I qualify for donation?,"You can check by reviewing the eligibility criteria such as age, weight, blood pressure, and medical history. Would you like to check your eligibility now?"
Am I automatically eligible if I feel fine?,"Feeling fine is important, but you must also meet the health and physical criteria to donate. Would you like to check your eligibility now to confirm?"
Will I be turned away from donating?,"If you don’t meet the criteria or have certain health conditions, you may be turned away. Would you like to check your eligibility now and avoid any surprises?"
Can I donate at any blood center?,"You can donate at most blood centers, but some may have specific requirements or need appointments. Would you like to check your eligibility?"
Can I donate if I just exercised?,It’s best to wait a little while after intense exercise before donating to ensure you're in the best condition to donate. Would you like to check your eligibility now to confirm you're ready to donate?
Do I have to be fasting before donating?,"No, fasting is not necessary before donating blood. However, eating a light meal and staying hydrated is recommended. Ready to check your eligibility now to see if you're good to go?"
Can I donate if I have good blood pressure?,"Yes, having good blood pressure is an important part of being eligible to donate blood. Would you like to check your eligibility now and make sure you meet all the criteria?"
Does my BMI affect my ability to donate?,"Your BMI should fall within a healthy range, but as long as you meet other requirements, you can still donate. Would you like to check if you meet the eligibility criteria now?"
Do I need to show proof of eligibility?,"Typically, you won’t need to show proof but will go through a screening process to confirm your eligibility. Would you like to check your eligibility now?"
How do I know if I’m a suitable donor?,"To determine if you're a suitable blood donor, you must meet the health criteria such as weight, age, blood pressure, and medical history. Would you like to check if you meet the eligibility criteria now?"
Can I give blood more than once a year?,"Yes, you can donate blood multiple times a year, but there must be a 3-month interval between donations. Would you like to check if you are eligible to donate again?"
Can I donate if I am underweight?,"To donate blood, you need to weigh at least 110lbs (50kg). If you're underweight, you may not be eligible. Would you like to check your eligibility based on your current weight?"
Can I donate if I just recovered from the flu?,"If you’ve just recovered from the flu, you may need to wait a little longer until you're fully healthy."
Can I donate blood if I take vitamins?,"Taking vitamins does not disqualify you from donating blood. However, it’s best to check if your health is otherwise in good condition."
What are the chances of me being eligible?,"Your eligibility depends on meeting specific criteria, like your age, weight, and health status. Want to check your eligibility now to get an accurate answer?"
How do I confirm my eligibility in advance?,You can confirm your eligibility by reviewing the blood donation requirements or by consulting a donation center. Would you like to check your eligibility now to be sure?
Will my donation be refused if I have allergies?,"If you have seasonal or mild allergies, you may still be eligible. However, if you have serious allergic reactions, it might affect your eligibility. Would you like to check your eligibility if you have allergies?"
Do I have to provide a medical history?,"Yes, providing your medical history is necessary to ensure your health and safety during the donation. Would you like to check your eligibility now, including your medical history?"
Will a minor illness affect my eligibility?,"A minor illness may not affect your eligibility, but you should be fully recovered before donating."
Am I eligible if I have a low iron level?,"If you have low iron levels, you may not be eligible to donate blood until your levels are within the required range."
Can I still donate if I eat a lot of junk food?,A poor diet may affect your health and eligibility. It's better to have a balanced diet before donating blood. Want to check your eligibility now?
Does my exercise routine affect my eligibility?,"Exercise can be beneficial for your health, but intense exercise may affect your ability to donate."
Can I donate if I don’t have insurance?,"Yes, you do not need insurance to donate blood. It’s a voluntary donation. Would you like to check your eligibility now?"
Can I donate if I’ve had minor surgery?,"If you've had minor surgery, you may need to wait until you fully recover."
Do I need to be tested before donating?,"You will undergo some basic tests at the donation center, such as blood pressure, hemoglobin, and possibly a health history assessment. Would you like to check your eligibility now to know if you're ready for the tests?"
Can I donate if I had antibiotics recently?,"If you've recently taken antibiotics, it depends on the type of medication and your health status."
How can I prepare myself before donating blood?,"Preparing involves getting enough rest, eating a light meal, and staying hydrated. Ready to check if you're eligible to donate blood today?"
Is it necessary to avoid food before giving blood?,"It's not necessary to fast, but it's important to avoid heavy or fatty foods before donating. Would you like to check your eligibility now?"
What should I eat in preparation for blood donation?,"You should eat light meals with iron-rich foods such as fruits, vegetables, and lean proteins before donating. Would you like to check your eligibility now to make sure you're ready to donate?"
Are there any substances I should avoid before donating?,"You should avoid alcohol, fatty foods, and caffeinated beverages at least 24 hours before donating blood. It’s also best to avoid any medications that may interfere with your donation."
Does drinking coffee impact my ability to donate?,"Drinking coffee in moderation shouldn’t affect your ability to donate, but it’s best to avoid caffeinated drinks in excess before donating."
Should I drink water before my donation?,"Yes, drinking water before donating blood is highly recommended. It helps to keep you hydrated and makes the donation process smoother."
"If I feel weak, can I still donate?","If you're feeling weak or unwell, it’s important to rest and wait until you're feeling better before donating blood. You must be in good health for a successful donation."
Should I have a meal before my donation session?,"Yes, you should have a light meal before donating blood, but avoid fatty foods. Eating helps prevent dizziness and maintains your energy levels during the donation process."
Is there anything special I need to do before donating?,"Before donating, ensure you get enough rest, eat a light meal, and drink plenty of water. Avoid alcohol and certain medications for 24 hours before your donation."
What type of clothing is best for blood donation?,Wear comfortable clothing with sleeves that can be easily rolled up to allow easy access to your arm for blood donation.
What is the standard procedure for donating blood?,"The standard procedure involves registering, answering health-related questions, having your blood pressure and hemoglobin checked, and finally, donating the blood."
What should I expect when donating blood?,"You will be asked to fill out a health questionnaire, have a small physical exam, and then the donation process will take place. Expect to rest for a few minutes afterward."
Do I have to book an appointment to donate?,"It depends on the center. Some centers accept walk-ins, while others may require an appointment. Would you like to check your eligibility for donation now and book an appointment?"
Can I visit a donation site without prior notice?,"Some centers accept walk-ins, but it’s always best to check their policies beforehand. Would you like to check your eligibility for donation now and book an appointment?"
Are first-time donors subject to different rules?,First-time donors may be asked more questions and will undergo a health screening to ensure they are fit to donate. Ready to check your eligibility as a first-time donor?
How much time does the donation process usually take?,"The entire process typically takes about 30 minutes, including registration, health screening, and the actual donation. Would you like to check if you qualify for blood donation now?"
What happens right before the blood is drawn?,"Before the blood is drawn, you’ll be asked to relax while a professional prepares the donation site, cleans the area, and ensures your comfort."
Are there safety measures in place for donors?,"Yes, blood donation centers follow strict hygiene protocols, using sterile equipment and ensuring a safe, comfortable experience for donors."
What personal items should I bring when donating?,You should bring identification and possibly your donor card if you have one. Some centers may require additional documents.
Will I need a health check-up before donating?,"Yes, before donating, you’ll undergo a brief health check, including questions about your medical history and a physical exam to ensure you’re fit to donate. Would you like to check if you’re eligible for donation now?"
What kind of medical screening happens before a donation?,"The medical screening includes a brief physical exam, blood pressure check, hemoglobin test, and questions about your medical history."
What evaluations are done before I can donate?,"Before donating, evaluations such as blood pressure, hemoglobin level, and a health questionnaire are conducted to ensure you're fit to donate. Would you like to check if you're eligible to donate now?"
Will I have to undergo a physical exam to donate?,"Yes, a brief physical exam is part of the screening process before donating blood. Would you like to check if you meet the eligibility criteria now?"
"If I recently visited a doctor, can I still donate?","If you’ve recently seen a doctor, it depends on the reason for your visit. If it was for a minor issue, you may still be eligible, but you should disclose this during your screening. Would you like to check your eligibility to donate?"
Do I need my doctor’s approval to give blood?,"Usually, you don’t need your doctor’s approval unless you have a medical condition that requires it."
Can I give blood without passing a medical test?,"You must pass the medical screening process to donate blood, including tests for hemoglobin and blood pressure."
What happens if I don’t meet all the medical criteria?,"If you don’t meet the medical criteria, you will be temporarily deferred from donating, but you can donate at a later time once you’re eligible. Would you like to check your eligibility now to see if you qualify?"
What blood types are accepted for donation?,All blood types are accepted for donation. The Red Cross and blood banks often need all types of blood. Want to check your eligibility for donation now?
What documents must I bring when donating blood?,"You should bring a government-issued ID and, if applicable, a donor card. Some centers may require additional documentation."
Is pre-registration required to give blood?,"Pre-registration may be required for certain donation centers or events, especially during blood drives. Would you like to check your eligibility now and register for donation?"
How can I enroll as a blood donor?,"You can enroll as a blood donor by visiting a donation center or registering online. Some centers may require an appointment, while others accept walk-ins. Would you like to set an appointment?"
"If I am under 18, do I need a guardian’s permission to donate?","Yes, donors aged 16 to 17 need parental or guardian consent before donating blood."
Is everyone automatically eligible to donate?,"No, eligibility depends on factors such as age, weight, health status, and medical history. Would you like to check your eligibility now?"
What should a new donor be aware of before giving blood?,"New donors should be aware of basic requirements, including age, weight, and health conditions, as well as how to prepare for the process. Would you like a step-by-step guide on what to expect?"
What qualifications must a person have to donate blood?,"A donor must be between 18-59 years old, weigh at least 110lbs (50kg), and be in good health with no major medical conditions. Would you like to check if you meet all these requirements?"
What are the basic conditions for being a blood donor?,"Basic conditions include normal blood pressure, a healthy hemoglobin level, and no recent illnesses or surgeries. Would you like to check if you qualify?"
Are there any official guidelines for blood donation?,"Yes, official guidelines include specific age, weight, and health requirements to ensure donor and recipient safety."
What factors determine blood donation eligibility?,"Eligibility is determined by age, weight, general health, and medical history. Would you like to check your eligibility now?"
Are there any limitations on who can give blood?,"Yes, individuals with certain medical conditions, recent surgeries, or risk factors may be temporarily or permanently deferred. Would you like to check if any of these apply to you?"
Do blood donation criteria vary by gender?,"Generally, eligibility criteria are the same for both men and women, though pregnancy and menstruation can temporarily defer donation. Would you like to check if you meet the criteria?"
What is the minimum health condition required to donate?,"You must be in good health, free from infections, and have normal blood pressure, pulse rate, and hemoglobin levels. Would you like to check if you’re fit to donate?"
What are the most crucial health factors for blood donors?,"Key health factors include blood pressure, hemoglobin level, and absence of chronic illnesses. Would you like to check if you meet these conditions?"
Are there specific age restrictions for donors?,"Yes, donors should be between 18-59 years old (or up to 65 if a regular donor). Those aged 16-17 need parental consent."
Who is permitted to donate blood?,"Anyone who meets the health, age, and weight requirements and has no disqualifying medical conditions can donate. Would you like to verify your eligibility now?"
How should I prepare for my blood donation?,"Before donating, get plenty of rest, eat a balanced meal, and drink water to stay hydrated."
Is fasting required before giving blood?,"No, fasting is not required. In fact, eating a healthy meal before donation is recommended."
What foods should I eat before donating?,"Eat iron-rich foods like leafy greens, lean meats, and beans, and stay hydrated."
Are there things I should avoid before donation?,"Avoid alcohol, fatty foods, and heavy meals before donating."
Will drinking coffee affect my ability to donate?,"Drinking moderate amounts of coffee is fine, but excessive caffeine can cause dehydration."
Is it important to stay hydrated before donating?,"Yes, drinking plenty of water before donation helps prevent dizziness and improves blood flow."
Can I donate if I’m feeling fatigued?,"If you are feeling fatigued, it’s best to rest and wait until you feel better before donating."
Should I eat before arriving at the donation center?,"Yes, eating a light meal before donating helps maintain your blood sugar levels and prevents dizziness."
Is prior preparation needed before donating?,"Yes, ensuring proper rest, hydration, and a healthy diet before donation is important."
What type of clothing is recommended for donation?,Wear comfortable clothing with sleeves that can be rolled up easily for the donation process.
How does the blood donation process work?,"The process includes registration, a quick health check, blood extraction, and a short rest afterward. It typically takes about 30 minutes."
What steps are involved in donating blood?,"The steps include filling out a form, a health check, blood collection (which takes around 10 minutes), and post-donation care."
Do I need to schedule an appointment before donating?,"Some donation centers accept walk-ins, while others require appointments. It’s best to check in advance. Would you like assistance in booking an appointment?"
Is it necessary to reserve a time slot for donation?,"It’s recommended to reserve a time slot for donation, especially at busy donation centers, to ensure smooth operations. Would you like to reserve your appointment now?"
Can I visit a donation center without prior booking?,"While some donation centers accept walk-ins, it's often best to book ahead to ensure availability. Would you like to schedule your appointment now?"
Is blood donation open to first-time donors?,"Yes, first-time donors are welcome! However, they need to meet all the eligibility criteria before donating. Would you like to check your eligibility and book an appointment to donate?"
How long does the entire donation process take?,"The whole blood donation process, from registration to recovery, typically takes about 30 minutes to 1 hour."
What are the procedures before blood collection?,"Before blood collection, you’ll be asked to complete a registration form, undergo a brief health check, and provide some basic health information."
Are there any safety protocols for donors?,"Yes, strict safety protocols are followed, including using sterile equipment and ensuring the donor's health is evaluated before donation."
What items should I bring when donating blood?,You should bring a valid ID and be prepared to fill out a donor registration form. It’s also helpful to wear clothing with sleeves that can be rolled up.
Will I undergo a health check before donating blood?,"Yes, a brief health check will be done to ensure that you are fit to donate, including checking your temperature, blood pressure, and hemoglobin level."
What medical evaluations are done before donation?,"Before donation, a basic health evaluation will be done, including a check of your blood pressure, temperature, and hemoglobin levels."
What screenings are performed at blood donation centers?,"Blood donation centers typically screen for things like blood pressure, hemoglobin levels, and medical history to ensure the donor is in good health."
Are lab tests required before donating blood?,"Generally, lab tests are not required unless there’s a need for further evaluation based on your health assessment."
Do I need a physical examination before donating?,"A brief physical exam, such as checking your blood pressure and pulse rate, will be done before donation to assess your fitness."
Can I still donate if I recently visited a doctor?,"If your visit to the doctor was for a routine check-up and you feel healthy, you may still be eligible to donate."
Is a doctor’s clearance necessary for blood donation?,"Doctor’s clearance is only required if you’ve recently had surgery, are on certain medications, or have specific medical concerns."
Can I donate blood without undergoing medical tests?,You won’t need extensive medical tests unless there’s a concern regarding your health. A brief evaluation will be done at the center.
What happens if I don’t meet all the eligibility criteria?,"If you don’t meet the eligibility criteria, you will be kindly informed and may be temporarily deferred or advised to return after some time."
What types of blood donations are accepted?,"Whole blood donation is the most common, but some centers also accept plasma or platelet donations."
What should I prepare before donating blood?,"Make sure you get plenty of rest, eat a light meal, and stay hydrated before your donation."
What paperwork is required for blood donation?,You will need to fill out a donor registration form and provide valid identification before donating.
Is it necessary to register in advance to donate?,"Registration may be required for certain centers, especially if you want to book a time slot. Would you like to register and book your appointment now?"
How can I sign up to become a donor?,"You can sign up by visiting a donation center, completing the registration form, and meeting the eligibility requirements. Would you like to schedule your first donation appointment now?"
Can I donate if I don’t have proper identification?,You will need valid identification to donate. It’s an essential part of the registration process.
Will I need to fill out forms before donating?,"Yes, you will need to fill out a donor registration form before your donation to ensure all your health information is recorded."
Do minors need parental permission to donate blood?,"Yes, minors (under 18) need parental consent to donate blood."
"Can everyone donate blood, or are there exceptions?","While most people can donate, there are some exceptions, including individuals with certain medical conditions or those who don’t meet the age/weight criteria. Would you like to check your eligibility now?"
What should first-time donors know before donating?,"First-time donors should know that the process is safe, and they should prepare by getting plenty of rest, eating a light meal, and staying hydrated. Would you like to check your eligibility and book an appointment now?"
What are the necessary qualifications to donate blood?,"The qualifications include being in good health, being of appropriate age and weight, and meeting medical criteria."
What criteria must be met for blood donation?,"Eligibility criteria include age (18-59 years), weight (at least 110lbs), blood pressure, and certain health conditions."
Are there specific rules for becoming a donor?,"Yes, there are specific rules related to health, age, and medical history that must be met to become a donor. Would you like to check your eligibility?"
What conditions determine if someone can give blood?,"Eligibility is determined by factors such as age, weight, blood pressure, health history, and whether the individual has any contraindicated medical conditions. Would you like to check your eligibility now?"
Are there any restrictions on who can donate?,"Yes, certain medical conditions like diabetes, heart disease, or recent surgeries may prevent someone from donating."
Do men and women have different donation requirements?,Men and women generally have the same donation requirements. Would you like to check your eligibility now?
What is the minimum health standard for donation?,"The minimum health standard includes normal blood pressure, weight, and no serious medical conditions."
What are the key factors that affect blood donor eligibility?,"Key factors include age, weight, blood pressure, medical conditions, and whether you’ve had recent surgeries or certain illnesses. Want to check your eligibility now?"
Are there age limits for donating blood?,"Yes, donors typically need to be between 18 and 59 years old, with exceptions for regular donors up to age 65."
Who is eligible to give blood?,"Eligible blood donors are those who meet the required health criteria, including age, weight, and medical conditions. Would you like to check your eligibility now?"
What do I need to donate blood?,"You will need to bring identification, be in good health, and meet the physical requirements such as weight and blood pressure. Would you like to check your eligibility now?"
What are the qualifications for blood donation?,"The qualifications include being in good health, meeting the age and weight requirements, and having normal blood pressure. Want to check if you're qualified to donate?"
What makes someone eligible to donate?,"To be eligible, you must meet health and physical criteria like age, weight, blood pressure, and the absence of certain medical conditions. Would you like to check if you're eligible to donate?"
Are there rules for blood donation?,"Yes, there are specific rules including age, weight, and health conditions. Additionally, there are guidelines regarding how often you can donate."
What documents do I need to donate?,You will need to provide a valid ID to confirm your identity and age.
What is the process to donate blood?,"The process includes registration, a health screening, blood type testing, and the actual donation, followed by a rest period."
Do I need an appointment to donate?,"Some donation centers require appointments, while others accept walk-ins. It's always best to check with the specific center. Would you like to book an appointment now to donate?"
Can anyone donate blood?,"Not everyone can donate blood. You need to meet the eligibility criteria regarding health, age, and weight. Want to check your eligibility now to see if you can donate?"
Do I need to register before donating?,"Yes, you will need to fill out a registration form before donating. This helps ensure that all donors meet the necessary health standards."
What does the donation process involve?,"The donation process involves registration, a health screening, blood type testing, the donation itself, and then a rest period with fluids."
Is there a health screening before donation?,"Yes, a health screening is required to ensure that you are fit for donation and that your blood is safe for use."
Can I donate if I don’t have an ID?,"A valid ID is required to confirm your identity and eligibility. Without it, you may not be able to donate."
Do I need a medical check-up before donating?,"A medical check-up is not required, but a brief health screening is performed at the donation center."
What do blood banks check before donation?,"Blood banks check your medical history, blood pressure, weight, and hemoglobin levels to ensure you are eligible."
Are there any restrictions for donors?,"Yes, certain conditions like recent surgeries, high blood pressure, or chronic illnesses may restrict someone from donating."
Can first-time donors give blood?,"Yes, first-time donors can give blood if they meet the eligibility criteria such as age, weight, and health requirements."
What is checked before donation?,"Before donating, your blood pressure, hemoglobin levels, weight, and medical history are checked."
Are there medical tests before donating?,"Yes, medical tests such as checking your hemoglobin levels and blood pressure are done before donating."
Can I donate if I recently had a check-up?,"Yes, if your check-up was recent and showed no health concerns, you may still be eligible to donate."
Do I need to sign any forms to donate?,"Yes, you will need to sign a consent form to donate blood, ensuring that you understand the process and eligibility requirements."
Do I need to book a slot to donate?,"It’s recommended to book a slot, as some centers may have specific timings or require appointments. Would you like to book an appointment now?"
What should I do before donating blood?,"Before donating, ensure that you're well-rested, hydrated, and have eaten a light meal. Avoid alcohol and medications."
Do I have to fast before giving blood?,"No, fasting is not required before giving blood. However, it's best to avoid heavy or fatty meals and stay hydrated."
Can I walk in to donate or do I need an appointment?,"While some centers accept walk-ins, it’s often better to make an appointment to ensure you're accommodated. Would you like to make an appointment to donate blood?"
Are there lifestyle restrictions for donors?,"Yes, certain lifestyle factors, such as alcohol consumption, smoking, and illegal drug use, may affect your eligibility to donate."
What should I eat before blood donation?,"It’s best to have a healthy meal before donating, avoiding fatty foods. Foods like iron-rich vegetables, fruits, and proteins are ideal."
What questions will I be asked before donating?,"You’ll be asked about your medical history, medications, travel history, and lifestyle habits. This is to ensure it’s safe for you to donate."
Are there different requirements for men and women?,"The basic health requirements are generally the same, but women may have different hemoglobin requirements and pregnancy-related restrictions."
Do I need parental consent to donate?,"If you're 16 or 17 years old, you may need parental consent to donate blood."
What safety measures are in place for donors?,"All procedures are performed with sterile, disposable equipment. Donors are monitored throughout the process to ensure their safety."
What should I avoid before donating?,"Avoid alcohol, smoking, and heavy meals before donating. It’s also a good idea to avoid strenuous exercise."
Can I donate if I had caffeine today?,"Yes, caffeine does not prevent you from donating blood. However, excessive caffeine intake may make you feel dehydrated, so it’s good to stay hydrated."
Do I need to drink water before donating?,"Yes, it’s essential to stay hydrated before donating blood. Drinking water helps ensure the process goes smoothly."
What are the steps before donation?,"Before donation, you will undergo a health screening, a check of your blood pressure, temperature, and hemoglobin level, followed by the donation itself."
Can I donate if I’m feeling tired?,It’s best to be well-rested before donating blood. Feeling fatigued can affect your donation process and recovery.
What should I bring to my donation appointment?,"Bring a valid ID, any necessary medical information, and be ready to answer a few health-related questions. Would you like to book an appointment for your donation?"
Can I donate without any prior preparation?,"It’s best to prepare by eating a light meal, staying hydrated, and getting enough rest before donating."
What should I wear when donating blood?,Wear something with sleeves that can be easily rolled up to allow access to your arm for the blood donation.
Can I eat before my donation session?,"Yes, it’s important to have a light meal before donating, but avoid greasy or fatty foods."
How do I register as a donor?,You can register by filling out a donor registration form at a blood donation center or at a community blood drive. Ready to book your appointment?
What is the minimum health requirement to donate?,"To donate, you need to meet health criteria such as age, weight, blood pressure, and no underlying medical conditions like active illnesses."
Do I need a doctor’s certificate to donate?,"In most cases, a doctor’s certificate is not needed unless you have a specific medical condition."
What if I don’t meet all requirements?,"If you don’t meet all the requirements, you may be deferred from donating temporarily or permanently, depending on the issue. Would you like to check your eligibility now?"
How long does the process take?,"The entire donation process takes about 30 minutes, including registration, health screening, donation, and a short rest afterward."
Can I donate without medical clearance?,You’ll need medical clearance to donate if you have certain medical conditions or are on medication that may affect your eligibility.
What do I need to know before my first donation?,"Before donating, you should understand the eligibility criteria, preparation steps, and what to expect during and after donation."
Are there age-based requirements for blood donors?,"Yes, donors must typically be between 18 to 59 years old, but 16-17-year-olds may donate with parental consent."
What are the most important factors for eligibility?,"Age, weight, blood pressure, and overall health are the most important factors in determining eligibility."
What are the requirements to donate?,"To donate, you must meet basic health requirements, such as being within the right age range, having a healthy weight, and no disqualifying medical conditions."
Who can donate blood?,Healthy adults aged 18-59 who meet the basic health requirements can donate blood. Would you like to check your eligibility now?
Can 17-year-olds donate blood at all blood centers?,Some blood centers accept 17-year-olds with parental consent. It’s best to check with your local center for their specific rules.
Are university students eligible to donate?,"Yes, university students who meet the age and health requirements are eligible to donate blood, just like any other eligible adult. Would you like to check your eligibility for donation now?"
"If I turn 18 next month, can I donate early?","Generally, you must be 18 years old to donate. However, you can donate once you officially turn 18."
Are high school students permitted to give blood?,"High school students aged 16 to 17 may donate blood with parental consent, depending on local regulations."
Is written consent from parents required for 15-year-old donors?,"No, you can not donate if you are 15-year-old and below."
Can a 19-year-old donate without any special conditions?,"Yes, a 19-year-old can donate blood if they meet the standard age, weight, and health requirements. Would you like to check your eligibility as a 19-year-old donor?"
Do I automatically meet donation criteria if I’m 21?,"Being 21 years old meets the minimum age requirement for blood donation, but you must also meet health and weight criteria. Would you like to check your eligibility to donate?"
"If I’m turning 17 later this year, can I donate now?","You need to be 17 years old to donate. If you're turning 17 soon, you can donate after reaching that age but you'll still need parental consent."
Will I need proof of age to donate at 17?,"Yes, you will likely need proof of age when donating at 17, such as a government-issued ID or birth certificate. You will also need a parental consent."
Do I have to pass a medical screening before donating at 18?,"Yes, everyone must pass a medical screening before donating blood, regardless of age. Would you like to check your eligibility for blood donation now?"
Can my age affect how frequently I can donate blood?,"Yes, your age can affect how often you can donate. Younger donors may be eligible to donate more frequently, while older donors may need longer recovery times between donations."
Are there special donation rules for elderly donors?,"Elderly donors may have specific health checks and need to meet certain conditions before donating, such as having a physician’s approval."
Can older people donate as frequently as younger donors?,Older people generally donate less frequently than younger donors because recovery time may be longer.
Does being older mean I’ll take longer to recover from donating?,"Yes, older donors may take a bit longer to recover from blood donation, depending on their overall health."
Are donation frequency rules different for senior citizens?,"Yes, senior citizens may have a reduced frequency for donations due to age-related health considerations."
Why do blood donation centers require a minimum age?,Blood donation centers require a minimum age to ensure that the donor is physically mature enough to donate safely.
Do younger donors typically recover faster after donation?,"Yes, younger donors generally recover more quickly from blood donation than older donors."
What are the reasons why children can’t donate blood?,"Children are not eligible to donate blood because their bodies are still developing, and the donation could be harmful to their health."
"If I’m still growing, can I donate blood safely?",Blood donation is generally not recommended for individuals still in their growth phase. It’s essential that your body is fully developed.
Do teenagers undergo additional health checks before donating?,"Yes, teenagers often undergo additional health checks and general requirements check to ensure that they are physically capable of donating safely."
What is the most recommended age for blood donors?,"The most recommended age for blood donors is between 18 and 60 years old, as individuals in this range typically have the best health and recovery times."
Do I need to be a legal adult to donate?,"In most cases, you need to be a legal adult (18 years or older) to donate blood. Some exceptions apply for minors with parental consent."
Are first-time blood donors subject to different age rules?,"No, first-time donors must meet the same age requirements as regular donors. Would you like to check if you're eligible to donate as a first-time donor?"
When can I start donating blood regularly?,"You can start donating blood regularly once you are at least 18 years old, provided you meet all other health requirements."
Do younger and older donors have different regulations?,"Yes, younger and older donors may have different donation frequency rules, health checks, and eligibility requirements."
Are age-based requirements for blood donation different for each group?,"Yes, there are specific age-based requirements for each group, with different rules for minors, adults, and seniors."
How young is too young to donate blood?,"Generally, individuals under 16 are not eligible to donate blood due to health and developmental concerns."
"If I’m not old enough yet, can I sign up to donate later?","Yes, you can sign up to donate blood when you become eligible."
Do different countries set different blood donation age limits?,"Yes, different countries may have varying age limits for blood donation, with some allowing younger donors or requiring higher ages for senior citizens."
Is there an age limit for blood donors?,"Yes, most blood donation centers have an upper age limit, usually around 60 to 65 years old, depending on health conditions."
Am I still eligible to donate blood at 70?,"Blood donation is generally allowed up to 59 years old, with exceptions for regular donors up to 65 years. After 65, eligibility is assessed based on overall health and fitness."
What is the highest age a person can donate blood?,"The general age limit for blood donation is 59, but regular donors may be eligible to donate until 65. This is subject to medical evaluation."
Can older people still qualify for blood donation?,"Yes, older people may still qualify to donate blood, especially if they are in good health and meet the specific health criteria."
Will I be turned away if I’m 65 and want to donate?,"At 65, you may still be eligible to donate if you you are a regular donor and still healthy."
Is it safe for people over 65 to donate blood?,"It can be safe for people over 65 to donate blood, but health status is the key factor. If you're healthy and meet other criteria, donation is generally safe."
Can someone in their 80s donate blood?,People in their 80s are generally not eligible to donate blood unless they meet certain health conditions. An evaluation by a healthcare provider is needed.
Do blood banks impose donation restrictions based on age?,"Yes, age restrictions are in place, typically for donors over 65. Health and physical condition are the main factors when considering age-based restrictions."
At what age does blood donation stop being allowed?,"Blood donation generally stops being allowed at age 65, although some blood centers may allow regular donors to donate until age 70."
Is there a cutoff age for giving blood?,"Yes, the cutoff age for blood donation is usually 65, but health conditions and the frequency of donations can affect this limit."
Is 16 the right age to start donating blood?,"Yes, 16 is generally the minimum age for donating blood, with parental consent required for those under 18."
Can I give blood if I am 17 and don’t have my parent’s permission?,"At 17, you typically need your parent's permission to donate blood. If you don't have it, you may not be eligible to donate."
Am I old enough to be a donor at 16?,"Yes, 16-year-olds can donate blood with parental consent. Without it, you may not be eligible."
What is the youngest age a person can donate blood?,The youngest age for donating blood is typically 16 but needs parental consent. The youngest legal age for donating blood is 18.
Do blood banks allow teenagers to donate?,"Yes, blood banks allow teenagers, usually starting at 16, to donate with the consent of a parent or guardian."
Can individuals under 18 legally give blood?,Individuals under 18 can donate blood with parental consent.
Will I need my parent’s approval to donate if I’m underage?,"Yes, if you are under 18, you will need your parent's approval to donate blood."
How soon can someone become a blood donor?,"A person can become a blood donor once they reach the age of 16, with parental consent, or 18 without it."
Can a 13-year-old sign up to donate blood?,"Generally, individuals must be at least 16 years old to donate blood. A 13-year-old would not typically be eligible."
Would a 14-year-old be considered eligible for blood donation?,"A 14-year-old would generally not be eligible to donate blood, as the minimum age is typically 16."
Are 17-year-olds eligible to donate at blood banks?,"Yes, 17-year-olds are eligible to donate blood with parental consent."
Can university students participate in blood donation?,"Yes, university students who are over 18 and meet the other health requirements can donate blood."
"If I turn 18 soon, can I donate before my birthday?","No, you need to be 18 to donate blood. You can donate right after your birthday."
Are high school students allowed to give blood?,High school students who are 16 or 17 may donate with parental consent.
Is parental approval necessary for 15-year-old donors?,"No, a 15-year-old is not eligible to donate, but typically the minimum age is 16 to donate with parent consent."
Can a 19-year-old donate without restrictions?,"Yes, a 19-year-old can donate blood without any restrictions, provided they meet the health requirements. Would you like to check your eligibility now?"
Am I automatically eligible to donate at 21?,"Yes, a 21-year-old is automatically eligible to donate blood if they meet other health criteria, such as weight and blood pressure. Would you like to check your eligibility for donation now?"
Can I donate if I’m turning 17 later this year?,"You can donate once you turn 17, as long as you have parent consent and meet all other eligibility requirements."
Do I need identification to donate at 17?,"Yes, at 17, you will likely need to bring identification along with parental consent if required."
Can 18-year-olds donate without prior medical screening?,"An 18-year-old can donate blood, but medical screening is still required to ensure health eligibility."
Does my age affect how often I can donate?,"Yes, age can affect how often you can donate. For instance, older donors may have different limits on how often they can donate."
Are there special procedures for senior citizens donating blood?,"Senior citizens may require additional health assessments before donating blood, including a physical examination and health history review. Depending on their health, the eligibility criteria might be adjusted."
Can older adults give blood on a regular basis?,"Older adults, particularly those who are regular donors, can still donate blood regularly, provided they meet the health requirements and undergo necessary health checks."
Does age impact how quickly I recover after donating?,"Age can influence recovery time, with younger donors generally recovering quicker. Older donors may require more rest and hydration."
Are older donors limited in how frequently they can donate?,"While age may affect the frequency of donation, older donors who are in good health can donate regularly, although some restrictions may apply based on health."
Why do blood banks require a minimum age for donation?,The minimum age requirement ensures that the donor’s body is physically capable of handling the blood donation process and the recovery afterward.
Do younger donors heal faster after giving blood?,Younger donors tend to recover more quickly after donating blood due to higher overall energy and fewer health-related complications.
Why aren’t children allowed to donate blood?,Children are not eligible to donate blood because their bodies are still developing and they may not have the necessary physical capacity to handle the blood donation process.
Can I donate blood while still going through puberty?,"Since the body is still undergoing changes during puberty, it’s important to be fully physically developed before donating blood."
Do teenagers need a health check before donating?,"Yes, teenagers need a health check before donating, as some may have underlying health conditions that need to be assessed."
What is the best age range for blood donation?,"The best age range for blood donation is typically between 18 and 59 years old, though this can vary depending on individual health and other factors."
Do I need to be legally an adult to give blood?,"Yes, donors must be legally adults, typically 18 years old, unless they have parental consent and meet other health requirements."
Are there different age requirements for first-time donors?,"First-time donors still need to meet the minimum age requirement, typically 18, but they don’t need additional requirements beyond the standard health checks."
When can I become a frequent blood donor?,"Once you are an adult (18 or older) and meet the necessary health conditions, you can begin donating blood regularly, typically every 3 months."
Do younger donors have different eligibility rules?,"Yes, younger donors might have slightly different rules, especially if they are 16 or 17 and require parental consent."
Are blood donation rules different for various age groups?,"Yes, blood donation rules can vary depending on age, particularly for minors and older adults who may have additional health requirements or restrictions."
What is the minimum age required to donate?,"The minimum age required to donate blood is typically 18, but minors can donate with parental consent in some cases."
"If I’m underage, can I register to donate in the future?","Yes, if you're underage, you can register for donation once you reach the minimum age, typically 18, and fulfill all the health requirements."
Do age restrictions vary by country?,"Yes, age restrictions can vary by country, but most places have a minimum age of 18 for donation."
What is the oldest age at which I can donate blood?,"In most cases, individuals can donate blood up to age 60 or 65, depending on their health and the policies of the donation center."
Can I still give blood if I’m 70 years old?,No a 70-year-olds is not eligible to donate blood.
Is there a maximum age for blood donation?,"There is no universally fixed maximum age for donation, but most blood banks accept donations from individuals up to age 65."
Are elderly individuals allowed to donate blood?,"Elderly individuals may be able to donate blood as long as they meet the necessary health criteria, typically up to age 65."
Can a 65-year-old person still donate blood?,"Yes, individuals up to age 65 may still be able to donate blood if they are a regular donor and meet the health requirements."
Is it safe for older adults to donate blood?,It can be safe for older adults to donate blood if they meet all the health and age requirements. A medical evaluation is usually required.
Can an 80-year-old still be a blood donor?,"No, people who are 80-year-old are generally not eligible to donate blood."
Can I continue donating after turning 65?,"You can continue donating after 65, as long as you are regular donor and meet the health and physical requirements."
Are there blood donation limits based on age?,"Yes, some blood banks may have age limits, especially for older adults. These limits are based on health evaluations."
Can a 90-year-old still be eligible to donate?,"No, people who are 90-year-old are generally not eligible to donate blood."
Is 16 years old old enough to donate blood?,"At 16 years old, you may be eligible to donate blood with parental consent."
Can I give blood at 17 without needing parental approval?,"At the age of 17, you can donate blood with parental consent if you meet the other eligibility criteria. If you're under 18, you generally need to meet the health and physical requirements."
Am I allowed to donate blood if I’m 16?,"At the age of 16, you may be eligible to donate blood with parental consent. You must meet other health and physical requirements as well."
What is the youngest age allowed for blood donation?,The youngest age for blood donation is typically 16 with parental consent. Some centers may have specific age requirements based on local regulations.
Are teenagers eligible to donate blood?,"Teenagers between 16 and 17 years old can donate blood with parental consent, provided they meet the other health and physical criteria."
Can minors participate in blood donation?,"Minors, specifically those aged 16 to 17, may donate blood with parental consent, as long as they meet the general health requirements."
Is parental consent required for donors under 18?,"Yes, parental consent is required for donors under 18, but they must also meet other health requirements."
At what age can someone start donating blood?,"The minimum age to start donating blood is typically 16, with parental consent. Otherwise, you must be at least 18 to donate."
Are 13-year-olds permitted to donate blood?,"No, individuals under 16 years old are generally not eligible to donate blood. The minimum age is typically 16 with parental consent."
Can a 14-year-old legally give blood?,"No, 14-year-olds are generally not eligible to donate blood. The legal minimum age is 16, with parental consent."
Can I donate at 16?,"Yes, you can donate blood at 16 with parental consent, provided you meet the other health criteria."
What is the maximum age to donate?,"The maximum age for blood donation is typically 59 years old, but regular donors may be able to donate up to age 65. Some centers allow donations for people 70 and older, depending on their health."
Can I donate at 70 years old?,"No, if you are 70 years old you are not eligible to donate blood."
What is the legal age for donating blood?,"The legal age for donating blood is usually 18, but you can donate at 16 with parental consent."
Can teenagers donate blood?,"Yes, teenagers between the ages of 16 and 17 can donate blood with parental consent, provided they meet the necessary health and physical criteria."
Can I donate at 17 without parental consent?,"If you are 17, you may donate blood with parental consent, as long as you meet the other health and physical requirements."
Is there an upper age limit for donors?,"Yes, most blood donation centers have an upper age limit, usually around 60 or 65 although must be regular donors."
Are minors allowed to donate?,"Minors aged 16 and 17 can donate blood with parental consent, provided they meet the health and physical criteria."
What is the ideal age for donation?,"The ideal age for blood donation is typically between 18 and 59 years old, although regular donors may be able to donate at 60 to 65."
Can elderly people donate?,"Elderly people may be able to donate blood if they meet the health criteria and are in good overall health. Typically, those over 65 will need to check with the blood donation center."
Do I need to be an adult to donate blood?,"Yes, generally you need to be at least 18 years old to donate blood. However, you can donate at 16 with parental consent."
Is there an age restriction for first-time donors?,"First-time donors must meet the age requirements, which usually range from 16 or 18, depending on local regulations."
Can I donate if I am 65 years old?,"Yes, many donation centers accept donors up to 65 years old, provided you meet the health criteria and a regular donor."
Can someone under 18 donate with permission?,"Yes, individuals under 18 can donate blood with parental consent, as long as they meet the necessary health and physical criteria."
Can I donate if I am 80 years old?,"No, if you are 80 years old you are generally not eligible to donate blood."
At what age can I become a regular donor?,"You can become a regular donor at 18 years old, provided you meet the health and physical requirements."
Is blood donation safe for older adults?,Blood donation can be safe for older adults if they meet the health requirements and are in good physical condition.
Does age affect the frequency of donations?,"Age may influence the frequency of blood donations, with regular donations often allowed every 3 months for those under 60, but it may be less frequent for older individuals."
Can I donate at 15 with parental consent?,"Unfortunately, the minimum age for blood donation is typically 16, even with parental consent."
Is there a special process for senior citizens donating blood?,Senior citizens may undergo additional health checks before donating to ensure their fitness.
Are younger donors treated differently?,"Yes, younger donors (16-17 years old) require parental consent, and their health is closely monitored to ensure safe donation."
Can a 13-year-old donate blood?,"No, individuals must be at least 16 years old to donate blood with parental consent, or 18 years old without consent."
Can my 14-year-old child donate blood?,"No, 14-year-olds are not eligible for blood donation. The minimum age is 16 with parental consent."
Do blood banks accept donations from 17-year-olds?,"Yes, 17-year-olds can donate blood as long as they have parent consent and meet other health criteria."
Can a college student donate blood?,"Yes, as long as they meet the basic health criteria, such as being in good health, meeting the weight requirement, and having normal blood pressure."
"If I turn 18 next month, can I donate now?","You need to be at least 18 years old to donate blood. If you're turning 18 soon, you'll be able to donate once you reach that age."
Can a high school student donate blood?,"High school students can donate if they are 16 years old with parental consent, or 18 without consent."
Does age impact donation recovery time?,"Yes, older donors may take slightly longer to recover, but the recovery time is generally similar for all age groups as long as health conditions are met."
"If I’m too young, can I register for future donation?",You can set a reminder to donate once you meet the age requirement.
Can I donate if I am older than 65?,"Yes, individuals older than 65 can donate if they are regular donor, in good health and meet other eligibility criteria."
What happens if I donate when I am too young?,Donating before the required age could lead to adverse health effects. That's why there are age restrictions in place.
Are age restrictions the same worldwide?,"Age restrictions may vary slightly depending on the country, but most places require donors to be at least 18 years old."
Do I need parental approval if I’m under 18?,"Yes, minors (16-17 years old) need parental consent before donating blood."
Can I donate blood if I am still growing?,Blood donation is not recommended for individuals still in their growth phase (typically under 16 years old).
Can I donate at 19 without restrictions?,"Yes, once you're 19, you can donate blood without any age-related restrictions, as long as you meet other health requirements. Would you like to check your full eligibility now?"
Why is there a minimum age for donation?,The minimum age ensures that the donor's body is fully developed and able to handle the donation safely.
Do younger donors recover faster?,"Younger donors typically recover faster due to better overall health, but recovery time is generally short for all donors."
Can I donate if I’m 21?,"Yes, 21-year-olds can donate blood, provided they meet the other health criteria. Would you like to check your eligibility now?"
Can I donate if I turn 17 this year?,"Yes, once you turn 17, you can donate blood, provided you have parental consent and meet the health criteria."
Can senior citizens donate regularly?,"Senior citizens who are in good health and meet the required health standards can donate, but regular donations should be spaced out to ensure their health is not compromised."
Are there different guidelines for different age groups?,"Yes, different age groups may have specific health assessments before donation, but the primary health standards are the same across all groups."
Can a 90-year-old donate blood?,"No, if you are 90-year-old you are not eligible to donate blood."
Does aging affect blood donation eligibility?,"Aging can affect blood donation eligibility, especially if there are underlying health conditions. Health assessments are done to ensure the safety of older donors."
Can a 17-year-old donate without ID?,A 17-year-old will need to provide a valid ID to verify their age before donating blood.
Why can’t children donate blood?,"Children’s bodies are still developing, and donating blood can pose health risks. The minimum age requirement ensures the safety of the donor."
Do teenagers need a medical check-up before donating?,Teenagers may be required to undergo a brief medical check-up before donating blood to ensure they meet health standards.
Are there special guidelines for younger donors?,"Yes, younger donors (16-17 years old) require parental consent and may have specific health assessments."
Can I donate at 18 without health screening?,"Even at 18, health screening is necessary to ensure that you meet the physical and medical criteria for donating blood."
Can older adults donate as often as younger people?,"Older adults can donate, but they may be required to take longer breaks between donations depending on their health."
What is the minimum age to donate?,"The minimum age for blood donation is typically 16 years old with parental consent, or 18 without consent."
Can a 16-year-old donate?,"Yes, a 16-year-old can donate blood with parental consent, provided they meet all other health requirements."
How much should I weigh to be able to donate blood?,"To donate blood, you should weigh at least 110lbs (50kg). This is the minimum weight requirement for safe blood donation."
Is there a maximum weight allowed for donating blood?,"There isn't a strict maximum weight for donating blood, but it is important to ensure that you're in good health. Blood donation should be safe for you."
How heavy must I be to qualify for blood donation?,"To qualify for blood donation, you need to weigh at least 110lbs (50kg). This ensures that your body can handle the donation process safely."
What’s the weight limit to be eligible as a donor?,The weight limit is typically based on whether you are in good health and meet the general donation requirements. Weighing at least 110lbs (50kg) is necessary.
What is the weight requirement for a successful donation?,You must weigh at least 110lbs (50kg) to donate blood successfully. This ensures that your body can handle the loss of blood during the donation.
Is 50 kg an acceptable weight for donating blood?,"Yes, if you weigh 50kg (110lbs), you meet the minimum requirement for donating blood."
Will I need to provide proof of weight when donating blood?,"While you may be asked for your weight during the registration process, you don’t typically need to provide official proof. However, it's important that you meet the minimum weight requirement."
Can I donate if I weigh less than 50 kilograms?,"No, the minimum weight requirement for blood donation is 50kg (110lbs). If you weigh less, you may not be eligible to donate."
Is it okay to donate blood if I am overweight?,"Yes, being overweight does not automatically disqualify you from donating blood. As long as you meet other health requirements, you may be eligible."
Will I be able to donate blood if I’ve recently lost weight?,"If you have recently lost weight, as long as you meet the minimum weight requirement and are in good health, you should still be eligible to donate."
Does my weight affect whether I can become a blood donor?,"Yes, your weight plays an important role in determining whether you can donate. You must meet the minimum weight requirement of 50kg (110lbs)."
Can I still donate if I have gained weight recently?,"If you have gained weight but still meet the other health criteria, you should be eligible to donate blood."
Can I donate if I’m muscular but weigh below the required minimum?,"If you're muscular but weigh below 50kg (110lbs), you may not be eligible to donate due to the weight requirement."
"If I have a high BMI, can I still be a donor?","A high BMI does not automatically disqualify you from donating blood, as long as you meet other health requirements."
Is it possible to donate if my BMI is low?,"If your BMI is low but you meet the weight and other health requirements, you may still be eligible to donate."
Can I donate blood if I have started dieting recently?,"If you are healthy and have met the minimum weight requirement, starting a diet doesn't automatically disqualify you from donating."
Is it okay to donate blood if I’ve lost weight due to illness?,"If you've lost weight due to illness, you may need to fully recover and meet the weight requirement before donating blood."
Can I still donate blood if my weight fluctuates often?,"If your weight fluctuates, as long as you meet the minimum requirement of 50kg (110lbs) and are in good health, you should be eligible to donate."
Is it possible to donate if I have issues with fluctuating weight?,"As long as you are in good health and meet the weight requirement of 50kg (110lbs), fluctuations in weight generally do not disqualify you from donating."
"What if I’m borderline underweight, can I still donate?","If you are borderline underweight, you may not meet the minimum requirement of 50kg (110lbs) and may not be eligible."
"If I gain weight between donations, will I be affected?","If you gain weight between donations and meet the required health standards, you should be eligible to donate."
Can I donate if I’m pregnant and my weight is low?,Pregnant women are temporarily deferred from donating blood during pregnancy and for 12 months after delivery.
Is it acceptable for someone to donate blood if they are underweight because of genetics?,"If you are genetically underweight but meet the minimum weight requirement of 50kg (110lbs), you may be eligible to donate."
How does being at the low end of the weight scale affect my eligibility?,Being at the low end of the weight scale may disqualify you from donating blood if you don’t meet the minimum weight requirement of 50kg (110lbs).
Can athletes with low body fat donate blood?,Athletes with low body fat may still donate blood as long as they meet the weight and other health requirements.
Is it possible to donate blood if I’m underweight but in good health?,"Being underweight, even if you are in good health, may prevent you from donating if you don’t meet the minimum weight requirement."
"What if I am overweight but still in good health, can I donate?","If you are overweight but in good health and meet other eligibility criteria, you should be able to donate."
How does my weight affect how my donation process works?,"Your weight determines whether you qualify for blood donation. If you meet the minimum requirement of 50kg (110lbs), the process should go smoothly."
Does my body weight determine how much blood I can donate?,"Your body weight may affect the amount of blood you can donate, but as long as you meet the minimum weight requirement, you’ll be able to donate a standard amount."
Will my weight influence my iron levels during the donation?,"Yes, your weight can influence your iron levels as it can affect how much blood is taken during the donation. Maintaining a healthy weight is important for your overall iron levels."
Can being underweight make it harder to recover after donating?,"Being underweight may affect your ability to recover after donating blood, as your body may have less stored energy to replenish the donated blood."
How does weight affect the time it takes for me to recover after donating?,"Your weight can influence how quickly your body replenishes the donated blood. Heavier individuals may recover more quickly, but everyone’s recovery time can vary."
Can I donate whole blood even if I don't meet the weight requirement?,"No, to donate whole blood, you must meet the minimum weight requirement of at least 110 lbs (50 kg) for your safety and the effectiveness of the donation."
"If I have a low BMI, can I still donate blood?","If your BMI is lower than the recommended range, you may not be eligible to donate blood, as it could affect your overall health and donation capacity."
How will my weight affect my recovery after donating blood?,"Your weight can impact your recovery rate. Those with a higher weight may recover quicker, but it’s important to stay hydrated and rest properly after donation."
Will my weight be checked before I can donate blood?,"Yes, your weight will be checked as part of the eligibility assessment before you donate blood to ensure that you meet the minimum weight requirement."
Is weight verification a requirement before donating blood?,"Yes, weight verification is a standard requirement before donating blood to ensure that you meet the minimum weight threshold."
Do different donation centers have different weight criteria for donors?,"Generally, most donation centers have the same weight criteria, but some may have specific guidelines depending on the type of donation."
Why is my weight so important when donating blood?,Your weight is important to ensure that you have enough circulating blood to safely donate and recover. It also helps determine how much blood can be taken.
Are the weight restrictions for men and women the same when donating blood?,"The weight restrictions are generally the same for men and women, but in some cases, there may be minor differences for specific types of donations like double red cells."
What happens if I weigh less than 110 lbs before donating?,"If you weigh less than 110 lbs (50 kg), you are not be eligible to donate blood for safety reasons."
"If I have a high BMI, can I still donate blood?","Yes, if your BMI is high but you're still in good overall health, you may still be eligible to donate."
Can I still donate blood if I’ve recently started an exercise routine?,"Starting an exercise routine does not disqualify you from donating blood, but you should be well-rested and not immediately after a strenuous workout."
How much blood can I donate based on my weight?,"The amount of blood you can donate depends on your weight and health status. For example, individuals who weigh more can donate a larger volume of blood."
What if I’m just slightly underweight—does it affect my eligibility?,"If you're slightly underweight, it may still affect your eligibility, as your overall health could be at risk when donating blood."
What is the required weight to donate blood?,You need to weigh at least 110 lbs (50 kg) to donate blood. This is the minimum weight for your safety and to ensure a successful donation.
Is there a specific weight limit for donating?,"Yes, the general weight limit for blood donation is 110 lbs (50 kg). This ensures that the donation is safe for both the donor and the recipient."
How much should I weigh in order to donate blood?,"You must weigh at least 110 lbs (50 kg) to donate blood, which helps ensure that the donation is safe for both you and the recipient."
What is the weight threshold for blood donors?,"The minimum weight threshold for blood donation is 110 lbs (50 kg). If you're below this, you may not be eligible to donate."
Do I need to meet a minimum weight requirement to donate blood?,"Yes, you must meet a minimum weight requirement of 110 lbs (50 kg) to donate blood."
What is the required weight for donating double red cells?,"For double red cell donation, the minimum weight requirement is typically higher, around 150 lbs (68 kg) for women and 180 lbs (82 kg) for men."
Is weighing 50 kg enough to be eligible for donation?,"Yes, if you weigh 50 kg (110 lbs), you meet the minimum weight requirement to donate blood."
Do I need to show proof of my weight before I donate?,"Yes, most donation centers will check your weight before you donate, but you do not need to provide proof; a scale will be used."
Can I still donate if I weigh less than 50 kg?,"No, you cannot donate if you weigh less than 50 kg (110 lbs) for your safety and the safety of the recipient."
Is it possible to donate if I am overweight?,"Yes, being overweight does not disqualify you from donating, as long as you're in good health and meet other eligibility criteria."
Can I donate if I have recently lost weight?,"If you’ve recently lost weight, it’s important to ensure that you’re in good health and stable. If you’re still within the healthy weight range, you may be eligible."
Does my weight impact whether I can donate blood?,"Yes, your weight does impact your eligibility, as blood donation centers require donors to weigh at least 110 lbs (50 kg)."
Is it acceptable to donate if I’ve gained weight recently?,"If you’ve gained weight recently but are still within the healthy weight range, you may still be eligible to donate blood."
Can I donate if I’m muscular but still below the weight requirement?,"If you’re muscular but weigh below 110 lbs (50 kg), you may not be eligible to donate. Muscle mass does not override the weight requirement."
Am I eligible to donate if my BMI is high?,"If your BMI is high but you are otherwise in good health, you may still be eligible to donate. It’s best to consult with a medical professional before donating."
Can I donate with a low BMI?,"Your BMI is not the primary factor for donation, but your weight must be at least 110 lbs (50 kg). If you meet the minimum weight requirement, you may still be eligible. Would you like to check your eligibility now?"
Can I donate blood if I recently started a diet?,"Starting a diet does not automatically disqualify you from donating blood. However, it's important to ensure you're getting proper nutrition and staying hydrated before donation."
Is it possible to donate if I lost weight due to illness?,"If your weight loss was due to illness, you may need to wait until you fully recover before donating. It’s best to check with a medical professional."
Can I donate if my weight keeps changing?,"Fluctuating weight does not necessarily disqualify you from donating blood, as long as you meet the minimum weight requirement."
Is it possible to donate with a fluctuating weight condition?,"If your weight fluctuates but stays above the minimum requirement (110 lbs or 50 kg), you may still be eligible to donate."
Can I donate blood if I’m borderline underweight?,"If you are near the minimum weight but still meet the requirement, you may be eligible. However, underweight donors may experience side effects such as dizziness."
What happens if I gain weight after my last donation?,"Weight gain does not affect your eligibility unless it’s related to a health condition. As long as you remain in good health, you can still donate."
Can I donate if I’m underweight while pregnant?,Pregnant individuals are not eligible to donate blood. You may donate after giving birth and once your health has stabilized.
Can someone donate if they are underweight due to genetics?,"If you are naturally underweight but still meet the minimum weight requirement, you may be eligible to donate."
Can I donate blood if my weight is near the low end of the scale?,"Yes, as long as your weight is at least 110 lbs (50 kg), you are still eligible to donate."
Is it possible for athletes with low body fat to donate blood?,Athletes with low body fat can donate blood as long as they meet the minimum weight and health requirements. Staying hydrated before donation is recommended.
Can I still donate blood if I’m underweight but in good health?,"If you are under the minimum weight requirement, you may not be eligible to donate. It is best to check with the donation center."
Is it okay to donate blood if I’m overweight but still healthy?,"Yes, being overweight does not disqualify you from donating blood as long as you meet the health requirements."
What is the minimum BMI required for donation?,"There is no specific BMI requirement, but the minimum weight to donate blood is 110 lbs (50 kg)."
How does my weight impact the donation process?,Your weight affects how much blood can be safely collected. Underweight donors may be more prone to dizziness or fatigue after donating.
Does my weight affect how much blood can be donated?,"Yes, weight is a factor in determining how much blood can be drawn safely. Underweight individuals may not be able to donate a full unit of blood."
Does weight affect my iron levels during donation?,"Weight does not directly impact iron levels, but having a balanced diet rich in iron is important for blood donation."
Can being underweight impact my recovery after donating?,Underweight donors may take longer to recover and could experience dizziness after donation. Staying hydrated and eating well can help with recovery.
How does weight influence my recovery time after donation?,"Lower body weight may lead to slower recovery, while individuals with higher body weight may recover more quickly. Proper hydration and nutrition are key."
Can I still donate whole blood if I don't meet the weight limit?,"No, you must meet the minimum weight requirement of 110 lbs (50 kg) to donate whole blood."
Can I donate blood if I have a low body mass index (BMI)?,"BMI is not the primary factor for eligibility. As long as you meet the minimum weight and other health criteria, you may be eligible."
Does weight impact how fast I recover after giving blood?,"Yes, underweight individuals may take longer to recover. Eating iron-rich foods and drinking fluids can help speed up recovery."
Will I need to verify my weight before donating?,"Yes, weight verification is done before donation to ensure you meet the minimum requirement."
Is a weight check done before donating blood?,"Yes, all donors must have their weight checked before donation to ensure safety."
Do blood donation centers have different weight restrictions?,"Most centers follow the standard minimum weight requirement of 110 lbs (50 kg), but it’s best to check with the specific center."
Why is my weight an important factor for blood donation?,Weight helps determine whether it is safe for you to donate and how much blood can be collected.
Is there a different weight requirement for women compared to men?,"No, the minimum weight requirement is the same for both men and women."
What happens if I weigh less than 110 lbs?,"If you weigh less than 110 lbs, you may not be eligible to donate, as it could pose health risks such as dizziness or low blood pressure."
Can I donate blood even if my BMI is high?,"Yes, a high BMI does not disqualify you from donating as long as you meet other health criteria."
Can I donate blood if I’ve recently started an exercise routine?,"Yes, but it’s recommended that you rest before donating if you’ve engaged in intense workouts."
Does weight affect how much I can give when donating?,"Yes, weight determines how much blood can be safely drawn. Lighter individuals may be restricted in donation volume."
What if I’m slightly underweight – can I still donate?,"If you are below the minimum weight requirement, you may not be eligible. It’s best to check with a donation center."
How much should I weigh to donate?,The minimum weight for blood donation is 110 lbs (50 kg).
Is there a weight limit for donation?,"There is no upper weight limit, but donors must meet the minimum weight requirement."
How much should I weigh to donate blood?,"To be eligible for blood donation, you must weigh at least 110 lbs (50 kg). This ensures that your body can safely tolerate the donation process. Would you like to check your eligibility now?"
What is the weight cut-off for donors?,The minimum weight requirement for blood donation is 110 lbs (50 kg). Donors below this weight may not be able to donate safely.
Can I donate if I weigh under 50 kg?,"If you weigh less than 50 kg (110 lbs), you may not be eligible to donate blood."
Is there a weight minimum for blood donors?,"Yes, donors must weigh at least 110 lbs (50 kg) to donate blood. This requirement helps ensure donor safety and a sufficient blood volume for collection."
Can I donate if I’m overweight?,"Yes, overweight individuals can donate as long as they meet health criteria."
What happens if I’m slightly underweight?,"If you're slightly underweight, you may be at risk of dizziness after donation. It’s best to consult with the donation center."
Does weight affect eligibility?,"Yes, weight is a crucial factor in blood donation eligibility. Donors must weigh at least 110 lbs (50 kg) to ensure their body can handle the process safely."
Can I donate if I recently lost weight?,"If your weight is still at least 110 lbs (50 kg) and your health is stable, you may be eligible. However, significant or unintentional weight loss might require further assessment. Would you like to check your eligibility now?"
What is the BMI requirement for donation?,"There is no specific BMI requirement for blood donation. However, you must weigh at least 110 lbs (50 kg) to be eligible."
Can I donate if I have a high BMI?,"Yes, individuals with a high BMI can donate as long as they meet other eligibility requirements, such as weight, blood pressure, and overall health."
Can I donate if I gained weight recently?,"Weight gain does not typically affect blood donation eligibility, as long as you meet other health and safety requirements."
Is there a weight requirement for first-time donors?,"Yes, first-time donors must also meet the minimum weight requirement of 110 lbs (50 kg) to ensure safety during donation."
What if my weight fluctuates frequently?,"As long as your weight is at least 110 lbs (50 kg) on the day of donation, you should be eligible. However, drastic weight changes may require further evaluation."
Can I donate if I weigh exactly 50 kg?,"Yes, 50 kg (110 lbs) is the minimum weight requirement for blood donation, so you may be eligible."
Does my weight affect how much I can donate?,"Yes, weight affects the volume of blood that can be safely drawn. Most donors give 450cc of blood, but smaller donors may give slightly less."
Can I still donate if I’m underweight but healthy?,"If you weigh less than 110 lbs (50 kg), you may not be eligible for blood donation, even if you feel healthy."
Is there a different weight rule for men and women?,"No, both men and women must meet the same minimum weight requirement of 110 lbs (50 kg) to be eligible for donation."
Can I donate blood if I recently started dieting?,"If your weight remains above 110 lbs (50 kg) and you are in good health, you may still be eligible. However, extreme dieting can impact your blood health."
Is weight verification required before donating?,"Yes, your weight will be checked before donation to ensure that you meet the minimum requirement of 110 lbs (50 kg)."
Will I be weighed before donating?,"Yes, blood donation centers check your weight to confirm that you meet the minimum 110 lbs (50 kg) requirement."
What if I am slightly over the weight limit?,"If your weight is above 110 lbs (50 kg), you should still be eligible to donate, provided you meet other health requirements."
Does weight affect the donation process?,"Yes, weight can affect blood volume and how your body recovers after donation. Donors must weigh at least 110 lbs (50 kg) for safe donation."
Can I donate if I’m muscular but under the weight limit?,"Unfortunately, weight requirements are based on total body weight, not muscle mass. If you are under 110 lbs (50 kg), you may not be eligible."
Can I donate if I have lost weight due to illness?,"If your weight loss is recent and due to illness, you may be deferred from donating until you regain stable health."
What weight is needed to donate double red cells?,"Double red cell donation usually requires a higher weight threshold, often around 130 lbs (59 kg) for women and 150 lbs (68 kg) for men."
Does being underweight affect recovery after donation?,"Yes, being underweight can increase the risk of dizziness or weakness after donation, which is why the 110 lbs (50 kg) minimum exists."
Can I donate if I am borderline underweight?,"If your weight is just below 110 lbs (50 kg), you may not be eligible. It's best to check with a donation center."
Do different blood centers have different weight limits?,"Most blood centers follow the standard 110 lbs (50 kg) weight requirement, but specific donation types may have different requirements."
What happens if I gain weight after my last donation?,Weight gain does not usually impact eligibility unless it is linked to a medical condition that affects your health.
Can I donate if I am pregnant and underweight?,"Pregnant women are not eligible to donate blood, regardless of weight. Women may donate 12 months after delivery and 3 months after weaning."
Can I donate if I have a low BMI?,"As long as your weight is at least 110 lbs (50 kg), BMI is not a strict factor for blood donation eligibility."
How does weight affect blood volume for donation?,"Weight impacts blood volume, which is why a minimum of 110 lbs (50 kg) is required to ensure safe donation."
Can I donate blood if I am overweight but healthy?,"Yes, being overweight does not disqualify you from donating, as long as you meet the other health requirements."
What happens if my weight is below 110 lbs?,"If you weigh less than 110 lbs (50 kg), you may not be eligible to donate due to safety concerns."
Can someone under the required weight donate in an emergency?,"Weight requirements remain the same even in emergencies, as they are in place for donor safety."
Is there a separate weight requirement for women?,"No, the minimum weight requirement is the same for both men and women, typically 110 lbs (50 kg). Would you like to check if you meet all the eligibility criteria now?"
How does weight influence iron levels in donation?,"Weight can impact iron levels, as lower body weight may indicate lower blood volume, which affects iron stores. A hemoglobin test will be done before donation."
Do I need to maintain my weight after donation?,"While weight fluctuation is normal, maintaining a healthy weight helps ensure your body recovers well after donating. Staying hydrated and eating well is recommended."
Can I donate if I recently started exercising?,"Yes, but it's best to avoid intense exercise before and after donating to prevent dizziness or weakness."
Can someone donate if they are underweight due to genetics?,"Even if your low weight is due to genetics, you must still meet the minimum requirement of 110 lbs (50 kg) for safety reasons."
How does weight impact post-donation recovery?,Lower body weight may increase the risk of dizziness or fatigue after donation. Staying hydrated and resting helps with recovery.
Can an athlete with low body fat donate?,"Yes, as long as they meet the minimum weight requirement and have stable blood pressure and hemoglobin levels."
Can I donate if my weight is borderline low?,"If your weight is close to the minimum requirement, you may still be eligible, but additional screening may be needed."
Do I need to prove my weight before donation?,"Weight is usually self-reported, but some centers may check it to ensure you meet the minimum requirement."
Can I donate whole blood if I don’t meet the weight requirement?,"Unfortunately, if you don’t meet the minimum weight, you cannot donate whole blood for safety reasons. However, other ways to support blood donation exist."
Can I donate if I have a fluctuating weight condition?,"If your weight fluctuates but stays above the minimum requirement, you may still be eligible."
Why does weight matter for blood donation?,Weight is important because it helps ensure safe donation volumes and reduces risks like dizziness or low blood pressure.
Can I donate blood if I have a history of drug or alcohol use?,"A history of drug or alcohol use may affect eligibility, especially if it involves intravenous drugs. Screening will determine if you can donate."
Can I donate if my family has a history of cardiovascular disease or heart conditions?,"A family history of heart disease doesn’t necessarily disqualify you, but your personal health condition will be assessed."
Can I donate blood if I had a minor surgical procedure recently?,You may be eligible depending on the type of procedure and recovery time.
Is it safe to donate blood if I have a family history of serious health conditions like heart disease?,"Yes, as long as you don’t have the condition yourself and meet other donation criteria."
Can I donate blood if I have PTSD or a mental health disorder?,"Yes, mental health conditions like PTSD don’t disqualify you as long as you’re in stable condition."
Is it safe to donate blood if I have ADHD or other psychological conditions?,"Yes, ADHD and most psychological conditions don’t impact your eligibility if you’re otherwise healthy."
Can I donate if I have had seizures in the past but am seizure-free?,"If you haven’t had seizures recently and your condition is under control, you may be eligible."
Can I donate blood if I’m currently undergoing cancer treatment?,"Individuals undergoing cancer treatment are generally not eligible to donate. However, eligibility may change after full recovery."
Is it okay to donate blood if I’ve had mental health issues in the past?,"Yes, past mental health issues do not automatically disqualify you if you are currently in stable condition."
Is it okay to donate blood while on my period?,"Yes, you can donate blood while menstruating as long as you feel well and meet hemoglobin requirements."
Can I donate blood if I’m menstruating?,"Yes, you can donate while menstruating if you’re not feeling weak or anemic."
Is there a required wait time after menstruation before I can donate blood?,"No wait time is required, but if your flow was heavy, you should ensure you’re not anemic before donating."
Can I donate blood if I have a cold or respiratory infection?,"No, if you have an active cold or infection, you should wait until you fully recover before donating."
How long should I wait after recovering from a cold or flu before I can donate blood?,You should wait at least 14 days after symptoms disappear before donating.
Can I donate if I have a minor skin condition like eczema that isn’t actively flaring?,"Yes, as long as your eczema isn’t infected and you meet other eligibility requirements."
Can I donate blood if I’ve had surgery within the last year?,Eligibility depends on the type of surgery and recovery time. Some procedures require a waiting period.
Am I eligible to donate blood if I recently had a gastric ulcer or other serious condition?,"If you have fully recovered and meet other health requirements, you may be eligible."
Can I donate blood if I have a history of allergic reactions?,"Yes, mild allergies don’t typically disqualify you, but severe allergic reactions may require further evaluation."
Is it safe to donate blood after undergoing cancer treatment?,It depends on the type of cancer and treatment history. Some cancer survivors can donate after a waiting period.
Can I donate blood if I’ve had a non-major surgery or medical procedure?,You may be eligible depending on the procedure and recovery status.
Will I be able to donate blood after recovering from a major operation?,A major surgery may require a longer waiting period before donating blood.
Can a pregnant woman donate blood?,"No, pregnant women cannot donate blood due to health risks."
How long should I wait after pregnancy before donating blood?,You should wait at least six months after childbirth before donating blood.
Can I donate blood if I’m recovering from a major surgery?,"If you are still in recovery from major surgery, you may need to wait until you have fully healed and your doctor confirms that you are healthy enough to donate. The waiting period varies depending on the procedure."
Is it safe to donate blood while taking daily medications?,"It depends on the type of medication you are taking. Some medications do not affect blood donation, while others may require a waiting period."
Can I donate blood if I take medication for a chronic condition?,"Having a chronic condition does not always disqualify you from donating, but it depends on the specific condition and medication."
Can I give blood if I’m on antidepressants or other psychiatric medications?,Most people taking antidepressants or psychiatric medications can donate blood as long as their condition is stable.
Is it okay to donate blood if I take immunosuppressive medications?,"People on immunosuppressive medications are generally not eligible to donate blood due to the potential risk to their health. However, some exceptions may apply."
Can I donate blood if I take blood thinners or anti-coagulants?,"If you are taking blood thinners, you may not be eligible to donate blood due to the increased risk of excessive bleeding."
Is there a waiting period after taking antibiotics before I can donate?,"Yes, you may need to wait a few days after completing your antibiotic treatment before donating blood. The exact waiting period depends on the infection being treated."
Can I donate blood if I have hepatitis B or C?,"Unfortunately, individuals with hepatitis B or C are not eligible to donate blood due to the risk of transmission."
Am I allowed to donate blood if I have anemia or other blood disorders?,"If you have anemia or a blood disorder, you may not be eligible to donate blood. However, eligibility depends on the severity and type of condition."
Is it safe to donate blood if I have HIV?,Individuals with HIV are not eligible to donate blood due to safety concerns.
Can I donate blood if I’ve had tuberculosis in the past?,"If you have had tuberculosis in the past, you may need to wait until you have been fully treated and symptom-free before donating."
Can I give blood if I have syphilis or other STIs?,Some STIs require a waiting period after treatment before you can donate blood. The eligibility depends on the type of STI and how long ago it was treated.
Can I donate if I had malaria in the past?,"If you have had malaria, you may need to wait a certain period before being eligible to donate blood."
Is it safe to donate blood if I have a clotting disorder?,"Individuals with clotting disorders may not be eligible to donate due to potential health risks. However, some conditions may be evaluated on a case-by-case basis."
Does having an autoimmune disorder affect my ability to donate blood?,"It depends on the specific autoimmune condition and whether it is stable. Some conditions may make you ineligible, while others may not."
Can I donate blood if I have lupus or other autoimmune conditions?,"Lupus and some autoimmune conditions may disqualify you from donating blood, especially if they affect your blood cells or immune system."
Is it okay to donate blood with fibromyalgia or chronic pain conditions?,"If your condition does not affect your blood or overall health, you may be eligible to donate blood. However, it is best to check with your doctor first."
Can I donate blood if I have rheumatoid arthritis?,"If you are taking immunosuppressive medication for rheumatoid arthritis, you may not be eligible to donate. Otherwise, eligibility depends on the severity of your condition."
Am I eligible to donate blood with a neurological condition?,It depends on the type of neurological condition and how it affects your overall health.
Are cancer survivors eligible to donate blood?,Some cancer survivors may be eligible to donate blood if they have been in remission for a certain period. The eligibility varies by cancer type.
"If I had cancer as a child, can I donate blood?","If you had cancer as a child and have been in remission for several years, you might be eligible to donate."
Is it possible to donate blood after cancer remission?,"If you have been in remission for a long time and meet all other eligibility criteria, you may be allowed to donate."
Can I donate blood if I’m still undergoing cancer treatment?,People currently undergoing cancer treatment are not eligible to donate blood.
Can I give blood if I am a cancer survivor?,Cancer survivors may be eligible to donate blood if they have been in remission for a certain period.
Can individuals with hypertension donate blood?,"Yes, people with controlled hypertension can donate blood. However, very high blood pressure may disqualify you."
Can I donate blood if I've experienced a heart attack?,"If you have had a heart attack, you may not be eligible to donate blood due to cardiovascular risks."
Does having high cholesterol prevent me from giving blood?,High cholesterol does not usually disqualify you from donating blood.
Is donating blood safe for someone with a heart murmur?,Most people with a heart murmur can donate blood unless it is linked to a serious heart condition.
Does heart health impact my eligibility to donate blood?,"Heart conditions may affect your eligibility to donate blood. If you have concerns, it is best to check your status."
Can I donate blood if I’ve had a stroke in the past?,"People who have had a stroke may not be eligible, but eligibility depends on the severity and recovery."
Does high blood pressure disqualify me from donating blood?,"If your blood pressure is under control, you may still be eligible to donate blood."
Is blood donation allowed if I have asthma?,"Yes, people with asthma can donate blood as long as their condition is stable."
Can I donate blood if my asthma has been stable for over two months?,"Yes, if your asthma has been stable for over two months and you are not experiencing symptoms, you are likely eligible."
Can I give blood if I'm managing asthma without flare-ups?,"Yes, as long as you are not experiencing an active asthma attack."
Is it acceptable to donate blood while recovering from an asthma or eczema flare?,It is best to wait until your condition has fully stabilized before donating blood.
Can I still donate blood if I have diabetes?,"Yes, people with diabetes can donate blood as long as their condition is well-managed and they don’t have complications such as heart disease or poor circulation."
Is it safe for people with diabetes to donate blood?,"Yes, as long as your blood sugar levels are stable and you have no related complications, it is safe to donate."
"If I’m diabetic and using insulin, can I donate?","Yes, you may still be eligible, but some donation centers have restrictions on insulin-dependent donors."
Does high blood sugar prevent eligibility for donation?,"If your blood sugar levels are consistently high and uncontrolled, you may not be eligible. However, if your diabetes is well-managed, you can still donate."
Can I donate blood while managing diabetes with oral medication?,"Yes, taking oral medication for diabetes does not automatically disqualify you from donating blood."
Can I donate blood if I have a history of drug use?,"If you have a history of drug use but are currently clean and in good health, you may be eligible. However, intravenous drug use can impact eligibility."
Can I donate if my family has a history of cardiovascular disease?,"Yes, a family history of cardiovascular disease does not automatically disqualify you from donating, as long as you are in good health."
Can I donate blood after a minor surgical procedure?,"Yes, after a minor procedure, you may be eligible once you have fully healed and recovered."
Am I eligible to donate if I have a family history of heart disease?,"Yes, a family history of heart disease does not prevent you from donating blood."
Can I donate blood if I have PTSD?,"Yes, PTSD does not prevent you from donating blood as long as you are in good physical health."
Is it safe for me to donate if I have ADHD?,"Yes, ADHD does not affect your eligibility to donate blood."
Can I donate blood if I had seizures but haven’t had one in a long time?,"Yes, if you have been seizure-free for a significant period without medication restrictions, you may be eligible."
Is it okay to donate blood if I’m undergoing cancer treatment now?,"No, active cancer treatment disqualifies you from donating blood. However, you may be eligible after full recovery."
Can I donate if I’ve had a seizure history but am seizure-free?,"Yes, if you have been seizure-free for a long period and meet other health criteria, you may be eligible."
Can I donate blood if I am on my period?,"Yes, you can donate blood while menstruating as long as you feel well and meet the hemoglobin requirements."
Am I able to donate blood during menstruation?,"Yes, menstruation does not disqualify you from donating unless you feel weak or have low iron levels."
Is there a required waiting period after menstruation to donate blood?,"No, there is no required waiting period after menstruation. As long as you feel well, you can donate."
Can I donate blood if I have a cold?,"No, you should wait until you have fully recovered from your cold before donating."
How long should I wait after a cold to donate blood?,You should wait at least 7 days after full recovery from a cold before donating blood.
Can I donate blood if I have a skin condition like eczema that isn’t flaring?,"Yes, if your eczema is not currently flaring and does not affect the area where blood is drawn, you may be eligible."
Is it safe to donate if I have a minor allergic reaction but no longer show symptoms?,"Yes, if your allergic reaction has fully resolved, you may be eligible."
Can I donate blood if I’ve had surgery in the past year?,It depends on the type of surgery and your recovery status. You may need to wait a few months before donating.
Am I eligible to donate if I had an acute gastric ulcer within the last two years?,"If your ulcer has healed and you have no ongoing symptoms, you may be eligible."
Can I donate if I’ve had a severe allergic reaction recently?,"If your severe allergic reaction was recent and required medical intervention, you may need to wait before donating."
Is it possible to donate while recovering from cancer treatment?,"No, you must have completed cancer treatment and be in remission for a certain period before donating."
Can I donate if I have a history of mental health conditions?,"Yes, mental health conditions do not disqualify you from donating as long as you are in good physical health."
Will a recent major surgery make me ineligible to donate?,It depends on the surgery and recovery time. You may need to wait several months before donating.
Can I donate blood while pregnant?,"No, pregnant individuals cannot donate blood. You must wait until after delivery."
How long after pregnancy should I wait to donate blood?,You must wait at least 6 months after giving birth before donating blood.
Is it safe to donate blood if I am recovering from a major surgery?,You should wait until you have fully recovered from surgery before donating blood.
Can I donate blood if I take daily medication?,It depends on the type of medication. Some medications may require a waiting period before donating.
Can I donate if I am on medication for a chronic condition?,Certain chronic conditions and medications may affect your eligibility.
Is it safe to donate if I’m on antidepressants?,"Yes, taking antidepressants does not disqualify you from donating blood."
Can I donate if I take immunosuppressive drugs?,"No, individuals on immunosuppressive drugs are generally not eligible to donate."
Is it possible to donate if I take blood thinners?,"No, blood thinners may affect donation eligibility due to increased bleeding risk."
Can I donate if I’m taking antibiotics?,"If you are taking antibiotics for an active infection, you must wait at least one month after completing your last dose before donating."
Am I able to donate if I had an ear piercing or tattoo recently?,"If you had an ear piercing or tattoo within the past year, you must wait 12 months before donating to reduce the risk of infections."
Is there a waiting period after taking allergy medications before donating?,"Most allergy medications do not disqualify you from donating. However, if you have an active allergic reaction, you should wait until symptoms resolve."
Can I donate if I have hepatitis B?,"Individuals with hepatitis B, whether past or present, are not eligible to donate blood. This is to prevent the risk of transmission."
Am I eligible to donate blood if I have anemia?,Individuals with anemia are not eligible to donate unless their hemoglobin levels meet the required minimum of 12.5 g/dL.
Is it possible to donate blood if I have a blood disorder?,"It depends on the specific blood disorder. Conditions like hemophilia or sickle cell disease may disqualify you, while minor conditions might not."
Can I give blood if I am HIV positive?,Individuals who are HIV positive cannot donate blood due to the risk of transmission.
Is blood donation possible if I have a clotting disorder?,"If you have a clotting disorder such as hemophilia or deep vein thrombosis, you are not eligible to donate."
Can I donate blood if I have a history of tuberculosis?,"If you have active tuberculosis, you cannot donate blood. However, if you have fully recovered and completed treatment, you may be eligible."
Is it safe for me to donate if I have a history of alcoholism?,"Chronic alcoholism may disqualify you from donating, especially if it has affected your liver function."
Can I donate blood if I have filariasis?,Individuals with filariasis are not eligible to donate blood due to the risk of transmission.
Can I donate blood if I have syphilis or other STIs?,"If you have syphilis or another sexually transmitted infection, you must wait at least one year after completing treatment before donating."
Am I able to donate if I have had hepatitis C?,"If you have had hepatitis C, you are not eligible to donate blood."
Is it okay to donate if I have an enlarged spleen?,An enlarged spleen may indicate an underlying health condition that could disqualify you from donating. It’s best to consult a physician before donating.
Does having an autoimmune condition affect my ability to donate?,"It depends on the autoimmune condition. Some conditions like lupus may disqualify you, while others may not."
Can I donate blood if I have lupus?,Individuals with lupus are generally not eligible to donate due to potential complications.
Is it possible to donate if I have fibromyalgia?,Fibromyalgia does not automatically disqualify you unless you are experiencing severe symptoms.
Can I donate blood with an autoimmune disease?,"Eligibility depends on the specific autoimmune disease. Some conditions may prevent donation, while others may not."
Am I eligible to donate if I have a neurological condition?,"It depends on the type of neurological condition. Some conditions, such as epilepsy, may disqualify you from donating."
Can I donate blood if I suffer from rheumatoid arthritis?,"If you are taking immunosuppressive medication for rheumatoid arthritis, you may not be eligible to donate."
Can I donate if I require long-term medication?,It depends on the type of medication you are taking. Some medications may defer you temporarily or permanently.
Are cancer survivors able to donate blood?,"Cancer survivors may be eligible to donate blood if they have been in remission for a specific period, depending on the type of cancer."
Can I donate if I had cancer as a child?,"If you have been cancer-free for a long period, you may be eligible to donate."
Can I donate if I am in remission from cancer?,"If you have been in remission for a certain period, you may be eligible to donate. It’s best to consult a doctor before proceeding."
Is it possible to donate while still recovering from cancer treatment?,Individuals currently undergoing cancer treatment are not eligible to donate blood.
Is it safe to donate blood if I have cancer?,People with active cancer are not eligible to donate blood.
Can individuals with high blood pressure donate blood?,"Yes, you can donate as long as your blood pressure is within the acceptable range of 90-140mmHg (systolic) and 70-100mmHg (diastolic)."
Is it safe to donate blood after having a heart attack?,"Individuals with a history of heart attack may not be eligible to donate, depending on their condition."
Can I donate if I have elevated cholesterol levels?,"Yes, having high cholesterol does not disqualify you from donating blood."
Can I give blood if I have a heart murmur?,"It depends on the severity of the heart murmur. Mild cases may be eligible, while more severe conditions may disqualify you."
Will heart health disqualify me from donating blood?,"Certain heart conditions may disqualify you, while others may not."
Can I donate blood if diagnosed with high blood pressure?,"As long as your blood pressure is within the acceptable range, you may still donate."
Am I eligible to donate blood after having a stroke?,Individuals who have had a stroke may not be eligible to donate blood.
Can I donate if I am on medication for heart issues?,Certain heart medications may affect eligibility. It’s best to consult a doctor before donating.
Is it okay to donate if I have asthma?,"If your asthma is well-managed and you have not had an attack in the past two months, you may be eligible to donate."
Can I give blood if my asthma attack was over two months ago?,"Yes, you may be eligible to donate blood if your last asthma attack was more than two months ago and your condition is well-controlled. However, if you are still on medication or experiencing respiratory symptoms, donation may not be advisable."
Can I donate if I am recovering from an eczema flare-up?,"If your eczema is currently under control and there are no open wounds or infections, you may still be eligible to donate. However, if you are on certain medications or have severe symptoms, you may need to wait."
Can I donate if my asthma is under control and hasn't flared in months?,"Yes, if your asthma is well-managed and you haven’t had a flare-up in months, you are likely eligible to donate blood. However, severe asthma or recent medication changes may impact eligibility."
Am I eligible to donate if I have diabetes?,Individuals with diabetes can donate blood as long as their condition is well-controlled and they are not using insulin or oral hypoglycemic drugs.
Can someone with diabetes donate blood?,"Yes, people with diabetes may donate if their blood sugar levels are stable and they are not taking insulin or oral hypoglycemic medications."
Is it possible to donate if I’m diabetic and using insulin?,"Unfortunately, individuals who are on insulin therapy are not eligible to donate blood due to potential complications. However, if you manage diabetes without insulin, you may still qualify."
Does high blood sugar prevent me from donating?,"If your blood sugar levels are well-managed and you do not require insulin, you may still be eligible. Uncontrolled diabetes or use of insulin can disqualify you."
Is it safe for me to donate if I'm on oral diabetes medication?,"Unfortunately, individuals using oral hypoglycemic drugs are not eligible to donate blood due to medical restrictions."
Can I donate if I have diabetes?,"Yes, you may donate blood if your diabetes is well-managed and you are not taking insulin or oral hypoglycemic medications."
What health issues prevent me from donating?,"Certain medical conditions such as active tuberculosis, heart disease, epilepsy, kidney disease, and chronic alcoholism can prevent you from donating."
Can I donate if I have asthma?,"If your asthma is under control and you have not had an attack in the last two months, you may be eligible to donate. Severe or recently active asthma may require deferral."
Can people with high blood pressure donate?,"Yes, individuals with high blood pressure can donate as long as their blood pressure is within the acceptable range (90–140 mmHg systolic and 70–100 mmHg diastolic) at the time of donation."
Can I donate if I have a thyroid condition?,"Yes, most thyroid conditions do not disqualify you from donating as long as your condition is stable and well-managed."
Does my health condition affect donation?,"Certain health conditions, such as chronic diseases or recent infections, may impact eligibility. However, many conditions do not necessarily prevent donation."
Can I donate blood if I had a heart attack?,"Unfortunately, individuals with a history of heart attacks or cardiovascular diseases are not eligible to donate. This is for your safety."
Can cancer survivors donate?,"Individuals with a history of cancer are generally not eligible to donate. However, eligibility may vary based on the type and stage of cancer."
What medical conditions prevent blood donation?,"Medical conditions that prevent donation include heart disease, kidney disease, epilepsy, HIV, hepatitis, and certain cancers."
Can I donate if I have a blood disorder?,"Some blood disorders may prevent donation, especially if they affect hemoglobin levels or clotting factors."
Can I give blood if I had malaria?,"If you had malaria in the past, you may be deferred from donating blood depending on how long ago the infection occurred."
Can I donate if I have hepatitis B?,"Unfortunately, individuals with hepatitis B or a history of hepatitis B are not eligible to donate blood."
Can I donate blood if I have anemia?,"Individuals with anemia are not eligible to donate, as a healthy hemoglobin level of at least 12.5 g/dL is required."
Can I donate if I have high cholesterol?,"Yes, individuals with high cholesterol can still donate as long as they meet other health requirements."
Do autoimmune diseases affect donation?,"Yes, certain autoimmune diseases may prevent blood donation, depending on severity and medication use."
Can I donate blood if I have epilepsy?,Individuals with epilepsy are not eligible to donate blood due to medical safety concerns.
Can I donate if I have lupus?,"Unfortunately, individuals with lupus are not eligible to donate due to medical restrictions."
Will kidney disease prevent me from donating?,"Yes, kidney disease is a disqualifying condition for blood donation."
Can I donate if I have HIV?,"Unfortunately, individuals with HIV are not eligible to donate blood."
Can I donate blood if I have a liver condition?,"Liver disease, including hepatitis and cirrhosis, generally disqualifies individuals from donating."
Can I donate if I take daily medication?,"Some medications may affect eligibility, but many do not. It depends on the type of medication you are taking."
Can I donate if I have a blood clotting disorder?,"Unfortunately, blood clotting disorders may disqualify you from donating due to safety concerns."
Can I donate blood if I am diabetic?,Diabetics who are not taking insulin or oral hypoglycemic drugs may be eligible.
Can I donate if I have sickle cell trait?,"Individuals with sickle cell trait may still be eligible to donate. However, those with sickle cell disease are not eligible."
Is high blood sugar a problem for donation?,"If you have diabetes and manage your blood sugar without insulin or oral hypoglycemic drugs, you may still be eligible to donate. However, diabetes under medication is a disqualifying factor."
Can I donate blood if I had a stroke?,Individuals with a history of stroke are not eligible to donate due to health risks.
Can I donate blood if I have chronic pain?,"Chronic pain itself may not disqualify you, but the underlying condition and medication use will determine eligibility."
Can I donate if I had cancer as a child?,"If you had cancer as a child and have been in remission for a significant period, you may be eligible. However, eligibility depends on the type of cancer and your current health status."
Can I donate if I have a pacemaker?,"No, individuals with pacemakers are not eligible to donate blood due to underlying cardiovascular conditions."
Can I donate blood if I have IBS?,"Irritable Bowel Syndrome (IBS) does not automatically disqualify you from donating blood. However, if you are experiencing severe symptoms or are on certain medications, you may be deferred."
Can I donate if I have PTSD?,"Having PTSD does not automatically disqualify you from donating blood. As long as you are in stable health and not on medications that affect blood donation, you may be eligible."
Can I donate if I have a neurological disorder?,"Eligibility depends on the specific neurological disorder and whether it affects your ability to safely donate. Some conditions, such as epilepsy, may disqualify you."
Can I donate if I am in cancer remission?,"Individuals in cancer remission may be eligible, depending on how long they have been cancer-free and the type of cancer they had."
Will a history of seizures prevent donation?,"If you have a history of epilepsy or convulsions, you may not be eligible to donate blood. However, if you have been seizure-free for a prolonged period without medication, you may be reconsidered."
Can I donate if I am taking antidepressants?,"Taking antidepressants does not automatically disqualify you from donating blood. As long as you are in stable condition and meet other eligibility criteria, you may donate."
Is hypothyroidism a barrier to blood donation?,"No, hypothyroidism itself does not disqualify you from donating blood, as long as your condition is well-managed."
Can I donate if I have fibromyalgia?,"Fibromyalgia does not automatically prevent you from donating blood. However, if you are experiencing severe symptoms or are on certain medications, you may be deferred."
Can I donate blood if I have an autoimmune disorder?,"Some autoimmune disorders may prevent blood donation, depending on their severity and treatment. Conditions like lupus or rheumatoid arthritis may lead to ineligibility."
Can I donate if I take blood thinners?,"No, individuals on blood thinners are not eligible to donate due to the increased risk of bleeding."
Can I donate if I have a history of tuberculosis?,"If you have recovered from tuberculosis and have completed treatment, you may be eligible. However, active pulmonary tuberculosis disqualifies you from donating."
Can I donate if I have sleep apnea?,Sleep apnea does not disqualify you from donating blood as long as you meet other health requirements.
Can I donate blood if I have chronic fatigue?,"If chronic fatigue is due to an underlying condition such as anemia, you may not be eligible. Otherwise, you may be able to donate if you feel well enough."
Can I donate if I have a heart murmur?,"A heart murmur does not automatically disqualify you, but it depends on the underlying cause and its impact on your health."
Can I donate if I have had hepatitis C?,"No, individuals with a history of hepatitis C are not eligible to donate blood."
Can I donate if I am on immunosuppressants?,"No, individuals on immunosuppressants are not eligible due to the risk of weakened immunity."
Can I donate blood if I have migraines?,"Migraine itself does not disqualify you from donating blood. However, if you are currently experiencing severe symptoms or taking certain medications, you may be deferred."
Can I donate if I have rheumatoid arthritis?,"Rheumatoid arthritis can affect eligibility, especially if you are on immunosuppressants or steroids."
Can I donate if I have ADHD?,"ADHD does not prevent you from donating blood. As long as you meet all health requirements, you may donate."
Can I donate blood if I had COVID-19?,"If you have fully recovered from COVID-19, you may be eligible to donate. However, you must wait at least 28 days after recovery before donating."
Can I donate if I have an enlarged spleen?,An enlarged spleen may indicate an underlying health issue that could disqualify you. It is best to consult with a physician.
Can I donate if I have scoliosis?,Scoliosis does not disqualify you from donating blood unless it affects your overall health.
Can I donate if I take steroids?,"If you are taking steroids for an autoimmune or chronic condition, you may not be eligible to donate."
Can I donate if I have active pulmonary tuberculosis?,"No, individuals with active pulmonary tuberculosis are not eligible to donate blood."
Can I donate if I have diabetes and am on insulin?,"No, individuals who require insulin for diabetes management are not eligible to donate."
Am I eligible to donate if I had rheumatic fever?,"If you have a history of rheumatic fever and have no complications affecting your heart, you may be eligible."
Can I donate blood if I have asthma?,"If your asthma is well-managed and you haven't had an attack in the past two months, you may be eligible."
Is it safe for someone with eczema or dermatitis to donate blood?,"If your eczema or dermatitis is not severe or actively infected, you may still be eligible."
Can I donate blood if I have cardiovascular diseases?,"No, individuals with cardiovascular diseases are not eligible to donate blood."
Can I donate if I had convulsions or epilepsy?,"If you have been seizure-free for a prolonged period without medication, you may be eligible. Otherwise, epilepsy disqualifies you from donating."
Can I donate blood if I have kidney disease?,"No, individuals with kidney disease are not eligible to donate blood."
Can I donate if I had an acute gastric ulcer within the past two years?,"No, individuals who have had an acute gastric ulcer within the past two years are not eligible to donate blood."
Am I eligible to donate if I have a current allergic reaction?,"If you are experiencing an active allergic reaction, such as hives, swelling, or difficulty breathing, you should wait until your symptoms have resolved before donating."
Can I donate blood if I have cancer?,"Individuals with active cancer or a history of certain cancers may be deferred from donating blood. Some cases, like non-melanoma skin cancer, may still be eligible after treatment."
Can I donate blood if I have filariasis?,"Filariasis is a parasitic infection that may disqualify you from donating, depending on the severity and treatment status."
Can I donate blood if I had yaws or other long-standing skin diseases?,"If you have had yaws or other chronic skin diseases, you may need to wait until the condition is fully treated and healed before donating."
Am I allowed to donate if I have hepatitis B or liver disease?,"Unfortunately, individuals with hepatitis B or chronic liver disease are not eligible to donate blood. This is to ensure the safety of both donors and recipients."""
Can I donate if I have syphilis or other STDs?,"If you have an active STD, you may need to wait until treatment is completed before donating blood. Some STDs, like syphilis, require a specific deferral period."
Can I donate blood if I have HIV infection?,Individuals with HIV or AIDS are not eligible to donate blood to ensure the safety of recipients.
Can I donate if I have a history of chronic alcoholism?,"A history of chronic alcoholism may affect your eligibility, especially if it has led to liver disease or other health issues. However, if you are in stable health, you may still qualify."
Am I eligible to donate if I have a history of severe allergic reactions?,"If you have a history of anaphylaxis or severe allergic reactions, you may need medical clearance before donating blood."
Can I donate if I have anemia?,"If you have anemia, you may be ineligible to donate until your iron levels improve. A blood test may be required before donation."
Can I donate if I have a history of prohibited drug use?,"A history of prohibited drug use may affect your eligibility, especially if injectable substances were used."
Can I donate blood if I am pregnant?,Pregnant individuals are not eligible to donate blood to protect both their health and the baby’s well-being.
How long after pregnancy can I donate blood?,You must wait at least six months after giving birth before donating blood to allow your body time to recover.
Can I donate blood if I had a surgical operation within the past year?,"The waiting period after surgery depends on the procedure and recovery time. Some minor surgeries require only a few weeks, while major surgeries may require up to a year."
Can I donate blood if I’ve had an ear piercing or tattoo within the last year?,You must wait at least a year after getting a tattoo or ear piercing unless the procedure was performed in a licensed facility using sterile needles.
Can I donate blood if I work in a hazardous occupation like operating heavy machinery?,"You can donate blood if you work in a hazardous occupation, but it is advised to rest after donation before resuming work to avoid dizziness or fatigue."
Can I donate blood if I have an open wound or mouth sore?,"If you have an open wound or active mouth sore, it is recommended to wait until it has healed to reduce the risk of infection."
Can I donate if I have a common cold?,"If you have a cold, you should wait until you are fully recovered before donating blood to avoid passing on any infections."
How long should I wait after recovering from a common cold to donate?,You should wait at least 7 days after fully recovering from a cold before donating blood.
Can I donate blood if I am on antibiotics?,"If you are taking antibiotics for an infection, you should wait until the infection has cleared before donating."
How long after taking antibiotics should I wait before donating blood?,You should wait at least 7 to 14 days after finishing your antibiotics and being symptom-free before donating blood.
Can I donate blood if I am menstruating?,"Yes, you can donate blood while menstruating, as long as you are not feeling weak or anemic."
Can I donate blood if I am still on my period?,"Yes, being on your period does not automatically disqualify you from donating, but you should ensure you are feeling well before donating."
Is there a waiting period after menstruation to donate blood?,"There is no required waiting period after menstruation, but it is recommended that you wait if you feel fatigued or lightheaded."
"Can I donate blood if I have asthma, but it’s been over two months since the last attack?","Yes, if your asthma is well-managed and you are not experiencing symptoms, you may be eligible to donate blood."
Can I donate blood if I am recovering from a chronic eczema flare-up?,"If your eczema flare-up is healing and you do not have open wounds, you may still be eligible to donate blood."
Can I donate blood if I’m taking oral hypoglycemic drugs for diabetes?,"If your diabetes is well-controlled and you do not have complications, you may still be eligible to donate."
Will my cardiovascular health disqualify me from donating blood?,"If you have a history of heart disease or certain cardiovascular conditions, you may need medical clearance before donating."
Can I donate blood if I’ve been diagnosed with high blood pressure?,"Yes, if your high blood pressure is controlled with medication and within acceptable limits, you may still be eligible to donate blood."
Can I donate blood if I’ve had a stroke in the past?,"If you have had a stroke, you may need medical clearance before donating blood."
Can I donate blood if I have a chronic kidney disease?,Individuals with chronic kidney disease may not be eligible for blood donation due to potential health risks.
Can I donate blood if I’m recovering from a major operation?,You should wait until you are fully healed and have received medical clearance before donating blood.
Can I donate blood after a tattoo if it’s been more than a year?,"Yes, if it has been more than a year since you got your tattoo, you may be eligible to donate blood."
Can I donate blood if I’ve had a severe allergic reaction in the past year?,"If you have had a severe allergic reaction, you may need medical clearance before donating blood."
Can I donate blood if I’m currently taking medication for chronic illness?,It depends on the type of medication and condition being treated.
Can I donate if I’m still recovering from cancer treatment?,"If you are currently undergoing cancer treatment or have recently completed it, you may need to wait before donating. Eligibility depends on the type of cancer and treatment received."
Can I donate if I have had an organ transplant?,Individuals who have received an organ transplant may be ineligible to donate blood due to immunosuppressive medication.
Can I donate blood if I have a condition that requires long-term medication?,It depends on the condition and the medication you are taking. Some medications may temporarily defer you from donating.
Will my history of severe allergic reactions prevent me from donating?,"If your severe allergic reactions have been recent or require ongoing treatment, you may need to wait."
Can I donate blood if I had a recent surgery for a non-major procedure?,"If your surgery was minor and you’ve fully recovered, you may be able to donate. A waiting period may still apply."
Can I donate blood if I’ve had a history of tuberculosis but not active symptoms?,"If your tuberculosis is not active and you have completed treatment, you may be eligible."
Am I temporarily ineligible if I’m taking antibiotics?,"Yes, you may need to wait until you’ve completed your antibiotics and are fully recovered."
Can I donate blood if I have asthma that is well-controlled and hasn't flared in months?,"If your asthma is well-managed and does not require emergency medication, you are likely eligible."
Is there a waiting period for donating blood after taking medications for allergies?,"Most allergy medications do not affect blood donation eligibility, but severe reactions may require a waiting period."
"If I have a cold, how soon can I donate blood after recovery?",You must be symptom-free for at least 1-2 weeks before donating.
Am I eligible to donate if I have had a gastric ulcer in the past but recovered?,"If your ulcer has healed and you are not experiencing symptoms, you may be eligible to donate."
"If I have a history of anemia, can I donate blood now?",You may be eligible if your hemoglobin levels are normal and stable. A quick test will confirm this.
Can I donate if I have had a minor allergic reaction but am no longer symptomatic?,"If your allergic reaction has resolved and does not require ongoing treatment, you may be eligible."
Can I donate blood if I have a skin condition like eczema that isn’t actively flaring?,"If your eczema is not affecting the area where blood is drawn and is under control, you may be eligible."
Am I temporarily deferred if I recently underwent a major surgical operation?,"Yes, a waiting period is required after major surgery to ensure a full recovery before donating blood."
Can I donate blood if I’ve had a serious mental health issue in the past?,"If your condition is well-managed and does not require medication that affects blood donation, you may be eligible."
Can I donate blood if I’m undergoing cancer treatment currently?,"No, individuals undergoing cancer treatment are not eligible to donate. However, eligibility may change after treatment."
Can I donate blood if I’m taking medications for my heart disease?,Certain heart conditions and medications may impact eligibility. A medical evaluation may be required.
Can I donate blood if I’ve had a past history of seizures but am currently seizure-free?,"If your seizures are well-controlled and you are not on certain medications, you may be eligible."
Can I donate if I have a family history of cardiovascular disease?,A family history does not automatically disqualify you. Eligibility depends on your personal health condition.
What does a phlebotomist do during the donation process?,"A phlebotomist is a trained professional who collects your blood, ensures safety, and monitors you during the donation process."
What role does the healthcare staff play in blood donation?,"Healthcare staff assist with the screening, donation, and post-donation care to ensure donor safety and comfort."
Who is responsible for collecting blood during donation?,A phlebotomist or trained healthcare professional is responsible for safely drawing your blood during donation.
How does the staff ensure that the donation process is safe?,"They follow strict safety protocols, use sterile equipment, and monitor donors before, during, and after donation."
Who helps me during the blood donation?,"The donation team, including phlebotomists and medical staff, will guide and assist you throughout the process."
What are the duties of a phlebotomist when donating blood?,"A phlebotomist prepares the donor, collects the blood, ensures safety, and provides post-donation care."
How does the staff assist me during the blood donation?,"They help with the registration, perform a health screening, collect blood safely, and ensure you feel comfortable."
What role does the donation center staff have in the process?,"The staff ensures your eligibility, collects the blood safely, and monitors your health before and after donation."
How do donation center staff ensure I’m comfortable and safe during the procedure?,"They check your vital signs, guide you through the process, and provide assistance if you feel unwell."
What does the donation team do to make sure the process goes smoothly?,"They follow strict safety measures, provide guidance, and offer refreshments after donation."
How often can I donate blood?,You can donate whole blood every 12 weeks (for men) or every 16 weeks (for women).
What’s the recommended time gap between blood donations?,The recommended waiting period is 3 to 4 months between whole blood donations.
Can I donate blood multiple times in a year?,"Yes, you can donate whole blood up to 3-4 times a year, depending on your health."
Is there a limit to how many times I can donate blood?,"Yes, the frequency depends on your overall health and the type of donation."
When can I donate blood again after my first donation?,You must wait at least 3 months before your next whole blood donation.
How long should I wait between each blood donation?,A healthy individual can donate whole blood every 3 months. This allows your body to replenish its blood supply.
Is there a minimum amount of time required before I can donate blood again?,"Yes, for whole blood donation, you must wait at least 3 months between donations. Plasma and platelet donations may have different intervals."
How often do I need to donate to make a difference?,"Every donation can save up to three lives! Regular donors help maintain a stable blood supply, and donating just once can make a huge impact."
Can I donate blood at every donation drive?,"As long as enough time has passed since your last donation (typically 3 months for whole blood), you can donate again at each eligible drive."
How often can I donate without any issues?,"If you are healthy, you can donate whole blood every 3 months without any issues."
Will the donation process hurt?,"Most donors feel only a quick pinch when the needle is inserted, but there is minimal pain overall. The process is safe and comfortable."
Does blood donation cause any pain or discomfort?,"You may feel a slight pinch at the beginning, but the rest of the donation process is generally painless. Any mild discomfort fades quickly."
Is donating blood a painful experience?,"No, most donors report feeling only a small pinch when the needle is inserted, and no pain after that. The entire process is designed to be as comfortable as possible."
Will I feel any discomfort when donating blood?,"Discomfort is minimal. The only sensation you may feel is when the needle is inserted, which lasts just a second."
How painful is the blood donation process?,Pain is usually minimal—a quick pinch when the needle is inserted. The rest of the process is smooth and pain-free.
Is blood donation uncomfortable?,"Most people do not experience discomfort beyond the quick needle insertion. If you feel lightheaded afterward, resting and hydrating helps."
What should I expect in terms of pain when giving blood?,"Expect a small pinch when the needle is inserted, but no significant pain. The staff will ensure you are comfortable throughout the process."
How much discomfort can I expect during the donation?,"The most you may feel is a brief sting when the needle is inserted. Otherwise, you should remain comfortable throughout."
How do they make the donation process comfortable for me?,"Trained medical staff ensure a smooth process by using sterile needles, monitoring your condition, and providing a comfortable donation chair."
Does it hurt to donate blood?,"Only a minor pinch when the needle is inserted, and after that, there’s no pain. Most donors feel completely fine afterward."
What happens to the equipment used for my blood donation?,"All blood donation equipment, including needles and bags, is single-use and safely discarded after every donation."
How do they dispose of used blood donation supplies?,All used equipment is disposed of as medical waste following strict health and safety protocols to prevent contamination.
What safety measures are implemented during the donation?,"Donation centers follow strict safety measures, including sterilization, use of disposable needles, and trained medical staff supervision."
How do they ensure that the donation equipment is sterile?,"All equipment used for blood donation is pre-sterilized and single-use, ensuring complete hygiene and safety."
How is the blood donation procedure kept hygienic?,"Trained staff use sterile techniques, disposable materials, and proper sanitization to maintain a clean and safe donation environment."
How do they make sure the blood donation process is clean and safe?,"Blood donation centers follow strict hygiene protocols, including sterilized equipment and a clean environment to prevent infections."
Are there safety precautions in place during the donation?,"Yes, all donations follow strict safety guidelines, including medical screenings, the use of sterile equipment, and post-donation monitoring."
What do they do with the blood donation materials after use?,Used materials such as needles and tubing are properly disposed of as medical waste to ensure safety.
How is the equipment for blood collection cleaned and reused?,Needles and blood bags are not reused—they are discarded after a single use. Other equipment is sterilized according to health standards.
How do they ensure the donation area is safe?,"The donation area is regularly sanitized, and staff follow strict protocols to maintain cleanliness and prevent cross-contamination."
How does blood donation help others?,"Your donation can save up to three lives! Blood is used in surgeries, emergencies, and for patients with chronic conditions."
What’s the impact of my blood donation on people in need?,"Your donation provides life-saving blood to accident victims, cancer patients, and those undergoing surgeries."
How do I know the person receiving my blood needs it?,"Hospitals and blood banks distribute blood to patients who require it, ensuring it goes to those in need."
Can I choose who gets my blood donation?,"No, donations go to a central blood bank where they are allocated based on medical urgency and need."
Does my blood donation benefit a specific person or the general public?,"It contributes to a community supply, helping anyone in need—trauma patients, cancer patients, and more."
How does my blood donation benefit people in need?,"It provides critical blood supply for surgeries, emergencies, and patients with chronic illnesses."
How is my donated blood used to help others?,"Blood is separated into components—red cells, plasma, and platelets—to treat various medical conditions."
Who benefits from the blood I donate?,"Patients in need, including those with anemia, surgical patients, accident victims, and cancer patients."
How does blood donation affect those who receive it?,"It can be life-saving for patients with severe injuries, blood disorders, or those undergoing surgeries."
Is the blood I donate used immediately or stored for future use?,"It depends on the need. Some blood is used immediately, while others are stored for emergencies or medical procedures."
Can I donate blood in urgent situations?,"Yes, you can donate in urgent situations as long as you meet the eligibility requirements, such as age, weight, and health status. Blood donations are always needed, especially in emergencies."
Can I donate blood if I’m traveling or abroad?,"Your ability to donate while traveling depends on the country’s regulations and potential health risks. If you’ve traveled to an area with certain diseases, you may need to wait before donating."
Where does the blood I donate go after it’s collected?,"Donated blood is sent to blood banks, where it is processed and stored until needed by hospitals for patients in need of transfusions."
Do blood donations go to nearby hospitals or is it distributed widely?,"Blood donations are typically prioritized for local hospitals, but in some cases, they can be distributed to other areas experiencing shortages."
How do donation centers store donated blood?,"Blood is stored under controlled conditions based on its type: whole blood, plasma, or platelets. Each has specific storage temperature and lifespan requirements."
How do blood donation centers handle the blood once it's donated?,"After collection, blood is tested for safety, separated into components (red cells, plasma, and platelets), and stored under proper conditions until needed."
"Can I donate blood in any location, or are there restrictions?","You can donate at any accredited blood donation center, but some locations may have specific guidelines. It’s best to check with the nearest center."
Is the blood I donate used in the local area or sent elsewhere?,"Most of the time, donated blood is used in the same region, but if there is an excess supply, it may be distributed to other areas in need."
Where does the blood I donate end up?,"Your donated blood is carefully processed and then sent to hospitals for patients who need transfusions due to surgery, illness, or emergencies."
How is my blood stored until it’s needed?,"Red blood cells are refrigerated, plasma is frozen, and platelets are stored at room temperature with constant agitation to maintain their effectiveness."
How is blood drawn during the donation procedure?,"A sterile needle is inserted into your arm, and blood is drawn into a collection bag. The procedure takes about 5-10 minutes and is completely safe."
Is blood collection safe for the donor?,"Yes, blood donation is a safe process. The equipment used is sterile and disposable, ensuring there is no risk of infection."
What measures ensure my safety during blood donation?,"Strict safety protocols are followed, including using sterile, single-use equipment and having medical professionals monitor the process."
How do they collect blood from me during the donation?,"A trained professional inserts a sterile needle into your arm, and blood flows into a collection bag. The procedure is quick and safe."
What precautions are taken to ensure the safety of the blood donation process?,All equipment is sterile and used only once per donor. Medical professionals supervise the donation process to ensure donor safety.
How do they ensure the blood collection is done safely?,"Trained professionals handle the collection, using sterile needles and following strict medical protocols to ensure donor safety."
How is blood handled after it’s collected?,"Once collected, blood is tested, separated into useful components, and stored under appropriate conditions before being transported to hospitals."
What steps do they take to keep the donation process sterile?,"Blood donation centers use single-use, sterile needles and ensure all procedures are conducted in a clean and controlled environment."
How is blood handled after it’s donated?,"Blood is processed, tested for safety, and then stored based on the type of component it contains before being used for patients in need."
How is the blood I donate processed and stored?,"Your blood undergoes testing, separation into components, and is stored under controlled conditions to ensure it remains safe for patients who need transfusions."
Is there any testing before I donate blood?,"Yes, a health screening is conducted to check your blood pressure, hemoglobin level, and general health before donation. Would you like to check if you meet the requirements now?"
What screenings are conducted before I donate blood?,"Your health history will be reviewed, and a quick physical examination, including blood pressure and hemoglobin testing, will be done."
How is my health checked before donating blood?,"Before donating, your weight, blood pressure, pulse rate, and hemoglobin levels are checked to ensure you are healthy enough to donate."
What medical screenings are required before blood donation?,"Medical professionals check your vitals, hemoglobin level, and overall health to ensure that you can safely donate blood."
Are there any tests to ensure my blood is suitable for donation?,"Yes, blood samples are taken to check for infections like HIV, hepatitis, and other conditions before your donation is processed."
How do they check my health before I give blood?,"Your blood pressure, pulse, temperature, and hemoglobin levels are checked before donation to ensure you are in good health."
Will they test my blood before I donate?,"Yes, a small sample is tested to check your hemoglobin levels and ensure your donation is safe."
Do I need to undergo any exams before I donate blood?,"A basic health check is done, including blood pressure and hemoglobin testing, to determine if you are fit to donate."
Is there a blood test before donation?,"Yes, a small blood sample is taken to test your hemoglobin levels before donation."
What tests will be performed before I donate blood?,"Your hemoglobin levels, blood pressure, and overall health will be checked to ensure you can donate safely."
What happens right after I donate blood?,"After donation, you will rest for about 10 minutes and be given fluids to help your body recover. Avoid heavy lifting or strenuous activities for the rest of the day."
How do I recover after donating blood?,"Drink plenty of fluids, eat a nutritious meal, and avoid strenuous activities for a few hours. Most people feel normal soon after donation."
What’s involved in the recovery process after giving blood?,"Your body quickly replaces the lost blood. Stay hydrated, rest, and eat well to recover fully within a day or two."
How long does it take for me to feel normal again after donation?,"Most people feel normal within a few hours, as the body replenishes fluids quickly. Just rest and stay hydrated."
What should I do after donating blood to feel better?,"Drink fluids, avoid strenuous activity, and eat a balanced meal to help your body recover quickly."
How soon can I resume normal activities after donating blood?,"You can resume most normal activities immediately after donating, but it’s recommended to avoid strenuous exercise or heavy lifting for at least 24 hours. Staying hydrated and resting can also help with recovery."
Can I go back to work immediately after donating blood?,"Yes, you can return to work after donating blood, but if your job involves heavy lifting or operating machinery, it’s best to wait at least 5 hours before resuming those activities."
What happens if I feel faint after donating blood?,"If you feel faint after donating, lie down with your feet elevated and drink plenty of fluids. Symptoms usually pass within a few minutes. If dizziness persists, seek medical attention."
How soon can I donate again after I recover?,"Once you have fully recovered and meet the eligibility criteria, you may donate again. Whole blood donations can typically be repeated every three months."
What can I expect in terms of recovery time after blood donation?,"Most people recover within a few hours by staying hydrated and resting. Full replenishment of blood cells takes a few weeks, but plasma volume is restored within 24 hours."
How do I get ready for donating blood?,"Make sure to get plenty of rest, eat a healthy meal, avoid alcohol, and drink plenty of fluids before donating."
Is there anything specific I need to do to prepare for a blood donation?,"Yes, avoid fatty foods, get enough sleep, and drink plenty of water. Also, make sure you’re feeling well before donating."
What preparations should I make before I donate blood?,"Eat a light meal, stay hydrated, and avoid alcohol and certain medications before donating."
Do I need to follow any special steps before donating blood?,"There are a few key steps, including resting well, avoiding alcohol, and ensuring you’re healthy on the day of donation."
What’s required of me before I donate blood?,"You must meet the eligibility criteria, eat well before donation, and ensure you are well-hydrated."
Should I follow any dietary or lifestyle guidelines before donating blood?,"Yes, eating iron-rich foods, staying hydrated, and avoiding alcohol can help make your donation experience smoother."
Can I donate blood without any prior preparations?,"While it’s possible, preparing properly by eating well and hydrating ensures a better experience and reduces the risk of dizziness."
Do I need to be in good health to donate blood?,"Yes, being in good health is essential to ensure a safe donation. You should not have any active infections or illnesses."
Can I donate blood while sick?,"No, if you are currently sick, you should wait until you have fully recovered before donating."
Do I need to avoid anything before donating blood?,"Yes, avoid alcohol, fatty foods, and certain medications before donating."
How does the process of blood donation work step-by-step?,"The process includes registration, a health check, donation, and post-donation recovery. A professional will guide you through each step."
What occurs when I give blood?,"Your blood will be drawn by a trained professional, and the entire process takes around 30 minutes."
How is blood collected during the donation procedure?,"A sterile needle is used to collect about 450ml of blood, which is then processed for use."
What steps are involved in donating blood?,"Steps include registration, health screening, donation, and post-donation recovery."
What exactly happens when I donate blood?,"A trained phlebotomist will collect your blood, and you’ll be monitored to ensure you feel well afterward."
Can you walk me through the blood donation process?,"Sure! The process includes a quick health check, donation, and a short recovery period. It’s safe and only takes about 30 minutes."
How is blood taken during donation?,"A needle is inserted into your arm to collect blood, and the process lasts about 5–10 minutes."
What are the stages of donating blood?,"The stages include health screening, donation, and post-donation care."
What should I anticipate when donating blood?,"You can expect a health check, a quick and painless blood draw, and post-donation care."
How do I go about donating blood?,"Visit a donation center, go through the screening process, donate blood, and rest afterward."
What does a phlebotomist do during the blood donation process?,"A phlebotomist will assess your health, insert the needle for collection, and ensure a smooth donation process."
What is the role of the healthcare provider who performs the donation?,"They ensure the procedure is safe, monitor your condition, and handle the blood collection process."
Who is responsible for handling the blood donation process?,Medical professionals and trained staff oversee the donation process to ensure your safety.
Can I donate blood on my first visit to the center?,"Yes, as long as you meet the eligibility criteria, you can donate on your first visit."
How frequently can I donate blood?,A healthy individual can donate whole blood every three months.
Is there a waiting period between each blood donation?,"Yes, the waiting period is usually three months between whole blood donations."
How often can I donate blood and still be eligible?,You can donate whole blood every three months while remaining eligible.
When can I donate blood again after my first donation?,"After your first donation, you can donate again in about three months."
Does the blood donation process cause any pain or discomfort?,Most donors only feel a quick pinch when the needle is inserted. Any discomfort is minimal and temporary.
Will donating blood be painful or uncomfortable?,"Blood donation is generally not painful, and any discomfort lasts only a few seconds."
Is blood donation a painful procedure?,"Blood donation involves a small needle prick, which may cause mild discomfort. However, the process is generally not painful, and most donors report only a slight pinch at the start."
How uncomfortable is the blood donation process?,"The donation process is usually comfortable. You may feel a quick pinch when the needle is inserted, but the rest of the process is generally painless. Any mild discomfort fades quickly after the donation."
What precautions are taken during the donation process?,"Strict safety measures are followed, including sterile, single-use needles and proper medical supervision. Donors also undergo a screening process to ensure they are in good health before donating."
How is the blood donation equipment disposed of after use?,"All blood donation equipment, such as needles and collection bags, is used only once and then disposed of in biohazard waste containers according to strict medical safety protocols."
What safety measures are followed to ensure my donation is safe?,"Sterile equipment is used for each donor, and trained professionals conduct the process. A health screening is done before donation to ensure your safety and the safety of the blood recipient."
How do they ensure hygiene and cleanliness during the process?,"Blood donation centers follow strict hygiene protocols, including disinfecting donor areas, using sterile equipment, and ensuring staff wear gloves and masks."
How does donating blood help others?,"Your blood donation can save lives by providing blood for patients undergoing surgery, accident victims, cancer patients, and those with blood disorders."
In what ways does my donation benefit those in need?,"Your donation helps replenish blood supplies in hospitals, ensuring patients in emergencies and those with medical conditions have access to life-saving transfusions."
How do I know my blood is going to someone who needs it?,"Blood donations are tested, processed, and sent to hospitals and medical facilities where they are used for patients in need. While you may not know the exact recipient, your donation helps save lives."
Can I choose who receives my blood donation?,"No, donated blood is distributed based on medical need. However, you can donate under a directed donation program if a specific patient requires your blood type."
Is the blood I donate used to help someone I personally know?,"While your blood may not directly go to someone you know, it contributes to a supply that helps those in urgent need. If a loved one needs blood, a directed donation may be an option."
Can I donate blood in an urgent situation?,"Yes, in emergencies, blood banks may accept immediate donations, but standard eligibility criteria still apply. It’s best to donate regularly so blood is always available when needed."
Can I donate blood while traveling abroad or in other countries?,It depends on the country’s regulations. Some locations may require a waiting period if you've recently traveled to certain regions due to disease risks.
Do donations go to nearby hospitals or nationwide?,"Blood donations are distributed based on need. Some go to local hospitals, while others are sent to national or regional facilities to ensure an adequate supply everywhere."
How do blood donation centers store and handle blood?,"Blood is stored in temperature-controlled environments and separated into components like red cells, plasma, and platelets, each with different storage and usage times."
What preparations are made before I donate blood?,"Donors are asked to eat a light meal, stay hydrated, and avoid alcohol or certain medications before donation to ensure a smooth process."
How does the donation center prepare for blood donations?,"Donation centers follow strict protocols, including sterilizing equipment, maintaining hygiene, and ensuring professional staff is available to assist donors."
How is blood drawn during the donation process?,A trained professional inserts a sterile needle into a vein in your arm to collect blood. The process usually takes about 5 to 10 minutes.
How is blood collected for donation?,"Blood is drawn using a sterile needle and collected into a blood bag, which is labeled and processed for testing and storage."
Is the blood collection process safe for the donor?,"Yes, blood donation is a safe procedure. All equipment is sterile and used only once, and medical professionals monitor donors throughout the process."
What measures are in place to ensure the safety of the blood I donate?,"Each donation undergoes testing for infectious diseases, and only blood that passes these tests is used for transfusions."
Is the donation process sterile and hygienic?,"Yes, strict hygiene measures are followed, including the use of single-use, sterile equipment and proper sanitization of the donation area."
How is blood separated into different components after donation?,"After collection, blood is processed to separate red blood cells, plasma, and platelets, each of which serves different medical needs."
How is the donated blood stored after collection?,"Blood is stored in temperature-controlled facilities. Red blood cells are refrigerated, plasma is frozen, and platelets are kept at room temperature with continuous agitation."
How do they ensure that donated blood is safe for the recipient?,"Each unit of blood is tested for infectious diseases, blood type, and compatibility before being used in a transfusion."
Are there any tests or screenings before I donate blood?,"Yes, a brief medical check is conducted to assess your eligibility, including a hemoglobin test, blood pressure check, and health questionnaire."
What checks are performed before I give blood?,"Your weight, blood pressure, hemoglobin levels, and general health are checked to ensure you can donate safely."
How is my blood examined prior to donation?,"A small sample is tested for hemoglobin levels, and you are asked about your health history to determine if you are eligible to donate."
Is there a health screening before I donate blood?,"Yes, donors must pass a medical screening, including questions about recent health, travel history, and medications."
What medical assessments are done before I donate blood?,"Medical staff check your vitals, such as blood pressure, hemoglobin levels, and overall health, before allowing you to donate."
What happens after I donate blood?,"After donating, you rest for a few minutes, drink fluids, and are advised to avoid heavy lifting or strenuous activities for the rest of the day."
Is there a recovery period after blood donation?,"Most donors recover quickly, but it's recommended to rest briefly and stay hydrated to help your body replenish fluids."
What should I expect once I’ve donated blood?,"Most donors recover quickly, but it's recommended to rest briefly and stay hydrated to help your body replenish fluids."
How long does it take to recover after donating blood?,"Your body replaces the lost fluids within 24 hours, and new blood cells are produced within a few weeks."
What happens if I pass out during the donation process?,"If you feel lightheaded, staff will help you lie down with your legs elevated, and you will be given fluids to recover quickly."
How should I prepare to donate blood?,"To prepare for blood donation, get enough rest, eat a light meal, avoid fatty foods, and drink plenty of water. You should also avoid alcohol and medications 24 hours before donating."
What do I need to do before I donate blood?,"Before donating, make sure you are well-rested, hydrated, and have eaten a healthy meal. Avoid heavy exercise and alcohol before your donation."
What are the steps to prepare for donating blood?,"Get enough rest the night before, Eat a light meal but avoid fatty foods, Drink plenty of water or juice, Avoid alcohol and certain medications 24 hours prior, Wear comfortable clothing with easy access to your arm."
Is there anything specific I need to do to get ready for blood donation?,"Yes, make sure you are feeling well, stay hydrated, eat a healthy meal, and avoid alcohol and certain medications before donating."
Should I fast before donating blood?,"No, fasting is not required. It’s recommended to eat a light, nutritious meal before donating to prevent dizziness. Avoid fatty foods as they can affect blood test results."
Do I need to be in perfect health to donate blood?,"You don’t need to be in perfect health, but you should feel well and meet the eligibility requirements, such as having normal blood pressure, hemoglobin levels, and no active infections."
Can I donate blood if I’m feeling unwell?,"If you're feeling unwell, it's best to wait until you've fully recovered before donating. You should be free of fever, colds, or any infections for at least 28 days before donating."
How does the process of donating blood work?,"The process includes registration, a brief health screening, a hemoglobin test, and the actual donation, which takes about 10 minutes. Afterward, you’ll rest and hydrate."
What occurs during blood donation?,"You will register, undergo a quick health check, donate blood for about 10 minutes, then rest and have refreshments. The whole process takes around 30 minutes."
Can you explain how blood donation takes place?,"After registration and a quick medical screening, a small amount of blood is drawn to check your hemoglobin levels. If eligible, you’ll donate blood, which usually takes less than 10 minutes."
What is involved when you donate blood?,"Blood donation involves registration, a quick medical check, the actual donation, and a short recovery period. The entire process takes about 30 minutes."
How is blood collected during the donation procedure?,"A sterile needle is used to collect 450cc of blood from your arm. The process is quick, and a medical professional ensures your safety throughout."
What steps are taken during the blood donation process?,"Registration, Health screening, Hemoglobin check, Blood donation (10 minutes), Rest and refreshment"
How does the blood donation procedure unfold?,"After signing up, a medical staff member will check your health, take a small blood sample for testing, and then proceed with the donation. It’s a smooth and safe process."
Can you describe the process of donating blood?,"The process starts with registration, followed by a medical screening and a hemoglobin test. The actual blood donation takes about 10 minutes, and afterward, you’ll rest and rehydrate."
What happens during the donation of blood?,"Your blood will be collected using a sterile needle, and the process is carefully monitored by medical professionals to ensure your safety."
What should I expect when I donate blood?,"Expect a quick registration, a medical check, the donation itself, and a short recovery period. It’s a smooth and safe experience."
How does blood donation work?,"Blood donation is a simple and safe process where a donor provides blood that can be used for patients in need. It involves registration, a brief medical screening, the donation itself (which takes about 10 minutes), and a short recovery period. Your blood is then tested and processed before being distributed to hospitals. Would you like to schedule an appointment to donate?"
What happens when I donate?,"During blood donation, a healthcare professional will check your vital signs, draw approximately 450cc of blood, and ensure you're comfortable. After donating, you'll be asked to rest and drink fluids before resuming normal activities."
How does the blood donation process work?,"The process includes registration, a medical check-up, the donation, and post-donation care. A small sample of your blood will be tested for safety before being distributed to hospitals. Want to check if you're eligible to donate today?"
What happens when I donate blood?,"hen you donate blood, a healthcare professional will guide you through a screening process, collect your blood, and provide post-donation care instructions. The process takes about 30 minutes, and your donation can help save lives."
How is blood collected during donation?,"A sterile needle is inserted into a vein in your arm to collect blood, typically taking about 5-10 minutes. The collection is done in a safe and hygienic environment using single-use equipment."
What is involved in the blood donation procedure?,"The procedure involves registration, a brief medical screening, the actual donation, and a short recovery period. It’s a straightforward and safe process that takes about 30 minutes in total."
Can you explain the steps of blood donation?,"Sure! The steps include: Registration and filling out a health questionnaire. A quick medical check (blood pressure, hemoglobin, etc.). The actual donation (5-10 minutes). Rest and hydration after donation. Your blood is processed and tested before being sent to hospitals."""
What happens to my blood after I donate?,"Your blood is tested for safety, then separated into components like plasma and red blood cells before being sent to hospitals for patients in need."
How do I prepare for donating blood?,"Make sure to get enough rest, drink plenty of water, and eat a light, non-fatty meal before donating. Avoid alcohol and certain medications 24 hours before donation."
What is the process of blood donation from start to finish?,"The full process involves registering, undergoing a medical check, donating blood, and resting afterward. The donated blood is then tested, processed, and distributed to those in need. Would you like to check if you’re eligible to donate today?"
Does my blood go to someone in need right away?,"After donation, your blood is tested and processed before being distributed to hospitals, ensuring it is safe for transfusion."
What is the first step in donating blood?,The first step is registering at a blood donation center and undergoing a quick medical screening to confirm your eligibility.
How long does the blood donation process take?,"The whole process, including screening and recovery, takes about 30 minutes, while the actual donation takes only 5 to 10 minutes."
What should I expect during my blood donation?,"Expect a simple and safe process where your health will be checked, your blood will be drawn using sterile equipment, and you'll be asked to rest and hydrate after donation."
Can you walk me through the donation process?,"Sure! You’ll register, go through a quick health screening, donate blood in about 10 minutes, and then rest with some refreshments."
Is there a screening process before donating blood?,"Yes, a brief medical screening is done to check your eligibility, including a hemoglobin test and health questionnaire."
What medical checks are done before donating blood?,"Your blood pressure, hemoglobin levels, and general health history will be reviewed before you donate."
How is my blood tested before donation?,"A small blood sample is taken to check hemoglobin levels. After donation, your blood is tested for infections to ensure patient safety."
Is there a waiting period before I can donate blood again?,"Yes, a healthy donor can donate whole blood every three months to ensure proper recovery. Plasma and platelet donations may have different waiting periods."
Can I donate blood during my first visit?,"Yes! If you meet the eligibility criteria, you can donate blood on your first visit after a brief medical screening. Would you like to check if you qualify?"
What happens after I donate blood?,"Your body will start replenishing the lost fluids, and you should drink plenty of water. Your blood will be tested, processed, and stored before being sent to hospitals for patients in need."
Do I need to take any special steps before blood donation?,"Yes, get enough rest, eat a healthy meal, stay hydrated, and avoid alcohol and certain medications at least 24 hours before donating."
How does blood donation benefit others?,"Each donation can help save up to three lives! Blood is crucial for surgeries, trauma patients, cancer treatments, and other medical conditions."
How does the donation center prepare for a donation?,"Centers follow strict protocols, ensuring sterile equipment, a comfortable environment, and proper testing of donated blood to maintain safety."
What safety measures are in place during the donation process?,"Strict hygiene standards, single-use needles, professional medical staff, and thorough screening processes ensure a safe donation experience."
How do they make sure my donation is safe?,"Your donation is tested for infectious diseases, blood type, and compatibility before being stored for patient use."
Is the blood donation process painful or uncomfortable?,"You may feel a quick pinch when the needle is inserted, but the process is generally painless and takes only a few minutes."
How do they determine if I am eligible to donate blood?,"Eligibility is determined through a medical questionnaire, a quick health screening, and basic tests for hemoglobin, blood pressure, and overall health."
What happens if I faint during the blood donation process?,"Fainting is rare, but if it happens, medical staff will assist you immediately, ensuring you recover safely."
How do they dispose of the blood donation equipment?,"All equipment used for blood donation, such as needles and tubes, are single-use and safely disposed of as medical waste."
What’s the most important part of the donation process?,"Ensuring donor safety and proper screening before, during, and after donation is the most crucial part."
Can I choose where my blood goes after donation?,"No, but it will be distributed to hospitals and patients most in need."
How do donation centers handle blood storage?,Blood is stored under strict temperature controls to maintain its quality and prevent contamination.
How is blood separated into different components?,"After donation, blood is separated into red cells, plasma, and platelets, allowing it to be used for different medical treatments."
Is the blood donation process sterile?,"Yes, all equipment is sterile and single-use to ensure donor safety."
How do they ensure the blood I donate is safe for recipients?,"Every unit of blood undergoes testing for infectious diseases, blood type, and compatibility before being distributed."
Can I donate blood in an emergency situation?,"Yes, emergency donations are accepted if you meet the eligibility criteria."
Is there a recovery process after donating blood?,"You should rest, drink fluids, and avoid strenuous activities for a few hours after donating."
How do I know my donation is being used properly?,"Blood banks follow strict protocols to ensure donated blood is tested, stored, and sent to hospitals where it is needed."
Can I donate blood while traveling abroad?,"It depends on the country and recent travel history, as certain regions may have restrictions."
Are there any restrictions during the donation process?,"Yes, donors must meet health criteria, and certain medications or recent medical procedures may temporarily prevent donation."
Is a blood donation always successful?,"Most donations are successful, but in rare cases, a donation may be deferred due to health conditions or low hemoglobin levels."
How is blood transfused to patients?,"After testing and processing, blood is matched to a recipient and transfused through an intravenous (IV) line in a hospital setting."
Do I need to fast before donating blood?,"No, fasting is not required before blood donation. However, it’s recommended to eat a light, non-fatty meal and drink plenty of water beforehand."
Can I donate blood if I’m feeling sick?,"No, you should not donate blood if you are feeling sick, have a fever, or are recovering from an illness. You should wait until you are fully recovered."
What happens if there’s an issue with my blood donation?,"If an issue arises, such as an incomplete donation or a health concern, the blood center will notify you. If necessary, a doctor may provide further advice."
How often do I need to donate to help others?,A healthy donor can donate whole blood every three months. Regular donations help maintain a steady blood supply.
Do blood donations go to local hospitals or nationwide?,"Blood donations are typically distributed locally, but in times of crisis, they may be sent to other areas in need."
Can I donate blood if I’ve been vaccinated?,It depends on the vaccine. Some require a waiting period before you can donate. It's best to check with the blood center for specific guidelines.
How does the donation center store the blood after collection?,Blood is stored in temperature-controlled environments and processed into components like plasma and red blood cells to ensure safety and longevity.
Is the blood I donate given to someone I know?,"Not usually. Blood donations go into a general supply to help those in need, but directed donations for a specific person may be arranged in special cases."
What is the role of the phlebotomist in the donation process?,"A phlebotomist is a trained professional responsible for collecting blood, ensuring donor safety, and maintaining hygiene during the process."
Can I donate at different centers as often as I like?,"You can donate at different centers, but you must still follow the recommended waiting period between donations."
"How often do blood drives occur, and can I donate each time?","Blood drives occur frequently, but you should wait at least three months between whole blood donations."
Can I donate blood at a community event if I’ve already donated elsewhere?,"You must follow the recommended waiting period between donations, even if donating at different locations."
Can I donate at multiple donation events throughout the year?,"Yes, but you should wait at least three months between whole blood donations to allow your body to recover."
Is there a maximum number of blood drives I can attend in one year?,"You can attend multiple blood drives, but the recommended limit is four whole blood donations per year."
How often am I able to donate blood?,You can donate whole blood every three months. Plasma donations have different requirements.
What is the recommended interval between blood donations?,"The recommended interval for whole blood donation is three months. For plasma, it may be more frequent."
How much time do I need to allow before donating blood again?,"After a whole blood donation, you should wait at least three months before donating again."
How many donations can I give per year without any issues?,The recommended limit is four whole blood donations per year to ensure your body has time to recover.
Can I donate blood monthly if I'm in good health?,"No, whole blood donation requires a three-month gap between donations. However, plasma donations can be more frequent."
How long should I wait between blood donations for safety reasons?,"For whole blood, the waiting period is three months. For plasma, the interval may be shorter."
How many donations should I aim for each year?,A healthy donor can give blood up to four times per year.
How long is the wait time between blood donations?,The wait time between whole blood donations is three months.
Can I donate blood every 8 weeks without exceeding limits?,"No, the recommended gap between whole blood donations is 12 weeks (three months)."
How often do I need to wait between blood donations to be eligible again?,Whole blood donors must wait three months before donating again.
How soon after donating blood can I donate again safely?,It’s safest to wait at least three months before your next whole blood donation.
How frequently do blood centers require donations?,"Blood centers require regular donations to maintain supply, and healthy donors can donate every three months."
Can I donate blood twice in a year without breaking any rules?,"Yes, you can donate blood up to four times per year, as long as there’s a three-month gap between donations."
How soon can I donate blood after the last time I donated?,You should wait at least three months before donating again.
How long between blood donations for the best safety measures?,Three months is the safest interval between whole blood donations.
Can I donate more frequently if I’m in great health?,"Even in great health, whole blood donations must be spaced three months apart."
What are the guidelines for the time interval between blood donations?,The general guideline is a three-month waiting period for whole blood donations.
Can I donate blood several times in a month if needed?,"No, whole blood donation should only be done every three months to ensure safety."
How often should I donate blood for it to be beneficial?,Donating every three months maximizes the impact while keeping you healthy.
How soon after giving blood can I donate again?,You should wait at least three months before donating again.
How long do I need to wait before giving blood again to ensure it's safe?,A healthy individual may donate blood every three (3) months to allow the body sufficient time to replenish blood cells.
How frequently can I donate without negatively impacting my health?,It is recommended to donate every three months to maintain good health while still supporting those in need.
Can I donate blood after attending a blood drive recently?,"If you recently donated blood, you need to wait at least three months before donating again."
How often can I donate and still be helping those in need?,"You can donate up to four times a year, ensuring a steady supply for patients in need while keeping yourself healthy."
Can I give blood multiple times per year and remain safe?,"Yes, a person in good health can donate blood up to four times a year without any issues."
Can I donate blood at various donation centers throughout the year?,"Yes, you may donate at different centers, but you must still follow the three-month waiting period between donations."
How many blood drives do people donate at throughout the year?,"Many regular donors contribute to three to four blood drives annually, aligning with the safe donation schedule."
Can I donate blood if I've already participated in a community blood event?,"If you recently donated at an event, you must wait at least three months before donating again."
Are there any blood donation events where I can donate multiple times a year?,"Yes, many organizations hold blood drives throughout the year, allowing you to donate safely every three months."
How many blood donation events should I attend to be an active donor?,Attending at least three to four donation events per year makes you an active donor and greatly benefits those in need.
How often am I eligible to donate blood?,A healthy individual can donate blood every three months.
How frequently can blood donations be made?,"You can donate whole blood up to four times a year, or every 12 weeks."
How long should I wait to donate blood again?,A waiting period of at least three months is required between donations.
How many donations can I make in a given year?,You may safely donate whole blood up to four times a year.
Can I donate blood every month without issue?,"No, whole blood donation requires at least a three-month gap to ensure your body recovers properly."
How much time should pass before I can donate blood again?,The standard waiting period is three months between blood donations.
How many times in a year can I give blood safely?,You can donate whole blood up to four times per year without any risk to your health.
How frequently can I donate blood without breaking any rules?,The recommended frequency is once every three months.
How many times should I donate blood annually?,"To help those in need while maintaining your health, donating three to four times a year is ideal."
Is it possible to donate blood twice in a year?,"Yes, you can safely donate blood two to four times a year, depending on your health status."
How soon after donating blood can I give it again?,The waiting period for whole blood donation is three months.
How frequently do hospitals and blood banks need blood donations?,Blood donations are needed continuously to maintain a stable supply for patients.
How much time do I need to wait between each blood donation?,The recommended waiting period between blood donations is three months.
Can I give blood every 2 months?,"No, the required waiting period for whole blood donation is at least three months."
Can I donate blood once every 6 weeks?,"No, whole blood donation requires a minimum of three months between donations."
What’s the minimum waiting time between blood donations?,The minimum waiting time for whole blood donation is three months.
How often do I need to be in good health to donate blood?,"You must be in good health each time you donate blood. If you're feeling unwell, it's best to wait until you've recovered."
Can I donate blood more than once per year if I’m healthy?,"Yes, you may donate up to four times a year if you meet the health criteria."
How often can I donate blood in my lifetime?,"As long as you remain healthy and meet the requirements, you can donate throughout your lifetime."
Can I donate blood frequently if I feel fine and healthy?,"Yes, but you must still follow the three-month waiting period between donations."
Are there restrictions on the number of blood donations I can make annually?,"Yes, whole blood donation is limited to four times a year for safety reasons."
How many times in a year can I safely donate blood?,A healthy donor can safely donate whole blood four times per year.
How long must I wait before donating blood again for safety?,The standard waiting time for whole blood donation is three months.
How often do blood centers request donations?,"Blood centers need donations regularly, and donors can give every three months to help maintain supply."
Can I donate blood twice in a month?,"No, whole blood donation requires at least a three-month waiting period."
How soon can I donate blood after my previous donation?,You can donate whole blood every three months. This allows your body enough time to replenish the lost blood.
How often can I donate blood if I’m a frequent donor?,Healthy individuals can donate blood every three months to ensure proper recovery and maintain good health. Frequent donors should follow this guideline to remain eligible.
What’s the limit for donating blood in one year?,"The recommended maximum for whole blood donation is four times a year, with at least a three-month gap between donations to allow your body to recover."
How long between blood donations should I wait?,You should wait at least 12 weeks (three months) between whole blood donations to ensure your body has enough time to replenish lost components.
Can I donate blood more than once a month?,"No, whole blood donation should only be done every three months. However, plasma or platelet donation may have different frequency requirements."
How many donations can I make annually without exceeding limits?,"You can donate whole blood up to four times per year, with a minimum 12-week gap between donations."
How frequently do blood banks call for donations?,"Blood banks regularly request donations based on the demand for specific blood types. If you’re a registered donor, you may receive reminders when your blood type is in high demand."
How soon can I donate again after a donation event?,"If you donated whole blood, you need to wait three months before donating again to allow your body to recover."
How often do hospitals need blood donations to meet their demand?,"Hospitals require a continuous supply of blood, as demand remains high. Regular donations help maintain a stable blood supply for emergencies and medical treatments."
Can I donate blood at various donation centers?,"Yes, as long as you follow the required waiting period between donations and meet the eligibility criteria at each center."
Can I donate blood at every blood drive?,"Yes, but only if your last donation was at least three months ago. Otherwise, you must wait until you are eligible again."
How frequently do people donate blood during donation events?,"Most donors give blood every three months, which is the recommended interval for maintaining good health and ensuring sufficient recovery time."
Can I donate blood if I’ve already donated at a community event?,"Yes, as long as you wait at least three months before donating again. This ensures your body has recovered."
How frequently can I give blood?,You can give whole blood every 12 weeks (three months) to allow your body to replenish lost components safely.
How many times can I donate blood per year?,"A healthy individual can donate whole blood up to four times a year, following the three-month waiting period between donations."
Can I donate blood every month?,"No, donating whole blood every month is not recommended. A three-month gap is required to allow your body to recover."
How much time should I wait before I donate blood again?,You should wait at least three months between donations to maintain a healthy blood supply.
Is it possible to donate blood every 8 weeks?,"No, whole blood donation requires a 12-week (three-month) interval. However, plasma and platelet donations may have different schedules."
How often do I need to donate blood to remain eligible?,"There is no requirement to donate regularly, but if you wish to be an active donor, you can donate every three months."
Can I donate blood every two months?,"No, whole blood donation should be done every three months to ensure proper recovery and maintain good health."
How long should I wait before donating whole blood again?,A three-month waiting period is required between whole blood donations.
Can I donate blood every three months?,"Yes, every three months is the recommended interval for whole blood donation."
How many donations can I make in one year?,"A healthy individual can donate whole blood up to four times per year, ensuring a three-month gap between donations."
Is it acceptable to donate blood twice annually?,"Yes, donating twice a year is within the safe limit. However, you can donate up to four times a year if you meet the eligibility requirements."
"After my first donation, how soon can I donate again?","If you donated whole blood, you need to wait at least three months before donating again."
How frequently do blood banks require donations?,"Blood banks need regular donations throughout the year to maintain an adequate supply, especially for rare blood types and emergency situations."
Are there any restrictions on how often I can donate blood?,"Yes, the main restriction is the required three-month waiting period between whole blood donations."
How often do hospitals need blood donations?,"Hospitals require a constant supply of blood, as the demand for transfusions remains high for medical treatments and emergencies."
How often should I be checked before donating blood?,"Your eligibility is checked before each donation. A medical professional will assess your blood pressure, hemoglobin levels, and overall health."
Can I donate blood every six weeks?,"No, the minimum interval for whole blood donation is three months. However, platelet or plasma donations may have different rules."
What’s the minimum time between blood donations for safety?,"For whole blood donation, the minimum safe interval is 12 weeks (three months)."
Is it safe to give blood regularly?,"Yes, donating blood every three months is considered safe for healthy individuals."
Can I donate blood as often as I wish?,"No, whole blood donation must follow a three-month interval to ensure your body fully recovers before your next donation."
How often do I need to be in good health to donate blood?,"You must be in good health every time you donate. Before each donation, a medical assessment ensures you are fit to donate."
How frequently can I donate blood over my lifetime?,"As long as you remain in good health and meet the eligibility criteria, you can donate blood every three months for many years."
Can I donate blood frequently if I’m healthy?,"Yes, a healthy individual can donate whole blood every three months. This allows your body enough time to replenish lost blood cells."
Is there a limit to how often I can give blood in my lifetime?,"There is no lifetime limit, but donation intervals must be followed. Whole blood donation is typically allowed every three months to ensure your health and safety."
How often do donation centers seek blood donations?,"Donation centers regularly seek blood donations, as hospitals and patients are in constant need of blood. There is always a demand for donors."
What are the recommended donation intervals for regular blood donors?,"The recommended interval for whole blood donation is every three months. For other types of donations, such as platelets or plasma, the interval may vary."
How many donations am I allowed to make each year?,"A healthy donor can give blood up to four times per year, with a minimum gap of three months between donations."
Does my health condition affect how often I can donate blood?,"Yes, your health condition plays a role in determining your donation frequency. Certain medical conditions or medications may require a longer waiting period."
Is it possible to donate blood more than once a year?,"Yes, you can donate blood up to four times a year, with at least three months between each donation."
How frequently can a regular donor give blood?,"Regular donors can give blood every three months, allowing time for the body to recover and maintain healthy blood levels."
Is there a maximum number of blood donations allowed annually?,"The standard guideline allows up to four whole blood donations per year, with a three-month interval between donations."
How often do hospitals request blood donations?,"Hospitals require blood donations daily to meet the needs of patients undergoing surgeries, treatments, and emergencies. Your donation is always valuable."
Can I donate blood twice in the same month?,"No, whole blood donation requires a minimum interval of three months. However, platelet or plasma donation has different frequency rules."
How often should I donate blood to make an impact?,Donating blood every three months helps maintain a steady supply. Regular donations greatly impact patients in need.
Can I donate blood at special events or drives?,"Yes, blood donation drives and special events are a great way to donate. Make sure you meet the eligibility requirements before attending."
How long do I need to wait between blood donations to ensure safety?,A minimum of three months is required between whole blood donations to allow your body time to recover.
Can I donate every month?,"No, whole blood donation is only allowed every three months. More frequent donations could affect your health."
How often can I donate blood?,"You can donate blood every three months, up to four times a year."
How many times a year can I donate blood?,"You can donate whole blood up to four times a year, with a three-month gap between each donation."
Can I donate blood every month?,"No, donating blood every month is not recommended. A healthy individual may donate whole blood every three (3) months to allow the body to replenish its supply."
How long do I need to wait before donating blood again?,The waiting period between whole blood donations is three months.
What’s the minimum time I need between blood donations?,"For whole blood donation, the minimum time required between donations is three months."
Can I donate blood every 8 weeks?,"No, whole blood donations require a three-month interval. However, plasma or platelet donations may have shorter intervals."
How often should I donate blood to be eligible?,"As long as you meet the eligibility criteria, you can donate blood every three months."
Can I donate blood once every two months?,"No, the recommended interval for whole blood donation is three months."
How long do I need to wait between donations of whole blood?,You must wait at least three months between whole blood donations.
Can I donate blood every 3 months?,"Yes, three months is the standard waiting period between whole blood donations."
How many times can I donate blood in a year?,"You can donate blood up to four times a year, with a three-month gap between each donation."
How often do blood banks need blood donations?,Blood banks need donations daily to maintain a stable supply for patients in need.
Can I donate blood twice a year?,"Yes, you can donate twice a year as long as you follow the three-month waiting period between donations."
Can I donate blood if I haven’t donated in over a year?,"Yes, you can donate blood even if you haven’t donated in over a year, as long as you meet the eligibility criteria."
How soon can I donate again after my first donation?,You must wait at least three months before making another whole blood donation.
Are there any limitations on how often I can donate blood?,"Yes, the standard limit for whole blood donations is four times per year, with a three-month interval between each donation."
How often can I donate red blood cells?,"Red blood cell donations require a longer recovery time than whole blood, typically with a waiting period of at least four months."
How frequently do hospitals need blood donations?,"Hospitals need a continuous supply of blood, as demand for transfusions is high for surgeries, accidents, and treatments."
How long do I need to wait before I donate blood again?,"For whole blood donations, you must wait at least three months before donating again."
Can I donate blood after every donation drive?,"As long as there’s a three-month gap between your donations, you can donate at every eligible donation drive."
How often do people donate blood during blood drives?,"Most donors at blood drives donate every three months, as per the recommended frequency for whole blood donation. However, plasma and platelet donations may have different intervals."
Can I donate if I recently gave blood at a community event?,"If you donated whole blood at a recent event, you must wait at least three months before donating again."
What is the recommended frequency for donating blood?,"The general recommendation is to donate whole blood every three months, while plasma and platelet donations may have different intervals."
How often do I need to be checked before each donation?,"Before every donation, a medical screening is done to check your blood pressure, hemoglobin level, and overall health status. This ensures your safety and the safety of the recipient."
Can I donate blood every 6 weeks?,"Whole blood donation is recommended every three months. If you wish to donate more frequently, plasma or platelet donations might be an option."
How many days between donations is safe?,"For whole blood donation, a 90-day gap is required between donations. For other types like platelet donation, the waiting period may be shorter."
Is it safe to donate blood frequently?,"Yes, as long as you follow the recommended donation intervals—every three months for whole blood. Over-donating can lead to health risks such as anemia."
Can I donate blood as often as I want?,"No, there are limits for your safety. Whole blood donation should be done every three months. Plasma donation may have shorter intervals, depending on your health condition."
How often do I need to be healthy to donate blood?,"You need to be in good health each time you donate. Before donation, your hemoglobin, blood pressure, and overall health are checked to ensure safety."
How often can I donate blood in my lifetime?,"There is no fixed lifetime limit, but donation intervals must be followed to maintain good health."
Can I donate blood as often as I like if I’m in good health?,"Even if you’re in good health, whole blood donation should be done every three months to allow recovery."
Is there a limit on how often I can donate blood in my lifetime?,"No strict lifetime limit exists, but regular donations must follow the recommended intervals to ensure your well-being."
How frequently do blood centers ask for donations?,"Blood centers request donations year-round, especially during shortages. Regular donors can donate every three months."
What are the guidelines for donating blood regularly?,"Donors should wait three months between whole blood donations, maintain good health, and meet eligibility criteria for each donation."
How many donations can I make annually?,"You can donate whole blood up to four times a year, following the three-month interval."
Does my health determine how often I can donate?,"Yes, your health plays a crucial role. If you meet all the health criteria each time, you can donate regularly following the recommended intervals."
Can I donate blood more than once per year?,"Yes, you can donate up to four times per year, following the three-month interval between donations."
How often can I donate if I’m a regular donor?,"Regular donors can donate every three months, provided they meet all eligibility requirements."
Is there a cap on how many donations I can make yearly?,"Yes, you can donate whole blood up to four times per year. Plasma or platelet donations may have different limits."
Can I donate blood at different donation centers?,"Yes, but it’s best to keep track of your donations and follow the required waiting periods between each one."
How often do hospitals request blood donations?,Hospitals require blood donations daily for patients in need. Regular blood donors play a vital role in maintaining supply.
Can I donate blood twice within a month?,"No, whole blood donation requires a three-month waiting period. However, plasma or platelet donations have shorter intervals."
How often should I donate blood to make a difference?,Donating every three months can help save lives consistently. Even donating twice a year makes a significant impact.
Can I donate blood during special drives or events?,"Yes, as long as you meet the eligibility requirements. Community blood drives are a great way to donate."
How long do I need to wait between blood donations for safety?,"For whole blood donations, a 90-day waiting period is required. Plasma or platelet donations may have different waiting times."
How long does the blood screening process take before donation?,"The screening process, which includes a health questionnaire and physical check-up, usually takes about 10–15 minutes."
How long does it take to screen my blood before donation?,"Screening takes around 10–15 minutes, ensuring that you’re healthy and eligible to donate."
How long will the screening process take at the blood donation center?,"The screening process typically takes 10–15 minutes, depending on the center’s procedures."
How long does the testing of my blood take before donation?,"Basic screening before donation takes a few minutes. After donation, further testing is done to ensure the safety of the blood supply."
How long is the blood screening process before I can donate?,"The blood screening process typically takes about 10 to 15 minutes. It includes a health questionnaire, a quick physical exam, and a hemoglobin test to ensure you’re eligible to donate."
How long will it take to process my blood after I donate?,"After donation, your blood undergoes testing and processing, which can take 24 to 48 hours before it's ready for transfusion or further use."
How much time do they take to process my donation after giving blood?,"Once donated, blood processing can take up to two days as it is tested for safety and separated into different components for use."
How long does the blood processing procedure take once I donate?,"Processing your blood after donation can take between 24 to 48 hours, ensuring it meets all safety and quality standards."
How much time is required to test and process the blood after donation?,"After donation, processing and testing typically take 24 to 48 hours before the blood is ready for use."
How long do they take to screen and prepare my blood for donation?,"Screening before donation takes about 10–15 minutes, while processing after donation can take up to two days before your blood is ready for use."
Can I donate blood if I’m on a tight schedule?,"Yes! The entire donation process usually takes 30 to 45 minutes, including screening and recovery. If you’re in a rush, let the staff know so they can assist you efficiently."
How quickly can I donate blood if I don’t have much time?,"The actual blood donation takes about 10 minutes, while the total process, including screening and recovery, is around 30 to 45 minutes."
How much time do I need to spare to donate blood if I’m pressed for time?,Plan for at least 30 to 45 minutes to complete the entire donation process.
Can I donate blood if I’m in a hurry?,"If you’re short on time, you can let the staff know in advance. The donation itself only takes about 10 minutes, but the full process requires at least 30 to 45 minutes."
Is it possible to donate blood in a short amount of time?,"Yes! The fastest part is the actual donation, which only takes 10 minutes. However, expect to stay for about 30 to 45 minutes, including screening and recovery."
Can I donate blood if I only have a limited time available?,"Yes, but you should allow at least 30 to 45 minutes for the full process."
How much time should I expect to spend donating blood if I’m on a tight timeline?,"The donation itself is quick, about 10 minutes, but the entire visit will take 30 to 45 minutes."
Can I donate blood if I’m running short on time?,"Yes, as long as you can set aside at least 30 minutes for the full process."
How quickly can I donate blood if I’m short on time?,"The entire process takes 30 to 45 minutes, but the actual blood draw is just 10 minutes."
How long should I expect to spend at the blood donation center if I'm in a rush?,"If you're in a hurry, expect to be at the center for at least 30 minutes."
How much longer does it take to donate platelets versus whole blood?,"Platelet donation takes about 1.5 to 2 hours, while whole blood donation takes around 30 to 45 minutes."
Is the donation process for red blood cells more time-consuming than regular blood donation?,"Yes, donating red blood cells (double red cell donation) takes about 45 minutes to an hour, compared to whole blood donation, which takes 30 to 45 minutes."
How long does it take to donate red blood cells compared to donating whole blood?,"Red blood cell donation (double red cells) takes about 45 minutes to an hour, while whole blood donation takes 30 to 45 minutes."
Is the donation time for red blood cells longer than the time for whole blood?,"Yes, donating red blood cells using apheresis can take up to an hour, while whole blood donation is usually completed in 30 to 45 minutes."
How long does it take to donate red blood cells versus donating whole blood?,"Whole blood donation takes around 30 to 45 minutes, whereas red blood cell donation may take up to an hour."
How much time do I need to recover after donating blood?,"Most people recover quickly, but it’s recommended to rest for at least 15 minutes after donation and drink plenty of fluids."
How long will it take to recover after giving blood?,"Most donors feel back to normal within a few hours, but it’s best to stay hydrated and avoid strenuous activity for the rest of the day."
How long does it take to feel normal after donating blood?,"You should feel normal within a few hours, but avoid heavy exercise for at least 24 hours."
How long will it take for me to regain my energy after giving blood?,"Most donors regain energy within a few hours, but staying hydrated and eating nutritious meals can help."
How much rest is necessary after donating blood?,"You only need about 15 minutes of rest at the donation site, but it’s best to avoid strenuous activities for the day."
How long should I take to recuperate after a blood donation?,"A short 15-minute rest at the donation site is enough, but take it easy for the rest of the day."
How long should I stay in the recovery area after donation?,You should stay in the recovery area for at least 15 minutes while having a light snack and drink.
How much recovery time should I plan for after a donation?,Plan for about 15 minutes of recovery time at the donation center before resuming your day.
How much time do I need to recover fully from donating blood?,"Most people feel fine after a short rest, but it's good to stay hydrated and avoid intense activity for the next 24 hours."
How long before I can resume my normal activities after donating blood?,"You can resume most activities immediately, but avoid heavy lifting and intense workouts for at least 24 hours."
How long should I expect to be at the blood donation center?,"Plan to be at the center for about 30 to 45 minutes, including screening, donation, and recovery."
How much time should I expect to spend at the donation center?,Expect to spend around 30 to 45 minutes for the entire process.
How much time should I set aside to be at the donation center?,"You should set aside about 30 to 45 minutes, depending on the type of donation."
How long do I have to stay at the donation center before I donate?,The pre-donation screening takes about 10 to 15 minutes before you can start donating.
How long should I plan to be at the blood donation center?,"Plan for about 30 to 45 minutes for the entire process, including screening, donation, and recovery."
How long will my visit to the donation center take?,"A typical visit to a blood donation center takes around 45 minutes to 1 hour, including registration, screening, donation, and recovery time."
How much time is required to stay at the donation center during blood donation?,"The total time spent at the donation center usually ranges from 45 minutes to an hour, with the donation itself taking about 10–15 minutes."
How long will I be at the blood donation facility?,"Expect to spend at least 45 minutes to 1 hour at the blood donation facility. The donation itself is quick, but the screening and recovery time add up."
How much time should I budget for a trip to the donation center?,"It’s best to budget at least an hour for the entire process, from check-in to post-donation rest."
How long should I stay at the center before and after donation?,"Before donating, you’ll go through a screening process that takes around 15 minutes. After donation, you’ll be asked to rest and have some refreshments for about 10–15 minutes."
How much time do I need to donate blood?,"The actual blood donation takes about 10–15 minutes, but the full process, including screening and recovery, takes about 45 minutes to 1 hour."
How long will it take to complete the blood donation process?,"From registration to post-donation rest, the entire process usually takes about an hour."
How much time should I allot for blood donation?,Plan to spend around 45 minutes to an hour at the donation center.
How much time does the entire donation process take?,"The full process, including pre-donation screening and post-donation rest, takes about an hour."
How long does it take to complete the full donation procedure?,"The full donation procedure, including preparation, donation, and recovery, takes approximately 45 minutes to an hour."
How much time is required to finish donating blood?,The actual blood donation process takes about 10–15 minutes.
How long does the actual blood donation take?,"The blood donation itself typically lasts 10 to 15 minutes, depending on how quickly your body allows the blood to flow."
How much time does it take to complete the donation session?,"The entire donation session, including screening, donation, and recovery, lasts about an hour."
What is the time duration for donating blood?,"The actual blood donation takes 10–15 minutes, but the full process, including screening and recovery, lasts around 45 minutes to an hour."
How much time do I need to allocate for the donation?,"Allocate at least 1 hour to complete the entire donation process, including screening and rest."
How long does it take for the screening process before blood donation?,The screening process typically takes about 15–20 minutes.
How much time does it take for blood processing after donation?,"After donation, your blood is tested and processed, which may take a few hours to days, but this does not require your presence."
How long is the wait for processing my blood donation?,"Processing your blood after donation takes a few hours to a few days, depending on the tests required."
How long does it take for the blood donation center to process my donation?,"The center will process your donation within a few days, including testing and preparation for transfusion."
How much time is needed for screening before donating blood?,"Screening typically takes 15–20 minutes, including a health questionnaire and a mini-physical."
How long is the processing time for my blood once donated?,"Once donated, your blood is tested, separated, and stored within a few days before it’s ready for transfusion."
How long should I expect the screening process to take before donating blood?,The pre-donation screening takes around 15–20 minutes.
How long does the center need to process the blood after I donate it?,"Processing your donated blood usually takes a few days, including testing and preparation."
Is it possible to donate blood if I’m running short on time?,"If you're in a rush, the actual donation only takes about 10–15 minutes, but the entire process requires around 45 minutes to an hour."
Can I donate blood in a limited amount of time?,"If you only have a short time, be aware that the full donation process takes around 45 minutes to an hour."
How quickly can I donate blood if I’m in a rush?,"The donation itself is quick (10–15 minutes), but screening and recovery add time, making the total process about 45 minutes to an hour."
Can I donate blood if I don’t have much time to spare?,"If you’re short on time, know that the full process takes at least 45 minutes. It’s best to donate when you have enough time."
How much time do I need to set aside if I’m short on time?,"The minimum time required for a safe donation is around 45 minutes, including screening and post-donation rest."
Is it feasible to donate blood in a quick time frame?,"If you’re in a hurry, the process will still take about 45 minutes to an hour, including all necessary steps."
Can I donate blood in less than an hour if I'm pressed for time?,"Yes, but just barely. The entire process, including recovery, takes about 45 minutes."
How long does it take to donate red blood cells compared to regular blood?,"Donating red blood cells through apheresis takes about 1.5 to 2 hours, while whole blood donation takes about 45 minutes to an hour."
Does it take longer to donate red blood cells than whole blood?,"Yes, red blood cell donation via apheresis takes longer—around 1.5 to 2 hours."
How long does the donation process for red blood cells take?,Red blood cell donation can take 90 minutes to 2 hours due to the apheresis process.
How long will it take to recover after donating blood?,"Most people recover fully within 24 hours, but it’s recommended to rest and stay hydrated immediately after donating."
How long should I rest after giving blood?,You should rest for at least 10–15 minutes at the donation site and avoid strenuous activities for the next 24 hours.
How much time should I spend recovering after blood donation?,"After donating blood, it’s recommended to rest for at least 5 to 10 minutes before resuming activities. Make sure to drink fluids and avoid strenuous tasks for a few hours."
How long should I stay seated after donating blood?,You should remain seated for about 5 to 10 minutes after donating to allow your body to adjust. Drink plenty of fluids and avoid sudden movements to prevent dizziness.
How long does recovery take after a blood donation?,"Most donors feel fine within a few minutes after donation. However, it’s recommended to take it easy for the rest of the day and stay hydrated."
How long should I wait to feel normal after donating blood?,"Most people feel normal within a few hours after donating, but some may feel a little tired. Be sure to drink fluids and avoid strenuous activities for the day."
How long does it take to feel recovered after donating blood?,"Fluid levels are replenished within 24 hours, and new blood cells are generated in a few weeks. You should feel normal within a few hours, provided you rest and hydrate properly."
How much rest do I need after blood donation?,"Rest for at least 5 to 10 minutes immediately after donation, then avoid strenuous activities for the next 24 hours."
How long do I need to rest post-donation?,Rest for 5 to 10 minutes at the donation site and avoid heavy lifting or intense physical activity for the rest of the day.
How much recovery time is necessary after donating blood?,"While your body recovers quickly, it’s best to take it easy for the next few hours. Drink fluids, have a light meal, and avoid heavy exertion for at least 24 hours."
How long will I be at the donation center for blood donation?,"The entire process, including registration, screening, donation, and recovery, typically takes around 30 minutes."
How long do I have to stay at the donation center for a blood donation?,You’ll be at the center for about 30 minutes from start to finish. The actual blood donation only takes around 5 to 10 minutes.
How long do I wait at the blood donation center before I give blood?,"Waiting times vary depending on the number of donors, but the pre-donation screening usually takes about 10 to 15 minutes."
How much time do I need to stay at the donation center?,"The whole process takes about 30 minutes, including registration, screening, donation, and rest time."
Can I donate blood in a short amount of time at the donation center?,"Yes, the actual blood donation takes about 5 to 10 minutes, but the whole process, including screening and rest time, takes around 30 minutes."
How long do I have to wait before giving blood at the donation center?,"The waiting time depends on the number of donors present, but the pre-donation screening takes around 10 to 15 minutes."
How much time should I budget for the entire donation process?,"Plan for about 30 minutes to complete the donation process, including registration, screening, donation, and rest."
How long will the blood donation procedure take at the center?,"The actual blood donation takes about 5 to 10 minutes, but the full process lasts around 30 minutes."
How long should I expect to be at the blood donation center?,"You should expect to spend about 30 minutes at the donation center, including screening, donation, and rest time."
Is there a set duration for the blood donation process at the center?,"Yes, the process usually takes around 30 minutes, including screening, donation, and post-donation recovery."
How much time does the process of donating blood take?,"The entire process, from registration to recovery, takes about 30 minutes, with the actual donation lasting around 5 to 10 minutes."
How long will it take to donate blood?,"Blood donation itself takes only about 5 to 10 minutes, but the whole process, including screening and recovery, takes about 30 minutes."
Is donating blood a quick process?,"Yes, the donation itself is quick, taking only about 5 to 10 minutes. The full process takes around 30 minutes."
How long does the blood donation session last?,"The blood donation session, including screening, donation, and recovery, lasts about 30 minutes."
How much time is needed to donate a unit of blood?,"The actual blood extraction takes about 5 to 10 minutes, but the entire process, including preparation and recovery, lasts around 30 minutes."
How much time should I plan for donating blood?,"Plan to spend about 30 minutes at the donation center, though the donation itself takes just 5 to 10 minutes."
How long does it take to complete the blood donation?,"From registration to post-donation rest, the whole process takes about 30 minutes."
How much time do I need to spend donating blood?,"The blood donation itself is quick, about 5 to 10 minutes, but the total process takes about 30 minutes."
How long does the blood donation procedure take to finish?,"The donation procedure, including screening, takes about 30 minutes in total."
Is the process of donating blood a fast procedure?,"Yes, the actual donation is quick, taking about 5 to 10 minutes. The full process takes about 30 minutes."
Is it a quick process?,"Yes, blood donation is a relatively quick process. The donation itself takes about 5 to 10 minutes, while the full visit lasts around 30 minutes."
How long does blood donation take?,"The full process takes about 30 minutes, with the actual donation lasting about 5 to 10 minutes."
How much time do I need for donating blood?,"Plan for about 30 minutes at the donation center, including screening and rest time."
Is the blood donation process quick?,"Yes, the donation itself is quick, lasting only 5 to 10 minutes, while the full process takes about 30 minutes."
How much time should I set aside for donating blood?,"Set aside about 30 minutes to complete the process, including screening, donation, and post-donation recovery."
How long does the entire blood donation take?,"The entire process, from registration to recovery, takes about 30 minutes."
How long does it take to collect a unit of blood?,"Collecting a unit of blood takes about 5 to 10 minutes, but the entire process lasts around 30 minutes."
How much time do I spend in the donation chair?,"The blood donation itself usually takes about 5-8 minutes. However, you may need to be in the chair a little longer for preparation and post-donation rest. Overall, expect to spend around 10-15 minutes in the chair."
How long will I need to rest after donating blood?,"After donating blood, you’ll need to rest for about 5 to 10 minutes and drink fluids to help replenish your body."
Does the process take longer for first-time donors?,"The process may take a bit longer for first-time donors as there are additional steps, such as filling out a health history form and a medical check-up, but it shouldn't be significantly longer. Expect around 30 minutes."
How long does it take to prepare for the blood donation?,"Preparation typically takes 10-15 minutes, including registration, a brief health screening, and testing your blood type and hemoglobin levels."
How long is the waiting time at the donation center?,"Waiting times can vary depending on the center's volume of donors. Typically, you may wait anywhere from a few minutes to about 30 minutes before you begin the donation process."
How long after donation should I stay at the center?,You should stay at the center for about 5 to 10 minutes after donating to rest and drink fluids. This helps your body recover and reduces any post-donation dizziness.
Can I donate blood quickly or does it take time?,"While the donation itself takes about 5-8 minutes, the entire process, including preparation, health screening, and post-donation rest, usually takes 30 minutes or so."
How much time does it take for a full donation?,"A full blood donation typically takes around 5-8 minutes to extract the blood, but the total time spent at the center is about 30 minutes."
Does the donation process take longer than expected?,"In most cases, the donation process takes about 30 minutes, including preparation and rest. It may take a bit longer depending on the center’s volume of donors or if you're a first-time donor."
How long does blood donation affect your daily activities?,Blood donation typically doesn't have a long-lasting effect on your daily activities. Most donors feel fine within a few hours but should avoid strenuous activities and heavy lifting for the remainder of the day.
Is blood donation a lengthy process?,"Blood donation is a relatively quick process. The actual donation takes about 5-8 minutes, with the entire process (including preparation and rest) taking about 30 minutes."
How long do I need to be at the donation center for a blood donation?,"On average, expect to spend about 30 minutes at the donation center, including time for registration, screening, the donation itself, and post-donation rest."
Can I expect to be there for more than 30 minutes?,"Typically, the whole process takes about 30 minutes. However, if you're a first-time donor, you might need a little extra time for screening and education."
How much time will I need for my first blood donation?,"For first-time donors, the entire process may take a little longer, around 30 to 45 minutes, due to additional steps like registration and health screening."
How long do I stay at the blood center after donation?,"After your donation, you'll need to stay at the center for about 5 to 10 minutes to rest and hydrate before leaving."
Does the length of time for blood donation vary?,"The length of time generally does not vary greatly. On average, expect around 30 minutes. However, factors like first-time donation or waiting time may add a bit of extra time."
How much time is required for post-donation recovery?,Post-donation recovery typically takes 5-10 minutes of rest at the center. Drink fluids to help your body recover. Full recovery may take a day or two for your body to replenish the lost blood volume.
How long do I need to lie down after donating blood?,"You don’t need to lie down for long. Typically, 5-10 minutes of sitting or lying down immediately after donation is sufficient for recovery."
How long will the whole blood donation process take?,"The entire process, from registration to donation and post-donation rest, usually takes about 30 minutes."
How much time do I need for donating blood and getting back to work?,"After donating blood, you should rest for 5-10 minutes. It’s advisable to avoid strenuous work or heavy lifting for the rest of the day, but you can usually return to regular activities shortly after."
How long does the process take for donating red blood cells?,"Donating red blood cells takes longer than donating whole blood. It typically takes about 30-45 minutes for the donation, plus time for preparation and recovery."
How much time should I plan to take off after blood donation?,"Most donors don’t need time off after donating blood, but it's recommended to rest for a few hours and avoid strenuous activities. If needed, take the rest of the day to recover."
Can I donate blood in 20 minutes?,"Blood donation typically takes about 30 minutes, including preparation and rest. It’s unlikely to complete the entire donation process in just 20 minutes."
How long does it take to complete a blood donation session?,"A complete blood donation session typically lasts about 30 minutes, including registration, health screening, the donation itself, and post-donation rest."
How long is the average time for a blood donation?,"On average, a blood donation takes about 30 minutes from start to finish, including screening, donation, and recovery."
How much time should I set aside for donating blood?,"It’s best to set aside about 30 minutes for the entire process of donating blood, from registration to post-donation rest."
How long does it take for the blood center to process my blood?,"Blood processing times vary depending on the type of donation and center. Typically, the process from donation to use can take several hours to a couple of days, depending on storage and testing."
How much time should I expect for the donation procedure?,"The donation procedure itself takes about 5-8 minutes, but the entire process, including preparation and rest, usually takes around 30 minutes."
Is there a time limit on how long I can donate blood?,"There is no time limit for the donation process itself. However, there are rules about how frequently you can donate blood. Healthy individuals can donate every three months."
How long do I wait between donations to ensure a safe process?,You should wait at least 3 months (90 days) between whole blood donations to allow your body to fully recover.
How much time will I be spending at the blood bank for donation?,"On average, you’ll spend about 30 minutes at the blood bank for the entire donation process, from registration to post-donation rest."
Can I donate blood in less than an hour?,"Yes, you can donate blood in less than an hour. The entire process typically takes 30 minutes, including preparation, donation, and rest."
How long will the post-donation recovery take?,Post-donation recovery typically takes 5-10 minutes of rest and hydration at the center. Full recovery from the blood donation may take a day or two.
How long should I rest after donating blood?,You should rest for about 5 to 10 minutes immediately after donating blood. Make sure to hydrate well during this time.
How long does it take for the body to recover from a blood donation?,"Your body typically takes a few days to replenish the lost fluid volume, but it may take a few weeks for your red blood cell count to return to normal."
Can I donate blood in 30 minutes?,"The entire blood donation process, including registration and rest, usually takes about 30 minutes to an hour. However, the actual blood donation typically takes 5-10 minutes. If you're short on time, please check with your nearest donation center about their time requirements."
How much time does it take for the blood to be used?,"Once collected, donated blood is processed and tested before it is made available for use. It typically takes a few hours for blood to be ready for use in a transfusion, depending on the type of blood product needed."
How much time is needed for screening before blood donation?,"Screening usually takes about 10-15 minutes. During this time, a health questionnaire will be filled out, and your blood pressure, temperature, and hemoglobin will be checked."
How much time do I need to take before donating again?,"You can donate whole blood every 3 months (90 days). For plasma donation, you can donate every 28 days. It's important to follow these intervals to allow your body to recover fully."
Can I donate blood if I’m short on time?,"The blood donation process can be completed quickly, but you will still need time for screening, donation, and a brief rest afterward. If you're short on time, please check with your local center about the estimated duration."
How long should I stay hydrated before donating blood?,It's recommended to be well-hydrated at least 24 hours before donating blood. Drink plenty of water or juice leading up to your donation to ensure good circulation and reduce the risk of dizziness.
How long does it take to recover from blood donation?,"The recovery process varies for each person. Generally, it takes a few hours to a day for your body to replace the fluids lost. You may experience mild tiredness for the rest of the day, but it should improve quickly."
How soon does the discomfort go away after donating blood?,"Any discomfort or soreness you may feel typically goes away within a few hours to a day. If you're experiencing persistent discomfort, it's important to follow the aftercare guidelines."
How long do I need to rest after donating blood to feel better?,Resting for about 5-10 minutes after the donation allows your body to recover and helps to reduce dizziness or fainting. It's also important to hydrate after donation.
How long will it take for any pain or soreness to go away after I donate blood?,"Pain or soreness in the arm from the needle insertion generally fades within a few hours. If discomfort persists, applying a cold compress in the first 24 hours and then a hot compress in the next 24 hours can help."
How quickly will the pain subside after I donate blood?,"Most people experience only mild discomfort at the site of the needle insertion, which typically subsides within a few hours. If the discomfort continues, contact a healthcare professional."
Is the discomfort after blood donation temporary?,"Yes, the discomfort or soreness you may feel in the arm or the body after donation is temporary and should go away within a few hours to a day."
How painful is donating blood compared to other medical procedures?,"Blood donation involves a needle insertion, which is usually brief and may cause mild discomfort. It’s generally less painful compared to other medical procedures."
Does the blood donation experience cause a lot of pain?,"Blood donation typically causes minimal pain. The sensation of the needle insertion is brief, and most donors feel little to no pain during the process."
Will I feel any discomfort at any point during the blood donation process?,"You may feel a slight pinch when the needle is inserted. Afterward, you should feel minimal discomfort, and any pain or soreness usually disappears within a few hours."
Can I expect to feel pain when I donate blood?,"Pain during blood donation is usually minimal and limited to the needle insertion, which is over in seconds. Afterward, mild soreness in the arm may occur."
How much pain is normal during the blood donation process?,"A small pinch when the needle is inserted is normal, but significant pain should not occur. If you feel more pain than expected, let the staff know immediately."
Is feeling faint common during blood donation?,"Some people may feel lightheaded or faint during or after donation, but this is typically temporary. Donors are monitored and given rest and fluids afterward to prevent this."
Can I get lightheaded after donating blood?,"Yes, it's possible to feel lightheaded after donating blood. This is usually temporary and can be managed by drinking fluids and resting afterward."
How do I prevent feeling dizzy or faint when donating blood?,"To prevent dizziness, ensure you're well-rested, hydrated, and have had a light meal before donating. It's also important to rest afterward and drink plenty of fluids."
Is it normal to feel faint after giving blood?,"Yes, some donors may feel faint or lightheaded after donation. This is typically temporary, and resting for a few minutes, along with fluid intake, helps to alleviate this feeling."
How can I avoid dizziness after donating blood?,"To reduce dizziness, make sure to stay hydrated, eat well before donating, and rest afterward. Drinking juice or water helps replenish lost fluids."
How do I reduce pain or discomfort after I donate blood?,"To reduce pain or discomfort, apply cold compresses in the first 24 hours, followed by warm compresses in the next 24 hours. Rest and drink plenty of fluids afterward."
How long do I need to rest after giving blood to avoid pain?,"After donating blood, rest for at least 5-10 minutes and avoid strenuous activities for the rest of the day to prevent pain or discomfort."
How should I take care of myself after donating blood to prevent soreness?,"Rest, hydrate, and avoid using the arm where the needle was inserted for heavy lifting. If you experience soreness, apply a cold compress within 24 hours, then a hot compress afterward."
What steps can I take to ease any pain after the donation?,"To ease pain, drink fluids, apply cold compresses within the first 24 hours, and use warm compresses afterward. Rest and avoid heavy lifting with the punctured arm."
How long should I wait before resuming regular activities after donating blood?,"It’s recommended to wait at least 24 hours before resuming strenuous activities like exercise or heavy lifting. After that, you should feel back to normal."
How should I care for my arm to prevent soreness after donating blood?,Avoid lifting heavy objects with the arm used for donation. Apply a cold compress in the first 24 hours and a hot compress afterward to reduce soreness.
How can I help my arm recover after the blood donation process?,"Rest your arm, avoid strenuous activities, and hydrate. If soreness occurs, use a cold compress in the first 24 hours, followed by a warm compress in the next 24 hours."
Will it hurt more if I’m afraid of needles during blood donation?,"Fear of needles may make the experience seem more uncomfortable. However, the needle insertion itself is brief and should not be more painful due to fear."
Is it more painful if my veins are smaller?,"Smaller veins may require more care during the insertion, but the level of pain is usually the same for all donors. The blood collection process itself remains quick and relatively painless."
Will I feel pain during the donation if I’m nervous about needles?,"Nervousness may make you more sensitive to the needle insertion, but the pain is generally minimal. Practicing relaxation techniques might help ease your anxiety."
Does it hurt less if I have larger veins when donating blood?,"Larger veins may make the insertion easier for the staff, but the pain level is generally the same for all donors regardless of vein size."
How can I ease the discomfort during a blood donation?,"To ease discomfort, focus on relaxing, breathing deeply, and staying calm. Inform the staff if you’re feeling anxious, and they can help you stay comfortable."
What can I do to prevent discomfort when donating blood?,"Relaxing, staying calm, and ensuring you’re well-rested and hydrated can help minimize discomfort during blood donation. Communicate any concerns with the staff before starting."
Are there ways to lessen the pain when giving blood?,"To reduce pain during blood donation, try to relax and breathe deeply. Donating in a calm, comfortable environment can help ease any discomfort. Also, applying pressure on the needle site after donation can help reduce soreness."
What are some tips to make blood donation more comfortable?,Stay hydrated before the donation and have a light meal. Relaxing your arm during the donation can help reduce discomfort. Let the staff know if you feel nervous so they can assist you.
How can I reduce any soreness or pain after blood donation?,"To reduce soreness after donating blood, apply a cold compress to the area within the first 24 hours, and then switch to a warm compress. Avoid heavy lifting with the punctured arm and drink plenty of fluids."
How can I make sure I feel as little pain as possible during the donation?,The best way to minimize pain is to stay calm and relaxed. The staff will use a sterile needle and will make the process as smooth as possible. Staying hydrated and eating a light meal beforehand also helps.
How can I ensure the blood donation process is as comfortable as possible?,"To ensure a comfortable blood donation, make sure to rest well before your appointment, eat a light meal, and stay hydrated. If you're feeling nervous, try deep breathing or relaxation techniques. Communicating with the staff during the process can also help ease any discomfort."
Can I do anything before donating blood to reduce discomfort?,"Yes, staying hydrated, eating a light meal (avoiding fatty foods), and getting enough rest the night before can help minimize discomfort. Make sure to avoid alcohol and medications for at least 24 hours before donating."
Will I experience any discomfort after donating blood?,"It’s normal to experience mild discomfort, such as soreness or slight bruising, at the site where the needle was inserted. However, it usually goes away after a few hours to a day."
How long will the discomfort last after I donate blood?,"Discomfort should only last for a few hours to a day after donation. If you feel any pain for a longer period, it’s best to consult with a medical professional."
Will I feel pain once I finish donating blood?,"Most people experience mild discomfort or soreness after the donation, but it shouldn’t last long. If you feel pain after donating, apply a cold compress for 24 hours, then switch to a warm compress."
How much pain or discomfort is normal after donating blood?,"The discomfort after blood donation is usually mild, consisting of soreness or bruising at the needle site. This should resolve in a few hours to a day."
Can I expect to feel sore after I give blood?,"Yes, it’s common to experience soreness or mild bruising at the donation site. This should go away after a short period."
How much pain will I experience after donating blood?,"Most people experience only slight soreness at the needle site. Pain is minimal and should resolve quickly. If you experience severe discomfort, it's recommended to consult a medical professional."
Does it hurt to move your arm after donating blood?,"While it might be a bit sore, you should be able to move your arm after donating blood. Avoid lifting heavy objects with the arm where the needle was inserted."
How long does it take to recover from any discomfort after donating blood?,"The discomfort should subside within a few hours to a day. Rest, hydration, and applying warm compresses can help speed up recovery."
Will I be able to carry out my regular activities after donating blood?,"Most people can resume normal activities after donating blood, but it’s recommended to avoid strenuous activities, especially lifting heavy objects or engaging in vigorous exercise for at least 24 hours."
What should I do if I feel sore or bruised after donating blood?,"Apply a cold compress within the first 24 hours to reduce swelling and bruising. After 24 hours, you can switch to a warm compress. If the soreness persists, contact a healthcare professional."
Is donating blood a painful experience?,Donating blood is generally not a painful experience. Most people feel a small pinch when the needle is inserted. The donation itself is usually quick and causes minimal discomfort.
Will the blood donation hurt at any stage?,"While there might be a slight pinch when the needle is inserted, the donation process is generally not painful. The staff will make sure you're comfortable throughout the procedure."
Is the blood donation procedure painful?,"The procedure is generally not painful, though some discomfort may be felt when the needle is inserted. However, this is usually brief and mild."
Does it hurt to donate blood?,"There may be a small pinch when the needle is inserted, but it shouldn’t be painful. The blood donation itself is usually a comfortable process for most people."
Will there be any pain when the needle is inserted for donation?,"You may feel a quick pinch or slight discomfort when the needle is inserted, but it typically doesn’t last long."
How painful is it to donate blood?,"The pain associated with donating blood is minimal. Most people feel only a small pinch when the needle is inserted, and the process itself is not painful."
Will I feel pain or discomfort when donating blood?,"You may feel a small pinch or slight discomfort when the needle is inserted, but this typically doesn’t last long. The actual blood donation is usually not painful."
Does the donation process cause any pain?,The donation process is generally painless. The only discomfort is typically a slight pinch from the needle insertion.
Will I experience any sharp pain while donating blood?,"Sharp pain is not typical during blood donation. Any discomfort you feel will be mild, and if you experience anything sharp, inform the staff immediately."
Is it painful when the blood is being drawn?,"No, the actual drawing of blood is not painful. The only discomfort may come from the needle insertion, which is brief."
Does the pain stop once the needle is taken out?,"Yes, any discomfort you experience from the needle insertion should stop as soon as the needle is removed."
How long should I rest after giving blood?,Rest for at least 5 to 10 minutes after giving blood to allow your body to recover. Drink plenty of fluids during this time to help replenish your fluid levels.
How long does it take to feel better after donating blood?,You should start feeling better within a few minutes to an hour after donating blood. Staying hydrated and resting can help speed up your recovery.
Does donating blood cause no pain at all?,Donating blood typically causes very little pain. The most you may feel is a small pinch when the needle is inserted.
How does the pain of donating blood compare to other medical procedures?,The pain from donating blood is usually minimal compared to other medical procedures. Most people find it less painful than an injection or a vaccination.
Does the blood donation process cause any lasting discomfort?,"No, any discomfort from blood donation is typically temporary and should subside within a few hours to a day."
Can I donate blood without feeling any pain?,"While you might feel a small pinch when the needle is inserted, most people experience little to no pain during the donation process."
Is it possible to feel faint while donating blood?,"Yes, some people may feel lightheaded or faint during or after donating blood. If you feel faint, let the staff know immediately, and they will assist you."
Will I feel dizzy after giving blood?,"Some people may feel dizzy or lightheaded after donating blood, but it typically passes after resting for a few minutes and drinking fluids."
Is it normal to feel lightheaded after donating blood?,"Yes, feeling lightheaded is common after donating blood due to the temporary drop in blood volume. It's important to sit down, hydrate, and rest to allow your body to adjust. If you feel unwell, inform the staff immediately."
Will there be any bruising or swelling after I donate blood?,Some people may experience mild bruising or swelling at the needle insertion site. This is typically temporary and will go away on its own. Applying a cold compress within the first 24 hours can help reduce swelling.
What aftercare can help reduce pain after donating blood?,"To reduce pain after donating blood, make sure to drink plenty of fluids, avoid heavy lifting, and apply a cold compress to the needle insertion site if there is any swelling. Resting and avoiding strenuous activities for a few hours after donation will also help."
How long should I rest after donating blood?,"It's recommended to rest for at least 5 to 10 minutes right after donating blood. This allows your body to adjust to the fluid loss. Afterward, you should avoid strenuous activities for the rest of the day to ensure proper recovery."
Is it okay to go back to normal activities right after donating blood?,"You should avoid strenuous physical activities, such as lifting heavy objects or intense exercise, for the rest of the day after donating blood. Light activities like walking are generally fine, but it’s essential to listen to your body and rest if you feel lightheaded or tired."
Will I experience soreness in my arm after donating blood?,"Some mild soreness or tenderness in the arm may occur at the site where the needle was inserted. This should subside within a day or two. If you feel any discomfort, apply a cold compress to the area during the first 24 hours."
Can I donate blood if I’m afraid of needles?,"If you're afraid of needles, it may still be possible to donate blood. It’s important to communicate your fears with the medical staff. They can help make the experience more comfortable by offering support and making sure you're relaxed during the procedure."
Will I feel pain if I’m nervous about the needle during donation?,"Feeling nervous can increase sensitivity, but the needle insertion itself should only cause a brief pinch. Staff can help you stay calm, which may reduce your perception of pain. Deep breathing and focusing on something other than the needle can also help."
Does donating blood hurt if I have smaller veins?,"If you have smaller veins, the needle insertion may be slightly more difficult, but it should not cause significant pain. The staff is trained to work with different vein sizes, and they’ll take extra care to make the process as comfortable as possible."
Will the area where the blood is taken hurt after the donation?,"It's common to feel some soreness or tenderness at the site where the needle was inserted, but this typically lasts only a few hours to a day. If you experience swelling or significant pain, applying a cold compress may help."
How can I make blood donation less uncomfortable?,"To reduce discomfort, relax before the donation by getting enough rest, staying hydrated, and eating a light meal. Let the staff know if you’re feeling nervous or uncomfortable during the procedure—they can help make the process smoother."
How can I manage discomfort during the blood donation session?,"If you're feeling discomfort during the session, focus on your breathing to help stay relaxed. You can also ask the staff to adjust your position or offer more frequent breaks if you need them. Letting the staff know how you feel is important."
How can I reduce any pain while donating blood?,"While donating blood, try to stay relaxed and breathe deeply. If you feel pain or discomfort, inform the medical staff right away so they can assist you. They can help adjust your position or provide support during the procedure."
What should I do to recover from any pain after giving blood?,"After donating blood, rest and hydrate to help your body recover. Apply a cold compress to the insertion site if you experience swelling. Avoid any heavy lifting or strenuous activities for at least 24 hours to aid in the recovery process."
How can I minimize any pain that occurs after donating blood?,"To minimize pain, drink plenty of fluids, avoid heavy lifting, and take it easy for the day after donating. If pain persists or you feel unwell, inform the staff or visit a healthcare professional."
Are there any ways to lessen the discomfort from the needle during donation?,"While the needle insertion is quick, it may still cause some discomfort. To lessen this, focus on deep breathing or ask the staff if they can use a smaller needle or take extra time to make you more comfortable."
What should I do before donating blood to feel more relaxed?,"Before donating blood, make sure you get enough rest, eat a light meal, and stay hydrated. If you're nervous, try relaxation techniques like deep breathing, listening to music, or talking with the staff to feel more at ease."
How can I tell if the pain after donating blood is normal?,"Mild soreness or tenderness at the needle site is normal and should subside within a few days. However, if you experience severe pain, swelling, or redness, contact a healthcare provider for further advice."
Will I feel any pain after I donate blood?,You may experience mild soreness or tenderness at the site where the needle was inserted. This is common and usually resolves within a few hours to a day.
How can I ease discomfort after donating blood?,"To ease discomfort after donating blood, drink plenty of fluids, apply a cold compress to the area if needed, and avoid strenuous activities for a few hours after donation. Resting and relaxing will help your body recover."
Is feeling tired a common result of donating blood?,"Yes, feeling tired or fatigued is common after donating blood. This is a temporary effect as your body works to replenish the lost blood. It’s important to rest, hydrate, and take it easy for the rest of the day."
How much discomfort will I feel throughout the donation process?,"Yes, feeling tired or fatigued is common after donating blood. This is a temporary effect as your body works to replenish the lost blood. It’s important to rest, hydrate, and take it easy for the rest of the day."
Will I feel any pain or discomfort after donating?,"Most people experience mild soreness or tenderness at the needle site, which usually resolves within a few hours. If you feel more intense pain or discomfort, you should let the staff know."
How long will I feel uncomfortable post-donation?,"Any discomfort you feel after donating blood, such as soreness at the needle site, should subside within a day or two. If the discomfort persists or worsens, consult a healthcare provider."
How long does it take for the discomfort to go away after donating blood?,"Discomfort from donating blood typically resolves within a day or two. If you experience continued discomfort or pain, let the medical staff know or seek further assistance."
What should I do if I feel pain after giving blood?,"If you feel pain after donating blood, drink plenty of fluids, rest, and apply a cold compress to the area. If the pain persists or worsens, contact the staff or consult a healthcare provider for advice."
How much time does it take for any pain from donating blood to subside?,"The pain should subside within a few hours to a day. If you experience prolonged pain or swelling, apply a cold compress or contact a healthcare provider for further guidance."
Can blood donation lead to long-lasting pain in my arm?,"Long-lasting pain is very rare after blood donation. Any discomfort or soreness in your arm should subside within a few days. If pain persists, it's best to consult a healthcare professional."
Does giving blood cause any pain?,"Donating blood may cause some mild discomfort, such as a brief pinch during the needle insertion, but it should not cause significant pain. Most people experience only mild soreness after the procedure."
Will I experience pain when donating blood?,"You may feel a brief pinch when the needle is inserted, but this should not cause significant pain. Afterward, you may experience mild soreness or tenderness at the needle site."
Will I feel any discomfort during the blood donation process?,"A small amount of discomfort may occur when the needle is inserted, but the donation process itself should not cause any significant pain. The entire process is typically quick and manageable."
Does the needle hurt when it's inserted for blood donation?,"The needle insertion may cause a brief pinch or sting, but it is generally not painful. Most people find the discomfort tolerable, and it lasts only a few seconds."
How much pain is involved when I donate blood?,"The pain involved in donating blood is minimal. You may feel a brief pinch when the needle is inserted, but most of the process is not painful. Some people experience mild soreness afterward."
Is there any sharp pain when donating blood?,"There should not be sharp pain during the blood donation process. If you feel any sharp or intense pain, inform the staff immediately so they can assist you."
Will the blood donation hurt at any point?,"Blood donation involves a needle insertion, which may cause a brief moment of discomfort, but it’s generally not painful. Most people experience little to no pain during the donation process."
Is donating blood more painful for certain people?,"Some people may experience more discomfort due to their sensitivity, but overall, the pain during blood donation is minimal for most individuals."
Will first-time donors feel pain while donating blood?,"First-time donors may feel a little nervous, but the actual process of donating blood is generally not painful. You might feel some mild discomfort during the needle insertion."
Will there be pain during the blood draw?,"There may be slight discomfort as the needle is inserted, but it should not be painful. The process is quick, and the discomfort is usually minimal."
Will I feel any pain?,"You may feel a brief moment of discomfort when the needle is inserted, but the process is usually painless for most people."
Does donating blood hurt?,"Donating blood does not typically hurt, although some people may feel a little discomfort from the needle insertion."
Will I feel pain when donating blood?,Most donors report minimal to no pain during blood donation. The process is generally quick and comfortable.
Is there any discomfort during blood donation?,"Some mild discomfort might occur when the needle is inserted, but it should not cause significant pain. Most people find the process relatively painless."
Does the needle insertion hurt when donating blood?,"The needle insertion may feel like a quick pinch, but it typically does not cause lasting pain. Any discomfort is brief."
How much pain should I expect during blood donation?,"The pain is usually very minimal, with only a brief sensation when the needle is inserted. It is generally not painful."
Is blood donation painful for most people?,"No, for most people, blood donation is not painful. It may cause mild discomfort during the needle insertion, but it’s not typically considered painful."
Will I experience any pain after donating blood?,"After donating blood, some people might experience slight soreness in the arm or feel a bit tired, but pain is usually minimal and temporary."
How can I minimize discomfort during donation?,Relaxing during the donation process can help reduce any discomfort. Make sure to breathe deeply and stay calm.
Does the blood donation process hurt at all?,"The blood donation process should not cause significant pain. You may feel a small pinch when the needle is inserted, but the rest of the process is usually painless."
How do I manage discomfort during a blood donation?,"Relax and focus on breathing deeply. If you feel anxious, let the staff know, and they can assist in making the experience more comfortable."
Will I feel any sharp pain while donating blood?,Sharp pain is rare during blood donation. Most people only experience a brief pinch when the needle is inserted.
Does the blood donation process cause long-term discomfort?,"No, the discomfort from blood donation is typically short-lived. Any soreness in the arm usually fades within a few hours."
Is there any bruising or swelling after blood donation?,"Mild bruising or swelling may occur at the needle insertion site, but it usually resolves within a few days. If you experience any unusual pain, contact the donation center."
How can I avoid feeling pain after donating blood?,"Make sure to rest and hydrate after donating blood. If you feel any discomfort, applying a cold compress to the area may help."
Can I donate blood without feeling pain?,"Most people do not experience pain when donating blood, though there may be a brief moment of discomfort when the needle is inserted."
Does blood donation cause soreness in the arm?,"Some donors may experience mild soreness in the arm after donation, but it typically subsides within a few hours."
Is the process of blood donation painless?,"While some people may experience slight discomfort during the needle insertion, blood donation is generally not considered painful."
How do I handle discomfort during a blood donation session?,"Stay calm and breathe deeply. If you're feeling nervous, let the staff know, and they can assist you through the process."
Can I expect to feel tired after donating blood?,It's normal to feel a little tired after donating blood as your body replenishes the lost fluid. Rest and hydrate after the donation to feel better.
How can I reduce pain after donating blood?,"After donating blood, drink plenty of fluids and avoid heavy lifting. If the site is sore, you can apply a cold compress."
Is there a risk of feeling faint during blood donation?,"Some people may feel lightheaded or faint after donating blood. If you feel dizzy, lie down with your feet elevated and drink fluids."
Can I still donate blood if I am afraid of needles?,"If you’re afraid of needles, let the staff know before the donation. They can assist in making you feel more comfortable during the process."
Will I feel lightheaded after giving blood?,It's possible to feel lightheaded after giving blood. Drinking fluids and resting can help alleviate this feeling.
Is it normal to feel a little dizzy after donating blood?,"Yes, feeling a little dizzy is common after donating blood. It’s important to rest and drink fluids to recover."
Does blood donation hurt more for some people?,"Pain sensitivity varies from person to person. While some may feel more discomfort, blood donation is generally painless for most."
Does the blood donation experience hurt for first-timers?,"First-time donors may feel a little anxious, but the process itself is generally painless. The staff will guide you through it."
Can I feel sore in my arm after a donation?,It’s possible to feel mild soreness in your arm after donating blood. This should subside within a few hours.
How do I deal with discomfort during blood donation?,"If you’re feeling discomfort, try to stay calm and breathe deeply. Let the staff know if you’re feeling uneasy, and they can assist you."
How can I relax before donating blood?,Take deep breaths and remind yourself that the process will be quick and painless. You can also listen to calming music if that helps you relax.
Will I feel any symptoms of pain after donating blood?,"Any pain after donation is usually minimal. Some people experience slight soreness in the arm or feel a little tired, but these symptoms typically subside soon."
How much discomfort should I expect in the process?,"Most people experience very little discomfort. You may feel a small pinch during the needle insertion, but the rest of the process is typically pain-free."
Does blood donation cause any immediate discomfort?,"There may be a small pinch when the needle is inserted, but most donors feel little to no discomfort beyond that."
Will I experience any pain while the blood is being drawn?,"The blood draw itself is usually not painful. The process is quick, and any discomfort is usually minimal."
Is there any aftercare for minimizing pain post-donation?,"After donating blood, rest and hydrate. If you feel soreness in your arm, you can apply a cold compress to reduce swelling or bruising."
"Can I still function normally after donating blood, or will it be painful?","After donating blood, most people feel fine. You might feel a bit tired or sore in the arm, but it’s generally not painful enough to interfere with your normal activities."
How long does the discomfort last after donating blood?,"discomfort is usually short-lived. Soreness in the arm may last a few hours, but it typically goes away soon after."
Can donating blood cause lasting pain in my arm?,"Lasting pain is uncommon, but some people may experience mild soreness in the arm for a few hours. If pain persists, contact the donation center."
How do I recover from pain after giving blood?,"Drink plenty of fluids, rest, and avoid strenuous activities. If soreness persists, apply a cold compress to the arm."
How do I know if the pain after donating is normal?,"Mild soreness and fatigue are common after donation. If you experience severe pain or any other concerning symptoms, contact the donation center."
How quickly will the discomfort subside after donating?,"Most discomfort subsides within a few hours after donation. If the discomfort lasts longer or becomes severe, contact the donation center."
Does donating blood hurt if I have small veins?,"If you have small veins, the process may take a bit longer, but it shouldn’t be significantly more painful. The staff will use the appropriate techniques to minimize discomfort."
Is it painful to donate blood if I’m nervous about needles?,"If you’re nervous, you may feel more discomfort. Let the staff know about your concerns, and they can help make the process more comfortable."
Does the area where blood is drawn hurt after the donation?,"Some people experience mild soreness at the site where the needle was inserted, but it typically subsides within a few hours."
How painful is the blood donation process compared to other medical procedures?,"Blood donation is generally less painful than many medical procedures. The most discomfort comes from the needle insertion, which lasts only a few seconds."
How long do I feel discomfort after donating blood?,Discomfort typically lasts for a few hours after donation. Most people experience no pain beyond the first few moments of the needle insertion.
Is there a way to reduce the pain of a needle prick during donation?,"To minimize discomfort, ensure you are relaxed, stay hydrated, and avoid tense muscles. Deep breathing can also help during the process. Donating blood generally doesn’t cause significant pain, but some discomfort may occur."
Will I experience pain while the donation process is happening?,"During the blood donation process, you may feel a brief prick when the needle is inserted. Most people don’t experience significant pain beyond this moment."
Does the discomfort stop once the needle is removed?,"Yes, the discomfort typically stops immediately after the needle is removed. If you feel any discomfort after the procedure, it usually goes away quickly."
How long does it take for the discomfort from blood donation to go away?,The discomfort from the needle prick typically fades right away after the needle is removed. Any residual discomfort from the blood donation should subside within a few hours.
What are the key differences between blood types for donation purposes?,"Blood types are categorized by the presence or absence of antigens. The main blood groups are A, B, AB, and O, with positive and negative Rh factors. The compatibility between donor and recipient blood types determines the success of a transfusion."
Can I donate if I have a rare or less common blood type?,"Yes, you can donate if you have a rare or less common blood type, though rare blood types may be needed more during emergencies. Donating blood is still encouraged regardless of blood type."
Does my blood type decide who will receive my blood donation?,"Yes, your blood type determines compatibility with the recipient. For example, people with type O-negative blood are universal donors for red blood cells, while those with AB-positive can receive any blood type."
Are certain blood types harder to donate from than others?,"Generally, no blood type is harder to donate from. However, O-negative blood is particularly valuable in emergencies due to its universal donor status. The rarety of certain blood types can affect donation needs."
How does a person’s blood type affect the transfusion process?,"The blood type ensures compatibility between the donor and recipient. Incompatible blood transfusions can lead to serious reactions, so matching the right type is crucial."
How do hospitals manage blood types when performing a transfusion?,"Hospitals carefully match blood types before performing transfusions, ensuring compatibility by testing the donor’s and recipient’s blood. The right blood type is essential for the success of the transfusion."
Can I donate blood if the recipient's blood type doesn't perfectly match mine?,"Blood transfusions require compatibility between the donor and recipient. If the blood types don’t match, the transfusion could be dangerous, and the blood donation would not be viable for that specific recipient."
Which blood types are more crucial in emergencies?,"O-negative blood is most crucial during emergencies because it can be given to any patient in need, regardless of their blood type. It’s often in high demand."
How does the demand for O-negative blood increase during urgent situations?,"O-negative blood is in high demand during emergencies due to its universal donor status, meaning it can be used for patients with any blood type. This increases the need for O-negative donors, especially in hospitals during critical moments."
What factors influence the need for certain blood types at blood drives?,"Blood type demand can be influenced by local needs, such as hospital requirements, seasonal factors, and emergencies. O-negative blood is often needed in higher quantities due to its universal compatibility."
How do hospitals know which blood types are required during emergencies?,Hospitals maintain a database of blood types based on patient needs and may request specific blood types during emergencies. Blood drives are often organized to fulfill these needs.
Are some blood types more needed at certain times of the year?,"The need for certain blood types may fluctuate depending on emergencies, seasonal trends, and specific medical requirements. O-negative blood, in particular, is often in demand year-round."
How often can O-negative blood donors give blood?,"O-negative blood donors, like all blood donors, can donate every three months. Frequent donations can help meet the increased need for O-negative blood."
What is the donation frequency for people with a specific blood type?,"The donation frequency for all blood types is generally the same—every three months. However, the demand for different blood types may vary based on the specific needs of patients."
How many times a year can I donate based on my blood type?,"You can donate blood up to four times a year, regardless of your blood type. If you wish to donate more frequently, specific blood donation centers may have additional guidelines or restrictions."
Does the frequency of blood donations depend on blood type?,"The frequency of blood donations is generally the same for all blood types. Most people can donate up to four times a year, but the need for certain blood types may vary based on medical emergencies or hospital requests."
Can I donate blood more frequently if I have a rare blood type?,"No, the frequency of blood donations doesn’t depend on your blood type, including rare blood types. You can typically donate once every three months, regardless of your blood type."
How often can people with O-negative blood donate in a year?,"O-negative blood donors can donate up to four times a year, just like other blood types. The blood donation frequency is not dependent on blood type, but O-negative blood may be needed more frequently during emergencies."
How often can I give blood if I have a specific blood type?,"You can donate blood once every three months, regardless of your specific blood type. The frequency of donation is determined by health guidelines rather than blood type."
Is blood type essential when donating blood?,"Blood type is important for matching the donor and recipient in transfusions, but it does not affect your ability to donate. However, your blood type determines the compatibility for the transfusion process."
Are some blood types more useful for donation than others?,"Yes, some blood types are more universally compatible, like O-negative, which can be used for any patient in an emergency. Blood type O-negative is particularly valuable."
Which blood types are most commonly donated by donors?,"O-positive and A-positive are among the most commonly donated blood types, as they are relatively frequent and in high demand."
Does my blood type impact how long I should wait before donating again?,Your blood type does not impact how long you need to wait before donating again. All donors should wait at least three months between donations for safe practices.
Can the type of blood I have influence how often I should donate?,Your blood type does not influence how often you should donate. It’s the overall health and safety guidelines that determine the frequency of donations.
Does my blood type determine how frequently I can donate blood?,"No, your blood type does not determine how frequently you can donate. Donation guidelines typically allow for blood donation every three months."
Is O-positive the most common blood type for donations?,"Yes, O-positive is the most common blood type and is in high demand for donations."
Is blood type matching crucial for recipients in need of a transfusion?,"Yes, blood type matching is critical to avoid dangerous reactions. Incompatible blood transfusions can be harmful, which is why proper matching is necessary."
How does having a certain blood type impact my eligibility to donate blood?,"Your blood type does not affect your eligibility to donate. Eligibility is based on general health criteria, such as age, weight, and blood pressure."
Are specific blood types requested more frequently during donation drives?,"Yes, certain blood types, particularly O-negative and O-positive, are often requested more frequently due to their importance in transfusions and emergencies."
Does my blood type affect who can receive my donation?,"Yes, your blood type impacts who can receive your donation. For example, O-negative blood can be given to anyone, while other blood types may have more specific compatibility requirements."
Can a person with A-positive blood donate to anyone in need of blood?,"No, A-positive blood can only be given to individuals with A-positive, A-negative, AB-positive, or AB-negative blood types."
"If I have A-negative blood, can I donate to someone with O-positive blood?","No, A-negative blood cannot be given to someone with O-positive blood. Compatibility depends on blood type and Rh factor."
Is it safe to mix different blood types during transfusions?,"No, mixing incompatible blood types can cause serious reactions. Blood transfusions must be carefully matched for compatibility."
How does blood type affect the matching of donors to recipients?,Blood type determines which donations are compatible with a recipient. Proper matching is essential for a safe transfusion and to avoid harmful reactions.
How do doctors decide which blood type can receive my donation?,Doctors assess the donor's and recipient's blood types to ensure compatibility. They use specific blood tests to match blood types before performing a transfusion.
Can my blood type limit the recipients of my donation?,"Yes, your blood type can limit who can receive your donation. For example, O-negative is a universal donor for red blood cells, while other blood types have more specific compatibility requirements."
Which blood types are the most compatible for blood donation?,"O-negative is the most universally compatible blood type for donations, as it can be used for any recipient. AB-positive is the universal recipient for blood."
How is the blood type matching process handled at donation centers?,"At donation centers, blood typing is conducted to ensure compatibility before transfusions. The process involves blood tests to confirm donor and recipient matching."
Is my blood type compatibility important for donation eligibility?,"While blood type compatibility is crucial for transfusion success, it does not directly affect your eligibility to donate. Eligibility depends on your general health and physical criteria."
Is a rare blood type a barrier to donating blood?,"No, a rare blood type is not a barrier to donating blood. Rare blood types are important and often needed in emergencies, so donating is encouraged."
Can I donate blood if my blood type is uncommon or rare?,"Yes, you can donate blood if you have a rare or uncommon blood type. Donations from all blood types, including rare ones, are valuable."
Can I still donate if I have a blood type that is considered rare?,"Yes, you can still donate if you have a rare blood type. Donations from rare blood types can be crucial during emergencies."
"If I have AB-negative blood, can I donate?","Yes, you can donate if you have AB-negative blood. However, AB-negative blood can only be given to recipients with AB-negative or AB-positive blood."
Am I able to donate blood if I have type AB blood?,"Yes, you can donate if you have type AB blood. However, it can only be given to AB-positive or AB-negative recipients."
"Can I donate blood if I have a positive blood type, such as A-positive?","Yes, you can donate if you have A-positive blood. A-positive blood can be given to A-positive, A-negative, AB-positive, and AB-negative recipients."
"If I have a rare blood type, can I still donate blood in an emergency?","Yes, rare blood types can still be donated in an emergency. Your donation could be extremely valuable, especially if your blood type is needed urgently."
Can someone with O-negative blood give to any blood type?,"O-negative blood is considered a universal donor type, meaning it can be given to individuals with any blood type. It is especially valuable in emergencies and trauma situations."
Can people with positive blood types donate to everyone in need?,"No, people with positive blood types can donate only to others who have positive blood types. For example, someone with O-positive blood can only donate to other O-positive, A-positive, B-positive, and AB-positive individuals."
"If I have a rare blood type, can I still donate blood in emergencies?","Yes, even if you have a rare blood type, your blood can still be used in emergencies. However, rare blood types may be harder to match with recipients, making donations important for those in need."
Which blood types are most essential for donation?,"O-negative, O-positive, A-negative, and AB-positive are generally considered the most essential blood types, as they are frequently needed in emergencies and medical situations."
What blood type is most critical to donate during emergencies?,O-negative blood is the most critical during emergencies because it is a universal donor type and can be given to people of any blood type in urgent situations.
Which blood type is typically in high demand?,"O-negative blood is typically in high demand because of its ability to be used for people of any blood type. Additionally, O-positive and AB-positive are often in high demand as well."
Why are specific blood types more critical in emergencies?,"Some blood types are critical in emergencies due to their compatibility with more people. O-negative is especially crucial because it can be given to anyone, while other types may only be compatible with a narrower group."
What makes O-negative blood a key donation type during crises?,"O-negative blood is considered a key donation type during crises because it can be transfused into any patient regardless of their blood type, making it essential for treating trauma patients when blood type compatibility is uncertain."
Why is O-negative blood considered so valuable for donations?,"O-negative blood is valuable because it is the universal blood type for red cell transfusions. In emergencies, when there is no time to test blood types, O-negative blood can be used for any patient."
Why does O-negative blood hold such significance in medical situations?,"O-negative blood holds significance because it can be given to any patient in need, regardless of the patient’s blood type, making it a vital resource in medical situations where rapid action is required."
How important is AB-positive blood for blood donations?,AB-positive blood is important because it is the universal plasma donor type. Individuals with AB-positive blood can donate plasma to anyone in need of plasma transfusions.
Which blood type is in the greatest demand for transfusions?,O-negative blood is typically in the greatest demand for transfusions due to its universal compatibility with all other blood types in emergencies.
What blood types are especially needed for life-saving donations?,"O-negative and O-positive blood are especially needed for life-saving donations, as well as AB-positive for plasma donations."
What are the key differences between blood types for donation purposes?,"Blood types differ in terms of compatibility for donations. For instance, O-negative blood is a universal donor for red blood cells, while AB-positive is a universal plasma donor. Each type has varying compatibility for transfusions."
Can I donate if I have a less common blood type?,"Yes, even if you have a less common blood type, you can donate. Your donation will be important for individuals with the same rare blood type or for those in need of plasma."
Does my blood type determine the recipients of my blood donations?,"Yes, your blood type determines which recipients can safely receive your donation. For example, O-negative can be given to anyone, but A-positive can only be donated to A-positive, AB-positive, and A-negative individuals."
Are certain blood types more challenging to donate from than others?,"Some rare blood types can be more challenging to donate from due to their limited compatibility with other blood types. For example, AB-negative is rare, and fewer recipients can accept this blood type."
How does blood type affect the process of a transfusion?,Blood type compatibility is crucial in the transfusion process to prevent adverse reactions. Blood is carefully matched between the donor and recipient based on blood type to ensure safe transfusions.
How do medical professionals use blood types for transfusions?,Medical professionals use blood types to ensure compatibility between donor blood and recipient blood. This prevents immune system reactions and ensures that the transfusion is safe and effective.
Can I donate blood if it is not a perfect match for the recipient?,"In general, blood must match the recipient’s blood type. However, in emergencies, O-negative blood may be used as it is compatible with any blood type."
Which blood types are needed more in emergencies?,"O-negative blood is the most needed during emergencies due to its ability to be used for anyone, while other types are also important depending on the situation and available blood supply."
Why is O-negative blood so crucial during urgent situations?,"O-negative blood is crucial during urgent situations because it can be used for any patient, regardless of their blood type, making it a critical resource when time is of the essence."
What factors determine which blood types are needed at donation events?,"Blood type needs at donation events depend on the current blood supply, hospital needs, and the most common blood types in the community. O-negative and O-positive are often in high demand."
How do hospitals determine which blood types are necessary during emergencies?,Hospitals typically assess the blood type of patients in need of transfusions and determine which blood types are necessary based on compatibility and the urgency of the situation.
Are there specific blood types that are more in demand during certain seasons?,"Certain blood types may be more in demand during particular seasons due to factors like accidents, natural disasters, or seasonal illness patterns, but O-negative blood is generally always in high demand."
How often can O-negative blood donors donate?,"O-negative blood donors can donate every three months, just like other types of blood donations, as long as they meet the eligibility criteria."
How often can I give blood based on my blood type?,"Most blood donors, regardless of blood type, can donate every 56 days (about 8 weeks). O-negative donors can donate this frequently, provided they meet the requirements."
How often can I donate blood if I have a specific blood type?,"You can donate blood every 8 weeks, regardless of your blood type, as long as you meet the eligibility requirements."
What impact does blood type have on the frequency of donation?,Blood type does not significantly impact the frequency at which you can donate. All blood types follow similar donation schedules of about 8 weeks for whole blood donations.
Can I donate blood frequently if I have a rare blood type?,"Yes, you can donate blood frequently if you have a rare blood type, as long as you meet the health requirements and the donation guidelines."
How often can people with O-negative blood contribute donations?,"People with O-negative blood can donate every 8 weeks, like other blood donors, as long as they meet the eligibility requirements."
How many times a year can I donate blood based on my blood type?,"You can donate up to 6 times a year if you are donating whole blood, regardless of your blood type, as long as you meet the criteria."
Is blood type a key factor when donating blood?,"While blood type is important for compatibility during transfusions, it is not a key factor for the frequency of donation. As long as you meet the other requirements, you can donate."
Are all blood types helpful for donation purposes?,"Yes, all blood types are helpful for donation purposes, as different types are needed for various medical situations. O-negative is crucial for emergencies, while AB-positive is important for plasma donation."
Which blood types are typically donated the most?,O-negative and O-positive blood types are typically donated the most due to their wide compatibility and frequent need in medical situations.
Does the type of blood I have impact how long I need to wait between donations?,"No, your blood type does not affect the waiting time between donations. You can donate every 8 weeks, as long as you meet the health requirements."
How does blood type influence how often I can donate?,"Blood type does not influence how often you can donate. The donation frequency is primarily determined by the type of donation (whole blood, plasma, etc.) and your health status."
Can my blood type determine how often I should donate?,"Your blood type does not determine how often you should donate. Donation frequency is determined by guidelines for whole blood donations, typically every 8 weeks."
Does O-positive blood have a higher donation rate compared to others?,"O-positive blood tends to have a higher donation rate because it is compatible with a large number of people, making it more in demand."
Is blood type compatibility essential for patients in need?,"Yes, blood type compatibility is essential for patients receiving blood transfusions. Donors and recipients must have matching blood types to ensure the transfusion is safe."
How does my blood type affect my eligibility to donate blood?,"Your blood type does not affect your eligibility to donate, but it determines which recipients can safely receive your donation."
Are certain blood types needed more often than others in donation programs?,"Yes, O-negative and O-positive blood are needed more often in donation programs due to their high demand in emergencies."
Does my blood type determine who can receive my donation?,"Yes, your blood type determines which individuals can receive your blood. For example, O-negative blood can be donated to anyone, but A-positive blood can only be donated to A-positive or AB-positive recipients."
Can someone with A-positive blood donate to anyone in need?,"No, someone with A-positive blood can only donate to A-positive, AB-positive, or A-negative recipients."
Is it possible for people with A-negative blood to donate to those with O-positive blood?,"No, A-negative blood cannot be donated to O-positive individuals. Blood types must be compatible for a safe transfusion."
Can blood types be mixed during a transfusion?,Blood types must be compatible during a transfusion to avoid adverse reactions. Blood from incompatible types should never be mixed.
How does a person’s blood type influence the transfusion procedure?,A person’s blood type determines which blood types can be used for their transfusion. Compatibility is crucial to avoid harmful reactions.
Will my blood type affect my eligibility to donate blood?,"Your blood type does not affect your eligibility to donate, but it determines compatibility with recipients."
Can my blood type restrict who can receive it?,"Yes, your blood type can restrict who can receive it. For example, O-negative blood can be given to anyone, but A-positive blood can only be donated to people with A-positive or AB-positive blood types."
Which blood type is most compatible for donation?,"O-negative is the most compatible blood type for donation because it can be transfused into any patient, regardless of their blood type."
How does the blood type matching system work in blood donation?,"Blood type compatibility is essential for safe blood transfusion. Donated blood is matched with the recipient’s blood type (A, B, AB, O) and Rh factor (positive or negative). For instance, O-negative is the universal donor, and AB-positive is the universal recipient."
"Can I donate to any blood type, or does it depend on compatibility?","You can donate blood to specific compatible blood types. For example, type O-negative can donate to any blood type, but type A blood can only donate to A and AB types."
Can I donate if I have a rare blood type?,"Yes, individuals with rare blood types can donate blood. While it may not be as common, rare blood types are crucial, especially in emergencies or for those with rare blood type needs."
Is it possible to donate blood if I have an unusual blood type?,"Yes, people with unusual blood types can donate blood. However, compatibility with the recipient's blood type must be ensured."
Can I donate if I possess a rare or uncommon blood type?,"Yes, even with a rare or uncommon blood type, you are eligible to donate, but your blood will be especially useful in emergencies or for recipients with specific rare needs."
Is it okay to donate if I have AB-negative blood?,"Yes, individuals with AB-negative blood can donate, but AB-negative blood is only compatible with other AB-negative recipients or AB-positive."
Am I eligible to donate blood if I have type AB blood?,"Yes, if you have type AB blood, you can donate to others with AB blood type, but it is generally a less common donation type compared to others."
Can I donate blood if I have a positive blood type?,"Yes, people with positive blood types (A+, B+, AB+, O+) can donate blood, but the compatibility depends on the recipient’s blood type."
"If I have a rare blood type and need it urgently, can I still donate?","Yes, if you have a rare blood type, you can still donate. Donating may even help ensure that your blood type is available in case of an emergency for others with similar needs."
Can someone with O-negative blood donate to anyone?,"Yes, O-negative is the universal donor blood type, and it can be given to any blood type, making it especially valuable in emergencies."
Can I donate blood if my blood type is positive?,"Yes, you can donate if you have a positive blood type, but your donation will be best suited for recipients with compatible blood types."
"If I have a rare blood type, can I still donate blood if needed urgently?","Yes, if you have a rare blood type, you can still donate. Blood donations of all types are crucial, particularly during emergencies."
Which blood type is most in demand for donation?,O-negative is most in demand for donation due to its ability to be given to any blood type in emergencies.
What is the most needed blood type for donation?,O-negative is typically the most needed blood type because it is universally compatible.
Why are certain blood types more sought after than others for donation?,"Certain blood types like O-negative and AB-positive are more sought after because they are either universal donors or recipients, making them essential in emergencies."
What blood type is crucial for emergency blood donation?,"O-negative is crucial for emergency blood donations because it can be given to any patient, regardless of their blood type."
Why is O-negative blood essential for donations during emergencies?,"O-negative is essential because it is the universal donor type, and hospitals can use it for patients of any blood type, especially in urgent situations."
Why are O-negative blood donations highly valued?,"O-negative donations are highly valued because they can be transfused to anyone, which is crucial in emergencies when the recipient's blood type is unknown."
What makes O-negative blood so vital in urgent situations?,"O-negative blood is vital because it is the universal blood type, making it safe for transfusions in patients with any blood type, especially when time is critical."
Why is AB-positive blood especially significant for donations?,"AB-positive blood is significant because it is the universal plasma donor, meaning individuals with AB-positive blood can donate plasma to any recipient."
What blood type is urgently needed for blood donations?,"O-negative blood is urgently needed, as it can be transfused to anyone in need, making it essential during critical situations."
What makes O-negative blood so precious during critical times?,O-negative blood is precious because it is universally compatible and can be used in emergency situations when there is no time to match blood types.
Which blood types are vital for both blood and organ donation?,"O-negative blood is vital for both blood and organ donations, as it can be used in transfusions for recipients of any blood type, and it’s often needed for organ transplantation emergencies."
What blood type is most needed?,O-negative blood is the most needed because it can be transfused to patients of all blood types.
Can all blood types donate?,"No, not all blood types can donate to every recipient. Compatibility is required, and some blood types, like O-negative, are more versatile in their ability to be donated."
What blood type is most needed for donation?,"O-negative is the most needed for donation, especially in emergencies, as it can be given to any patient regardless of their blood type."
Can any blood type donate blood?,"No, only compatible blood types can donate blood to recipients. For example, O-negative is universal, but other types may only be compatible with certain blood types."
Which blood type is in highest demand for donation?,O-negative blood is in the highest demand due to its universal compatibility.
Can I donate blood if I have an uncommon blood type?,"Yes, even if you have an uncommon blood type, you can still donate. However, the compatibility depends on the recipient's blood type."
What is the rarest blood type to donate?,"The rarest blood types are AB-negative and Rh-null blood, which are both extremely uncommon and highly valuable for donation."
How does blood type affect my eligibility to donate?,"Blood type affects compatibility with recipients but does not necessarily impact your ability to donate. However, matching blood type is crucial for safe transfusion."
Is my blood type important for blood donation?,"Yes, your blood type is important because it determines which recipients can safely receive your blood."
Does my blood type determine who can receive it?,"Yes, your blood type determines which recipients can safely receive your blood. For example, O-negative can be given to anyone, while other blood types are more restrictive."
Are all blood types equally useful for donation?,"No, not all blood types are equally useful. O-negative is considered the most useful as it is compatible with any blood type, while others are limited by compatibility."
What are the most common blood types that are donated?,"The most common blood types donated are O-positive and A-positive, as they are frequently encountered and compatible with many recipients."
Can a person with O-negative blood donate to everyone?,"Yes, individuals with O-negative blood can donate to anyone, as O-negative is the universal blood type."
Which blood type is most compatible for donation?,"O-negative is the most compatible for donation, as it can be transfused to recipients of any blood type."
Why is O-negative blood so important for donation?,"O-negative blood is important for donation because it is universal, making it critical in emergencies where the recipient’s blood type is unknown."
Can I donate blood if I have a rare blood type?,"Yes, you can donate blood if you have a rare blood type. While it may not be as commonly needed, rare blood types are highly valuable."
Does my blood type affect how long I need to wait between donations?,"Your blood type does not directly affect how long you need to wait between donations. However, the general waiting period is 3 months for whole blood donations."
Is O-positive blood the most commonly donated?,"Yes, O-positive is the most commonly donated blood type because it is compatible with most recipients."
How does blood type affect the transfusion process?,"Blood type affects the transfusion process because incompatible blood types can lead to serious reactions, so compatibility is vital for a successful transfusion."
Can I donate blood if I have type AB blood?,"Yes, if you have type AB blood, you can donate blood, but you can only donate to other AB-type recipients."
What is the universal blood type for donation?,O-negative is the universal blood type for donation because it can be transfused to any recipient.
Is my blood type crucial for receiving a donation?,"Yes, your blood type is crucial for receiving a donation because only compatible blood types can be safely transfused."
What makes O-negative blood so valuable in emergencies?,"O-negative is valuable in emergencies because it is compatible with all blood types, making it essential when the recipient’s blood type is unknown or when immediate transfusions are needed."
Can I donate blood with a positive blood type?,"Yes, individuals with a positive blood type can donate blood, but they can only donate to compatible recipients."
Is there a connection between blood type and donation frequency?,"No, there is no direct connection between blood type and how often you can donate. The frequency of donation is generally determined by the type of donation and health status."
How often can I donate based on my blood type?,"Donation frequency depends on the type of donation (whole blood, plasma, etc.) and your health, not directly on blood type. Whole blood can typically be donated every 3 months."
Why are certain blood types in higher demand?,"Certain blood types like O-negative are in higher demand because they can be donated to anyone, making them especially valuable in emergencies."
What blood types are needed most during emergencies?,"In emergencies, blood types O-negative and O-positive are the most needed because they are universal for transfusions. O-negative blood is especially critical since it can be given to any patient, regardless of their blood type."
How do hospitals decide which blood types they need?,"Hospitals prioritize blood types based on patient needs, the severity of emergencies, and ongoing blood supply levels. They often focus on the most common blood types like O and A but adjust according to specific patient requirements."
Can I donate blood if I have AB-negative blood?,"Yes, you can donate blood if you have AB-negative blood. However, since AB-negative is a rare blood type, it is usually given to other AB-negative recipients, and the demand for it is lower compared to other types."
Why is AB-positive blood significant for donation?,"AB-positive blood is significant because it is the universal plasma donor type, meaning people with AB-positive blood can donate plasma to anyone."
Can a person with A-positive blood donate to everyone?,"No, a person with A-positive blood can only donate to individuals with A-positive, AB-positive, A-negative, and AB-negative blood types."
Does my blood type limit the people I can donate to?,"Yes, your blood type affects who can receive your donation. For example, people with O-negative blood can donate to anyone, but those with A-positive blood can only donate to specific types like A-positive or AB-positive."
Are there any blood types that are more difficult to donate from?,"Rare blood types, such as AB-negative or B-negative, are often more difficult to donate from because fewer people have these types, limiting their availability for donation."
How do doctors use blood types during a transfusion?,"Doctors match blood types to ensure compatibility. Incompatible transfusions can cause serious reactions, so matching is essential for patient safety."
How does my blood type affect my donation eligibility?,"Your blood type impacts donation eligibility by determining who can receive your blood. Some types are more universally accepted than others, influencing donation protocols."
Why are O-negative blood donors so highly sought after?,"O-negative blood is highly sought after because it is the universal donor type for emergencies and transfusions, meaning it can be given to patients with any blood type."
Can I donate blood if I have a rare or uncommon blood type?,"Yes, you can donate blood if you have a rare or uncommon blood type. However, your blood may be most beneficial for people with the same rare type, and the demand may be lower than for more common types."
How does the matching process work for blood donation?,Blood donation matching involves ensuring that the donor's blood type is compatible with the recipient’s. Blood types are matched based on compatibility to avoid reactions during transfusion.
Do blood types change after donation?,"No, your blood type does not change after donation. The process simply replenishes your blood cells over time, but the type remains the same."
Can people with A-negative blood donate to people with O-positive blood?,"No, people with A-negative blood cannot donate to individuals with O-positive blood, as the blood type compatibility rules do not allow this pairing."
Are certain blood types more needed during certain times of year?,"Yes, certain blood types may be more in demand during specific times, such as during holidays or emergencies. For example, O-negative blood is especially needed during emergency situations."
Can all blood types be mixed during a transfusion?,"No, not all blood types can be mixed during transfusions. Blood types need to be compatible to prevent adverse reactions. For example, O-negative can be given to anyone, but other types must match."
What’s the difference between blood types for donation purposes?,"The main difference between blood types is their compatibility with recipients. O-negative blood is universal for transfusions, while AB-positive is universal for plasma donations."
How important is blood type matching for patients?,Blood type matching is critical to ensure the safety and success of blood transfusions. An incompatible blood transfusion can cause serious health complications.
Do all blood types have the same chance of being donated?,"No, common blood types like O-positive are often donated more frequently, while rarer blood types like AB-negative are donated less frequently but are equally important."
Does my blood type affect my donation frequency?,"No, your blood type does not affect how often you can donate, but certain blood types may be in higher demand, which can influence how often blood centers request donations from those types."
How does a blood type donation benefit specific patient needs?,"Blood type donations benefit specific patient needs by ensuring they receive the right match for transfusions. For example, O-negative blood is often used for emergency situations and can be given to anyone."
What blood types are compatible for organ donation as well?,"Organ donation compatibility follows similar rules to blood donation. For instance, blood type O can donate organs to all other types, while AB can only donate to AB recipients."
How often can people with O-negative blood donate?,"People with O-negative blood can donate every three months, just like individuals with other blood types, as long as they meet the other health requirements."
Can I donate if I have a rare blood type and need it urgently?,"If you need your rare blood type urgently, it may be harder to find a match for you, but you can still donate. Blood centers often prioritize finding matches for patients with rare types."
What determines whether a blood type is needed at a donation drive?,"The need for specific blood types at a donation drive depends on the current demand, hospital requirements, and blood type availability in the region."
Is it better to be well-rested before donating blood?,"Yes, it’s important to be well-rested before donating blood. Being well-rested ensures that your body is in optimal condition for the donation process."
Does lack of sleep affect my ability to donate blood?,Lack of sleep can negatively affect your ability to donate blood. It is best to get a full night’s rest before donating.
How much rest should I get before donating blood?,It’s recommended to get at least 7-8 hours of rest before donating blood to ensure that your body is in the best possible condition.
Should I avoid donating if I’m sleep-deprived?,"Yes, if you're sleep-deprived, it's best to wait until you're well-rested before donating blood, as your body may not be in the best condition to donate."
Can I donate blood if I didn’t get enough sleep?,"While it’s technically possible to donate if you didn’t get enough sleep, it is highly discouraged. Lack of sleep can affect your energy levels and overall health during the donation process."
What do I need to do before I give blood?,"Before donating blood, you should get plenty of rest, eat a light meal, and drink fluids. Avoid alcohol, medications, and fatty foods 24 hours before the donation."
Should I prepare anything before donating blood?,"Yes, you should prepare by getting enough rest, eating light meals, staying hydrated, and avoiding alcohol or medications 24 hours before donating."
How should I get ready to donate blood?,"Prepare by resting, eating light meals, staying hydrated, and dressing comfortably. Avoid heavy meals or alcohol beforehand."
Are there things I should avoid before donating blood?,"Avoid alcohol, medications, and fatty foods at least 24 hours before donating. It’s also important to avoid smoking or intense physical activity."
What kind of clothes should I wear when donating blood?,"Wear loose-fitting, comfortable clothes with sleeves that can be rolled up to allow easy access to your arm for the donation."
Should I dress comfortably when I donate blood?,"Yes, dressing comfortably is important to ensure you’re relaxed during the donation process."
Should I avoid tight clothing when donating blood?,"Yes, tight clothing may make the donation process uncomfortable. It’s best to wear comfortable, loose-fitting clothes."
How long should I wait after eating before donating blood?,"It’s recommended to wait at least 30 minutes to an hour after eating before donating blood, but it’s not strictly necessary if you've had a light meal."
Can I donate blood if I haven’t eaten for a while?,It’s not ideal to donate blood if you haven’t eaten for a while. It’s best to have a light meal before donating.
Should I skip breakfast before donating blood?,"No, skipping breakfast is not recommended. Have a light breakfast before donating to ensure your body is properly nourished."
Can I donate blood immediately after a meal?,"You can donate blood immediately after a light meal, but it’s best to wait 30 minutes to ensure your body is ready."
How long should I wait after eating to donate blood?,"Waiting at least 30 minutes to an hour after eating is recommended before donating blood, but a light meal may not require much of a wait."
Does eating before blood donation make a difference in the process?,"Yes, eating before blood donation can help maintain your energy levels and prevent dizziness or lightheadedness during the process."
How much time should I wait after drinking coffee before donating blood?,"It’s best to wait at least 30 minutes after drinking coffee before donating blood, as caffeine can cause dehydration."
Can I donate blood if I’m feeling unwell?,"It’s not recommended to donate blood if you're feeling unwell, as it could affect your health and the quality of your blood donation."
Is it alright to donate blood when I’m feeling anxious?,"It’s okay to feel anxious, but try to calm down before donating blood. Stress or anxiety could impact your blood pressure and donation experience."
What if I’m not feeling my best—can I still donate blood?,"If you’re not feeling your best, it’s best to wait until you’re feeling better before donating blood to ensure your health and safety."
How can I tell if I’m healthy enough to donate blood?,"You can check your health status based on the donation criteria, including feeling well, meeting age and weight requirements, and having normal blood pressure."
Should I try to calm down before I donate blood?,"Yes, it’s important to calm down before donating to help stabilize your blood pressure and reduce anxiety."
Is it safe to donate blood if I feel fatigued?,"It’s not safe to donate blood if you feel fatigued, as it could affect your health and the quality of the donation."
Should I avoid donating if I’m feeling under the weather?,It's recommended to avoid donating blood if you're feeling unwell. You should be in good health before donating to ensure your safety and the quality of the blood donation.
Can I donate blood if I’m stressed out or nervous?,"While feeling stressed or nervous doesn't automatically disqualify you from donating, it's essential to be as calm as possible. Stress can impact your blood pressure and overall experience. If you're feeling nervous, you might want to relax before proceeding."
Should I avoid donating blood if I’m feeling anxious?,"Anxiety may affect your ability to donate, especially if it causes dizziness or a rapid heart rate. It's best to donate when you're calm and mentally prepared."
Is it okay to donate blood if I’m emotionally distressed?,It's better to wait until you're feeling emotionally stable. Emotional distress can impact your overall health and blood donation experience.
Can I donate blood with a mild cold or other sickness?,"If you're experiencing a mild cold, it's typically advised to wait until you're fully recovered. A cold could impact your blood donation process and recovery."
How much water should I drink before I give blood?,"It's important to drink plenty of fluids before donating blood, ideally around 16-20 oz (about 500-600 ml) to stay well-hydrated."
Should I drink water before my donation appointment?,"Yes, staying hydrated is essential before donating blood. Drinking water helps maintain healthy blood volume and prevents dizziness during the donation."
How much hydration is required before donating blood?,Hydrating well before your donation is crucial. Aim for at least 16 oz (500 ml) of water within a few hours before donating to ensure you’re well-hydrated.
Is drinking water essential before donating blood?,"Yes, drinking water is essential. Hydration helps maintain blood volume and makes the donation process smoother."
How much liquid should I consume before donating blood?,You should consume around 16-20 oz (500-600 ml) of water or other fluids before your blood donation.
Should I make sure I’m hydrated before I donate blood?,"Yes, proper hydration is crucial before donating blood to prevent dizziness and ensure a smooth donation process."
Can I drink enough water the day before donating blood?,"It's best to drink plenty of water in the days leading up to your donation, but make sure you drink enough water on the day of your donation as well."
How long before donating blood should I drink water?,Aim to drink water at least 30 minutes before your donation to ensure you're well-hydrated.
Is it okay to have a meal before donating blood?,"Yes, you should have a light meal before donating blood. Eating helps maintain your blood sugar levels during the process."
Should I eat a full meal before donating blood?,"It's not necessary to eat a full meal, but having a light meal beforehand is beneficial. Avoid fatty or heavy foods."
Can I donate blood without having eaten?,"It's recommended to eat something before donating blood, but you don’t need a full meal. A light snack or meal can help."
Does it matter if I eat before giving blood?,"Yes, it’s important to eat before donating blood to avoid feeling lightheaded. A light meal is preferred."
Is it okay to have a heavy meal before blood donation?,"It's best to avoid heavy, greasy meals before donating. Heavy meals may affect your blood flow and make you feel uncomfortable."
Can I eat a light meal before donating blood?,"Yes, a light meal is recommended before donating blood. Try to avoid fatty foods."
Can I eat right before I donate blood?,"It's fine to eat a light snack right before donating, but avoid large meals right before your appointment."
Should I avoid large meals before blood donation?,"Yes, large or fatty meals should be avoided before donating blood. Stick to light, healthy meals to ensure optimal donation conditions."
Can I eat fast food before donating blood?,"It's best to avoid fast food before donating blood, as it can be heavy on your digestive system and may cause discomfort."
Does eating too much before donating blood affect the process?,Eating too much may make you feel sluggish or uncomfortable. A light meal is recommended.
Can I donate blood on a full stomach?,It's better to avoid donating immediately after a large meal. A light meal is ideal.
Is it important to eat something substantial before giving blood?,"Eating something substantial is important, but it should be light and easily digestible. Avoid heavy or fatty foods."
Can I eat snack foods before donating blood?,"Yes, light snacks like crackers, fruit, or granola bars are fine before donating blood."
How long should I wait after a meal before giving blood?,It's best to wait at least 30 minutes after eating before donating blood to ensure you're comfortable during the process.
Is it better to donate blood after a full night’s rest?,"Yes, being well-rested will help you feel your best and make the donation process smoother."
Can I donate blood if I didn’t sleep much the night before?,Lack of sleep can affect your health and your donation. It’s best to ensure you get enough rest before donating.
What do I need to do before donating blood?,"Before donating blood, make sure you're well-rested, hydrated, and have eaten a light meal. Also, avoid alcohol and heavy exercise before your appointment."
How should I prepare for blood donation?,"Prepare by eating a light meal, drinking plenty of water, and getting enough rest the night before your donation. Avoid alcohol and heavy physical activity."
What clothes should I wear when donating blood?,"Wear comfortable clothing with sleeves that can easily be rolled up, as blood will typically be drawn from your arm."
What should I bring with me when donating blood?,Bring a valid ID and any necessary health information. Snacks and drinks will be provided at the donation center.
Should I bring snacks to the donation center?,"Snacks are provided at the donation center, but you may bring a light snack if you prefer."
Are there things I should avoid before donating blood?,"Avoid alcohol, heavy meals, and intense exercise before donating blood. It's also important to avoid any medications that might affect your donation."
Should I make any lifestyle changes before donating blood?,"There is no need for major lifestyle changes, but ensure you’re well-rested, hydrated, and have eaten a light meal before donating."
Do I need to fast before donating blood?,"No, fasting is not required before donating blood. It’s better to eat a light meal before your donation."
How long should I wait after eating before I donate blood?,Wait at least 30 minutes to 1 hour after eating before donating blood to avoid feeling uncomfortable.
Can I donate blood on an empty stomach?,It’s not recommended to donate on an empty stomach. Eating a light meal is advised before donation.
How much time should pass after eating before I give blood?,It’s ideal to wait around 30 minutes to 1 hour after eating before donating blood to ensure you're comfortable.
How much time should I wait after eating before I donate blood?,Wait at least 30 minutes to 1 hour after eating before donating blood to avoid feeling faint.
Should I avoid food before donating blood?,"Avoiding food is not recommended; instead, focus on having a light meal before your donation."
How long should I wait after eating a meal to give blood?,Waiting about 30 minutes to 1 hour after eating is best before giving blood.
Is it safe to donate blood if I’m not feeling well?,It’s not safe to donate blood if you're not feeling well. You should be in good health to ensure both your safety and the safety of the donation.
What if I’m nervous or anxious—should I still donate blood?,"If you’re feeling nervous or anxious, it’s important to try to relax before donating. If anxiety is overwhelming, you might want to wait until you’re calmer."
How can I know if I’m in the right health condition to donate blood?,"If you feel well, are hydrated, have had a light meal, and meet the basic health requirements (such as age, weight, and blood pressure), you’re likely in good condition to donate."
Should I avoid smoking before donating blood?,"Yes, it's best to avoid smoking right before donating blood as it can affect your blood circulation."
Do I need to be well-rested before donating blood?,"Yes, getting enough rest before donating blood is important. Lack of sleep can affect your health and the donation process."
Is it necessary to skip exercise before donating blood?,"It’s recommended to avoid strenuous physical activity before donating blood, as it can affect your circulation and overall well-being."
Should I avoid physical activity before donating blood?,"Yes, it's recommended to avoid heavy physical activity before donating blood. You should rest and allow your body to be in optimal condition for the donation."
Can I donate blood if I have an upset stomach?,"If you have an upset stomach, it’s best to avoid donating blood until you feel better. Blood donation requires you to be in good health."
Do I need to mentally prepare for the blood donation?,"It can be helpful to mentally prepare for the donation. It’s a straightforward process, but feeling calm and relaxed will help you feel more comfortable."
Should I drink water before I donate blood?,"Yes, it’s important to drink plenty of water before donating blood to stay hydrated. Hydration helps your veins be more visible and easier to access."
How much water do I need to drink before donating blood?,It’s recommended to drink at least 500ml (about 16oz) of water before donating. Staying well-hydrated helps with the blood donation process.
Is it important to stay hydrated before donating blood?,"Yes, staying hydrated is crucial as it helps your veins to be more accessible and reduces the chance of feeling light-headed during or after donation."
Do I need to drink extra water the day before donating blood?,"It’s a good idea to drink extra water the day before donating blood, ensuring that you are well-hydrated on the day of the donation."
Should I stop drinking water right before I donate blood?,"No, you should continue drinking water before the donation. Hydration will help keep your body in optimal condition for the procedure."
Can I eat before I give blood?,"Yes, eating is encouraged before donating blood. However, make sure to have a light meal. Avoid fatty or heavy foods as they might interfere with your blood donation."
Should I have a big meal before donating blood?,"No, avoid eating a large or heavy meal before donating blood. It’s best to have a light meal that is easy to digest to ensure optimal donation conditions."
What happens if I haven’t eaten before giving blood?,"If you haven’t eaten, you may feel lightheaded or weak during the donation process. It’s recommended to have a light meal beforehand."
Is it okay to donate blood after eating a large meal?,"It’s not ideal to donate blood after eating a large meal, as it can make the process more difficult and uncomfortable. A light meal is recommended instead."
How much time should pass after eating before I can donate blood?,"It’s best to wait about 30 minutes to an hour after eating before donating blood, particularly if you had a light meal. Avoid donating right after a large or heavy meal."
Should I avoid fatty foods before donating blood?,"Yes, you should avoid fatty foods before donating blood. Fatty foods can affect the quality of your blood and interfere with the donation process."
Is it okay to eat sugary foods before I donate blood?,"It’s better to avoid sugary foods before donating blood. A balanced diet with protein, fruits, and vegetables is more helpful."
Should I eat light or heavy food before donating blood?,You should eat light food before donating blood. A light meal ensures your body is prepared for the donation without feeling overly full or uncomfortable.
Can I eat fruit before donating blood?,"Yes, eating fruit before donating blood is a good idea. Fruits provide essential vitamins and help keep you energized."
Should I steer clear of spicy foods before donating blood?,"It’s advisable to avoid spicy foods before donating blood. Spicy foods can cause discomfort or indigestion, which might make the donation process harder."
What kind of food should I eat for energy before donating blood?,"Eat a light meal with easily digestible foods such as fruits, vegetables, whole grains, and lean proteins. These provide the energy you need without making you feel too full."
How much time should I wait after eating before donating blood?,Wait about 30 minutes to an hour after eating a light meal before donating blood. This gives your body time to digest and prepare for the donation.
Is it okay to have dairy products before giving blood?,"Yes, it’s fine to have dairy products in moderation before donating blood. However, avoid consuming too much as it may cause discomfort for some individuals."
Is it fine to drink sports drinks before donating blood?,"Yes, it’s okay to drink sports drinks as they help you stay hydrated and provide electrolytes. Just make sure they are not too sugary or caffeinated."
Can I have coffee before I give blood?,"It’s okay to have a small amount of coffee before donating blood, but you should avoid drinking too much caffeine. Excessive caffeine may cause dehydration."
How soon before donating blood should I stop drinking caffeinated beverages?,It’s a good idea to stop drinking caffeinated beverages at least 1 hour before donating blood to avoid dehydration.
Should I avoid salty food before donating blood?,"Yes, it’s a good idea to avoid salty food before donating blood, as it can lead to dehydration and discomfort."
Can I drink coffee prior to donating blood?,"Yes, you can drink coffee, but limit the amount to avoid dehydration. Too much caffeine can make you feel jittery and affect your blood donation."
Should I refrain from alcohol before giving blood?,"Yes, you should avoid alcohol 24 hours before donating blood, as it can lead to dehydration and affect your blood quality."
Can I take any medications before donating blood?,"It depends on the medication. Some medications may affect your eligibility to donate. If you’re on medication, it’s best to check with a healthcare provider before donating."
Is it okay to take a painkiller before donating blood?,"It’s generally not recommended to take painkillers before donating blood, as certain pain medications can affect the donation process. Check with a healthcare provider if you need to take any medication."
What should I do before donating?,"Before donating, make sure to get adequate rest, eat a light meal, drink plenty of fluids, and avoid alcohol, caffeine, and fatty foods."
What should I do before donating blood?,"Prepare by eating a light meal, drinking water, and getting plenty of rest. Avoid fatty foods, alcohol, and caffeine before donating blood."
Can I eat before donating blood?,"Yes, eating is recommended, but opt for a light meal. Avoid heavy or fatty foods, as they may affect the donation process."
Should I drink water before donating blood?,"Yes, you should drink water before donating blood. Being hydrated makes the donation process smoother and helps with vein access."
Is there anything I should avoid before donating blood?,"Avoid alcohol, caffeine, fatty foods, and excessive physical activity before donating blood. Drink plenty of water and eat a light meal."
Can I have caffeine before donating blood?,"You can have a small amount of caffeine before donating blood, but avoid consuming large quantities, as it may dehydrate you."
Should I eat a full meal before I donate blood?,"No, avoid eating a large meal before donating blood. A light meal is sufficient and helps you feel comfortable during the process."
Is fasting required before donating blood?,"Fasting is not required before donating blood. However, you should avoid heavy meals and drink plenty of water."
What are the preparations I need to make before donating blood?,"Make sure to eat a light meal, drink water, get plenty of rest, and avoid alcohol, caffeine, and fatty foods."
Can I donate blood if I haven’t eaten?,It's not ideal to donate blood if you haven’t eaten. A light meal is recommended to ensure you feel comfortable during the donation.
Do I need to avoid alcohol before donating blood?,"Yes, avoid alcohol at least 24 hours before donating blood to ensure hydration and optimal donation conditions."
Can I take medications before donating blood?,"It depends on the medication. Some medications may make you ineligible to donate. If you’re unsure, consult with a healthcare provider before donating."
Should I avoid fatty foods before donating blood?,"Yes, avoid fatty foods before donating blood, as they can interfere with the blood donation process and affect the quality of your blood."
Is it okay to exercise before I donate blood?,It’s best to avoid intense physical exercise right before donating blood. Resting and allowing your body to be in good condition is recommended.
Can I donate blood after a heavy meal?,It’s not recommended to donate blood after a heavy meal. A light meal is better for ensuring comfort and optimal donation conditions.
Is it okay to drink coffee before donating blood?,"Yes, but limit your coffee intake. Too much caffeine may lead to dehydration, which can make the donation process more difficult."
Should I avoid smoking before donating blood?,"Yes, it’s best to avoid smoking before donating blood, as it can affect your circulation and overall health."
How much water should I drink before donating blood?,Drink at least 500ml of water before donating blood to stay hydrated and help with the blood donation process.
Is it safe to donate blood if I’m feeling sick?,"No, if you’re feeling sick, it’s best to wait until you fully recover before donating blood. Donating blood while unwell can be harmful."
Can I have breakfast before donating blood?,"Yes, you can have a light breakfast before donating blood. Avoid heavy meals and ensure you drink plenty of water."
How long before donating blood should I avoid eating?,"It’s recommended to wait at least 30 minutes to 1 hour after eating before donating blood, particularly if you had a light meal. Avoid donating immediately after a large or heavy meal."
Should I bring snacks with me to the donation center?,"It’s always a good idea to bring a light snack, as you will need to rest briefly after donating blood. The donation center usually provides snacks, but having your own can ensure you’re comfortable."
What should I wear when donating blood?,Wear loose-fitting clothing with sleeves that can be easily rolled up. You will need to have your arm exposed for the blood donation.
Do I need to be well-rested before donating blood?,"Yes, it’s important to get enough rest before donating blood to ensure you feel your best during the process."
How much time should I leave between eating and donating blood?,It’s recommended to eat at least an hour before donating blood. Avoid heavy or fatty meals just before donation.
Can I drink sports drinks before donating blood?,"Sports drinks are fine in moderation, but water or juice is the best option for hydration before donating blood."
Is there anything I should do to prepare mentally for donating blood?,"If you feel anxious, try relaxing and breathing deeply. It can help to talk with the staff or bring a friend for support. Remind yourself that blood donation helps save lives."
Can I take a painkiller before donating blood?,"It’s generally not recommended to take painkillers, especially aspirin, before donating blood as it can affect clotting. Consult with the staff if you have any concerns."
Do I need to avoid certain foods before blood donation?,"Avoid fatty foods, alcohol, and caffeine before donating blood, as they can affect the quality of your donation."
Can I donate blood if I’m on an empty stomach?,It's not advisable to donate blood on an empty stomach. A light meal beforehand helps maintain your energy levels during the donation process.
Can I have dairy products before donating blood?,"Yes, you can have dairy products before donating blood. Just make sure it’s not too heavy or fatty."
Is it safe to donate blood if I feel anxious or nervous?,"It’s common to feel anxious, but if you're feeling too nervous, let the staff know. They can help guide you through the process and make you feel more comfortable."
Should I avoid foods high in sugar before donating blood?,"Yes, it’s best to avoid sugary foods before donating blood, as they may cause a spike in your blood sugar followed by a quick drop, which can make you feel lightheaded."
How long should I wait after eating before I donate blood?,Wait at least 30 minutes after eating before donating blood. Avoid heavy or fatty foods and opt for something light and nutritious.
Should I be hydrated before donating blood?,"Yes, it’s essential to be well-hydrated before donating blood. Drink plenty of water or juice to ensure smooth blood flow during donation."
Is it better to eat something light or heavy before donating blood?,"Eat something light and healthy, such as a fruit or a small sandwich. Avoid fatty or heavy meals that may interfere with the donation process."
Can I eat fruit before donating blood?,"Yes, fruit is a good option before donating blood, as it provides vitamins and hydration without being too heavy."
How soon before donating blood should I avoid caffeine?,"It’s best to avoid caffeine at least a few hours before donating blood, as it can dehydrate you and make the process more difficult."
Should I avoid spicy food before donating blood?,"Yes, it’s best to avoid spicy foods before donating blood, as they may irritate your stomach or make you uncomfortable during the donation."
Can I donate blood if I have an upset stomach?,"If you have an upset stomach, it's better to postpone your donation until you’re feeling better. Donating blood when you're unwell may cause complications."
How do I know if I’m in the right condition to donate blood?,"If you meet the general eligibility criteria such as age, weight, blood pressure, and overall health, you are likely in the right condition to donate blood."
Do I need to stop drinking water just before donating blood?,"No, you should stay hydrated. Water is encouraged before the donation, but avoid drinking large amounts right before the procedure."
Should I avoid salty foods before donating blood?,"Yes, it's best to avoid salty foods, as they can affect your blood pressure and hydration levels before donating."
What kind of food should I eat for energy before donating blood?,"Eating foods rich in iron, like leafy greens, fruits, and lean proteins, can help with energy levels before donating blood."
Do I need to stop taking supplements before donating blood?,"It depends on the supplement. If you're unsure, it's always best to consult with the donation center staff. Iron supplements may be particularly important to discuss."
Is it necessary to drink a lot of water the day before donation?,"Yes, staying hydrated the day before donation helps ensure your body is in optimal condition to give blood."
Should I skip a workout before donating blood?,"It’s recommended to take it easy on the day of donation, especially if you’ve had a strenuous workout. Resting will help ensure you have enough energy for the donation."
Is there a specific time of day that’s better for donating blood?,"There's no specific time of day that’s better, but many people find it easier to donate in the morning when they feel more rested."
Can I donate blood after a night of little sleep?,It's not advisable to donate blood if you haven't had enough rest. Sleep is important for your body’s ability to donate blood safely.
What should I bring with me when I go to donate blood?,Bring your ID and any relevant medical history information. It's also helpful to bring a list of any medications you're currently taking.
Are there any lifestyle changes I should make before donating blood?,"It’s a good idea to focus on healthy eating, staying hydrated, and avoiding alcohol or caffeine before your donation."
Is it safe to drive right after donating blood?,"It’s best to avoid driving immediately after donating blood, especially if you're feeling lightheaded or weak. Rest for a few minutes first."
Am I able to drive right after donating blood?,"You may be able to drive, but only if you feel completely fine. It’s better to rest for a while before getting behind the wheel."
Can I go out shopping after giving blood?,"If you're feeling well, it's fine to shop after donating blood. Just avoid heavy lifting or strenuous activity."
Is it fine to go for a walk after donating blood?,"A light walk is okay, but avoid strenuous exercise or activities that require too much exertion."
Can I donate blood again immediately after the previous donation?,"No, you must wait at least 3 months before donating whole blood again. Plasma or platelet donations may have different waiting periods."
How soon can I donate blood again after my last donation?,"After donating whole blood, you must wait 3 months before donating again. Plasma donations have a shorter waiting period."
Are there activities I should avoid after blood donation?,"Avoid strenuous activities, lifting heavy objects, and operating heavy machinery for at least 24 hours after donation."
How soon after donating blood can I take painkillers?,"You can take painkillers, but it's better to avoid aspirin and similar medications, as they can affect blood clotting."
Will I experience fatigue or weakness after donating blood?,"It’s common to feel a bit tired or weak after donating blood, but these symptoms should subside within a few hours."
Is it common to feel dizzy after giving blood?,"Yes, dizziness is common after donating blood, but it usually passes quickly once you sit down, drink fluids, and rest."
What steps should I take if I feel faint following blood donation?,"If you feel faint, lie down with your feet elevated and drink plenty of fluids. The feeling should pass within a few minutes."
How long will I experience lightheadedness after donating blood?,"Lightheadedness usually lasts a few minutes. If it persists, inform the staff at the donation center."
How should I care for my arm after the donation?,"Apply pressure to the puncture site, avoid using the arm to lift heavy objects, and keep it elevated if needed."
Is it acceptable to take pain relievers after donating blood?,"Yes, it’s generally safe to take pain relievers like acetaminophen. Avoid aspirin, as it may affect blood clotting."
What should I do if I feel dizzy or unwell after donating blood?,"Lie down, elevate your feet, and drink fluids. If the symptoms continue, notify the staff at the donation center."
Is it normal to feel exhausted after donating blood?,"It’s normal to feel tired after donation, but this should subside after resting and replenishing your fluids."
Can I feel faint or dizzy after giving blood?,"Yes, feeling faint or dizzy is a common response, but it usually resolves quickly once you rest and hydrate."
What types of food should I eat after donating blood?,"Eat foods that are rich in iron, such as leafy greens, lean meats, and whole grains, to help replenish your blood supply."
Is there a recommended wait time before I eat after donating blood?,"After donating blood, it’s good to wait about 15-30 minutes before eating a snack, and then have a nutritious meal afterward."
Can I eat junk food after donating blood?,It’s better to avoid junk food after donating blood. Opt for healthier choices to help your body recover.
What kind of meals will help me recover faster after giving blood?,"After donating blood, it’s helpful to eat iron-rich foods such as red meat, leafy greens, beans, and fortified cereals. Also, include vitamin C-rich foods like citrus fruits to help your body absorb iron more effectively."
Should I drink liquids after giving blood?,"Yes, it’s important to drink plenty of fluids after giving blood to replenish the fluids lost during donation. Water, juice, and other non-alcoholic beverages are ideal."
Is it alright to drink alcohol after blood donation?,"It’s advisable to avoid alcohol for at least 24 hours after donating blood as it can dehydrate you, which may slow down the recovery process."
Should I refrain from alcohol after donating blood?,"Yes, you should refrain from consuming alcohol after donating blood for at least 24 hours to ensure your body can recover properly and stay hydrated."
Can I consume caffeine after donating blood?,"While caffeine isn’t as dehydrating as alcohol, it’s best to limit your intake in the first 24 hours after donating blood, as it can increase dehydration."
Should I avoid caffeinated beverages after donating blood?,"It's a good idea to avoid excessive caffeine after blood donation, especially if you're feeling lightheaded or fatigued, as it may increase dehydration."
Can I continue eating as usual after donating blood?,"Yes, you can eat as usual after donating blood. However, it’s beneficial to eat balanced meals with iron-rich foods to help replenish your blood."
What care should I take with the blood donation site afterward?,"After donation, make sure to apply gentle pressure to the donation site to stop any bleeding. Keep the bandage on for a few hours, and avoid lifting heavy objects with the arm used for donation."
What actions should I take immediately after donating blood?,"After donating blood, rest for about 5-10 minutes, drink fluids, and eat something light. Avoid physical exertion for the rest of the day."
How important is resting after donating blood?,Resting is very important after donating blood to help your body recover and restore its fluid levels. You should rest for at least 15-20 minutes at the donation site and take it easy for the rest of the day.
How much time should I rest after donating blood to recover?,"It's important to rest for about 5-10 minutes immediately after donating blood. However, you may need to rest for the rest of the day, especially if you feel tired or lightheaded."
Can I take a nap after giving blood?,"Yes, it’s perfectly fine to take a nap after donating blood, especially if you feel tired. Your body needs time to recover."
How long does it take for my body to completely recover from blood donation?,"It typically takes a few weeks for your body to fully recover from donating blood, as it replenishes the red blood cells and fluid volume."
How much time will it take for me to feel like myself again after giving blood?,"Most people feel normal again within 24 hours, though it may take a few days for your body to fully recover. Make sure to rest and hydrate during this time."
Am I able to return to work after donating blood?,"Yes, you can return to work after donating blood, but it’s important to avoid strenuous activities or heavy lifting for the rest of the day."
How long do I need to stay at the donation site after giving blood?,"After donating blood, you should rest for about 5-10 minutes at the site to ensure you feel well. Afterward, you can leave unless your health requires more rest."
How soon can I go back to work after donating blood?,"You can usually return to work immediately after donating blood, but avoid heavy lifting and strenuous tasks for the rest of the day."
How soon can I continue regular chores and activities after giving blood?,"It’s best to avoid heavy chores or activities for the rest of the day after donating blood. Your body will need time to recover, so light activities are okay."
Should I avoid strenuous tasks after donating blood?,"Yes, avoid strenuous tasks, including heavy lifting and intense exercise, for the rest of the day after donating blood."
Can I resume exercise after donating blood?,It’s recommended to wait at least 24 hours before resuming exercise after donating blood. It’s important to give your body enough time to recover.
How long do I need to rest before I can exercise again after giving blood?,You should wait at least 24 hours before engaging in moderate to intense physical activities after donating blood.
When is it safe to return to my fitness routine after donating blood?,"It’s best to wait at least 24 to 48 hours before returning to your fitness routine. Light exercises like walking or stretching may be okay sooner, but intense workouts should be postponed."
How much time should pass before I start working out again after donating blood?,You should wait at least 24 to 48 hours before returning to intense workouts. Your body needs time to replenish lost fluids and red blood cells.
Can I engage in physical activity on the same day I donate blood?,It’s advisable to avoid any intense physical activity on the same day you donate blood. Rest and allow your body to recover.
How much time should I allow before I can be physically active again after donating blood?,"You should wait at least 24 hours before engaging in any strenuous physical activity. Light walking is fine, but avoid anything intense right after donation."
Is it okay to do strength training after giving blood?,Strength training should be avoided for at least 24 hours after donating blood to allow your body to recover properly.
Am I allowed to swim after donating blood?,It’s advisable to wait at least 24 hours before swimming or engaging in any physical activity that requires exertion.
How long should I wait before resuming regular activities after giving blood?,"Most people can resume regular activities within 24 hours, though it’s best to avoid strenuous or heavy tasks for at least one day."
How quickly can I return to my regular schedule after giving blood?,"You can return to your regular schedule after 24 hours, but make sure to take it easy and avoid strenuous physical activity for the rest of the day."
How long should I refrain from intense physical activities after donating blood?,It's recommended to refrain from intense physical activities for at least 24 hours after donating blood.
Is it advisable to avoid heavy workouts after blood donation?,"Yes, avoid heavy workouts for at least 24 hours after donating blood to ensure your body has time to recover."
Is it safe to drive immediately after donating blood?,"It’s generally safe to drive after donating blood, but if you feel dizzy or lightheaded, it’s best to wait a bit before getting behind the wheel."
Can I drive right away after donating blood?,"If you feel fine, it’s safe to drive right after donating blood. However, if you feel lightheaded or faint, wait until you feel better."
Can I go shopping right after giving blood?,"It’s okay to go shopping right after donating blood as long as you feel well. However, avoid heavy lifting or carrying heavy bags."
Is it okay to take a walk after donating blood?,"Yes, taking a light walk is okay after donating blood as long as you feel up to it. Avoid any intense physical activity, though."
Can I donate blood again immediately after my previous donation?,"No, you must wait at least 3 months before donating blood again to ensure your body has fully recovered."
How soon can I give blood again after my previous donation?,"You can give blood again after 3 months, which is the recommended waiting period between donations for most people."
Are there any activities I should avoid after donating blood?,"After donating blood, you should avoid strenuous physical activities, heavy lifting, and alcohol consumption for at least 24 hours."
How soon can I take pain relievers after donating blood?,"If you’re feeling pain or discomfort after donation, you can take pain relievers such as acetaminophen. Avoid aspirin or ibuprofen, as they can increase bleeding."
Will I feel weak or tired after donating blood?,"It’s normal to feel a bit tired or weak after donating blood, but this usually passes within a few hours. Make sure to rest and drink plenty of fluids."
Is it common to feel lightheaded after donating blood?,"Yes, feeling lightheaded is common after donating blood. Resting, drinking fluids, and eating light snacks can help alleviate this feeling."
What should I do if I feel faint after giving blood?,"If you feel faint after giving blood, sit or lie down and elevate your feet. Drink fluids and rest until you feel better."
How long will I feel lightheaded after donating blood?,"Most people feel lightheaded for just a short time, usually a few minutes. If it persists, resting and hydrating will usually help."
How should I take care of the arm where the blood was taken?,"Keep the bandage on for a few hours and avoid using the arm for heavy lifting. If you notice any swelling or bruising, apply cold compresses during the first 24 hours and hot compresses for the next 24 hours."
Can I take painkillers after donating blood?,"You can take painkillers like acetaminophen (Tylenol) after donating blood, but avoid aspirin or ibuprofen as they may interfere with blood clotting."
What should I do if I feel dizzy after donating blood?,"If you feel dizzy, sit or lie down and elevate your feet. Drink fluids like water or juice, and rest until the dizziness passes."
Is it typical to feel fatigued after giving blood?,"Yes, feeling fatigued is a common side effect after giving blood. Make sure to get plenty of rest and drink fluids to help recover."
Can I feel faint or dizzy after donating blood?,"Yes, feeling faint or dizzy is common after donating blood. It should pass after a short period, and resting with your feet elevated can help."
What should I eat after giving blood?,"After donating blood, eat iron-rich foods like red meat, spinach, beans, or fortified cereals. Also, consume vitamin C-rich foods like citrus fruits to help absorb the iron."
Is there a specific time I should wait before eating after donating blood?,"You can eat immediately after donating blood, but it's best to eat light, nutritious meals, particularly those rich in iron."
Is it okay to eat fast food after donating blood?,"It’s not recommended to eat fast food immediately after donating blood. Opt for lighter, nutritious foods to help replenish your energy and maintain hydration."
What kind of food should I consume after donating blood to feel better?,"After donating blood, it's best to eat iron-rich foods such as leafy greens, lean meats, beans, and fortified cereals. These will help replenish your blood cells. Hydrate with water or juice as well."
Should I drink fluids after donating blood?,"Yes, drinking plenty of fluids after donating blood is crucial to help replenish the fluid volume you lost. Water, juice, or electrolyte drinks are good options."
Can I drink alcohol after giving blood?,"It’s advisable to refrain from drinking alcohol for at least 24 hours after donating blood. Alcohol can dehydrate you, which could affect your recovery."
Should I refrain from drinking alcohol for a period after donating blood?,"Yes, it's recommended to avoid alcohol for at least 24 hours after donating blood to ensure proper hydration and recovery."
Is it fine to consume caffeine after giving blood?,Caffeine should be consumed in moderation after donating blood. It's best to avoid excessive amounts as it can cause dehydration.
Should I avoid coffee or tea after donating blood?,"It’s not necessary to avoid coffee or tea, but try not to consume them in excess. Moderation is key as caffeine can be dehydrating."
Can I return to my regular eating habits after donating blood?,"Yes, you can return to your regular eating habits, but try to include iron-rich and hydrating foods to support your recovery."
How should I treat the site where blood was donated afterward?,"After donating blood, avoid touching or applying pressure to the puncture site unnecessarily. If there’s any bleeding, apply gentle pressure. Make sure to follow any aftercare instructions provided by the medical staff."
What should I do right after donating blood?,"After donating blood, rest for a few minutes, drink fluids to stay hydrated, and eat a snack to help your body recover."
Is it important to rest after donating blood?,"Yes, it's important to rest for at least 10-15 minutes after donating blood to allow your body to adjust and to prevent dizziness or fainting."
How much time should I take to rest after giving blood?,"You should rest for at least 10-15 minutes immediately after donating blood. The amount of rest depends on how you feel, but typically 30 minutes at the donation center is sufficient."
Can I take a nap after donating blood?,"If you feel tired after donating blood, taking a short nap is perfectly fine. Listen to your body and rest as needed."
How long does it take for my body to fully recover after donating blood?,"It typically takes about 24-48 hours for your body to recover from the fluid loss, and several weeks for your blood cells to replenish. You should feel better within a day, but full recovery may take a few weeks."
How long does it take to feel normal again after giving blood?,"Most people feel normal within a few hours after donating blood. However, it may take 1-2 days for you to feel completely restored, especially if you’re low on iron."
Is it fine to go back to work after donating blood?,"Yes, you can go back to work after donating blood, but it’s important to listen to your body. If you're feeling dizzy or weak, it's okay to take some time off to rest."
How long should I remain at the donation center after donating blood?,"You should remain at the donation center for at least 10-15 minutes to rest and ensure you're feeling okay. In total, it can take up to 30 minutes at the center, including paperwork and recovery."
How soon can I get back to work after donating blood?,"You can return to work after donating blood, but if you're feeling faint or dizzy, it's better to rest first. Most people resume normal activities after a few hours."
How soon can I continue with regular tasks like cooking or cleaning after donating blood?,"You can resume light tasks like cooking and cleaning after donating blood, but avoid heavy physical work for at least 24 hours to allow your body to fully recover."
Should I avoid overexerting myself after giving blood?,"Yes, it’s important to avoid overexertion after donating blood. Rest for at least 24 hours before engaging in strenuous activities to give your body time to recover."
Am I allowed to exercise after donating blood?,It’s recommended to refrain from vigorous exercise for at least 24-48 hours after donating blood to allow your body to replenish its fluids and red blood cells.
How long should I refrain from physical activities after giving blood?,You should avoid intense physical activities for at least 24-48 hours after donating blood to avoid straining your body.
When can I return to my regular workout routine after donating blood?,"You can return to your regular workout routine after 48 hours, depending on how you feel. Start with light exercise and gradually increase intensity."
How much time should I wait before getting back to exercise after donating blood?,You should wait at least 24-48 hours before resuming any strenuous exercise after donating blood to ensure proper recovery.
Can I do physical activities the same day I donate blood?,It’s not recommended to engage in physical activities the same day you donate blood. Your body needs time to recover from the donation process.
How long should I wait to resume physical activities after donating blood?,"Wait at least 24 hours before resuming physical activities, and avoid heavy exercise for a few days after donating blood."
Is it okay to lift heavy weights after donating blood?,"Lifting heavy weights is not recommended for at least 24-48 hours after donating blood, as your body needs time to recover from the fluid and blood loss."
Can I go swimming right after giving blood?,It’s best to avoid swimming for at least 24-48 hours after donating blood to allow your body to recover and avoid any complications.
How soon can I go back to my daily activities after donating blood?,"You can resume light daily activities after resting for a few hours. However, avoid strenuous tasks for at least 24 hours after donating blood."
How quickly can I resume my normal routine after donating blood?,"You can usually resume your normal routine within a day or two after donating blood, but avoid heavy physical activities for at least 24 hours."
How long should I avoid strenuous physical activities after donating blood?,Avoid strenuous physical activities for at least 24-48 hours after donating blood to allow your body to properly recover.
Should I steer clear of intense workouts after donating blood?,"Yes, it’s important to avoid intense workouts for at least 24-48 hours after donating blood to ensure proper recovery."
Can I exercise after donating?,"It’s best to avoid intense exercise immediately after donating blood. After 24 hours, light exercise is usually fine, but refrain from heavy workouts for at least 48 hours."
What should I do after donating?,"After donating blood, rest for a few minutes, drink fluids, and eat a snack. Avoid strenuous physical activities for at least 24 hours."
What should I do after donating blood?,"Rest, hydrate, and eat something light to help your body recover. Avoid heavy physical activities for 24-48 hours."
Can I exercise after donating blood?,It’s advisable to refrain from vigorous exercise for 24-48 hours after donating blood. Light activities like walking are fine after a few hours.
Can I drink alcohol after donating blood?,Avoid drinking alcohol for at least 24 hours after donating blood to prevent dehydration and aid in recovery.
Should I rest after donating blood?,"Yes, it’s important to rest for at least 15 minutes after donating blood. You can then resume normal activities as you feel able, but avoid heavy exercise."
How long should I stay at the donation center after donating blood?,Stay at the donation center for 10-15 minutes after donating blood to make sure you're feeling fine before leaving.
Is it okay to drive after donating blood?,"It’s generally okay to drive after donating blood, but if you feel lightheaded or dizzy, it’s best to wait until you feel better before driving."
When can I resume normal activities after donating blood?,"You can resume normal activities after resting for a few hours, but avoid strenuous activities for at least 24 hours."
What should I eat after donating blood?,"Eat iron-rich foods, such as spinach, red meat, and legumes, along with light snacks like crackers or fruits. Also, drink plenty of fluids."
Can I take a nap after donating blood?,"Yes, if you're feeling tired, it’s okay to take a short nap after donating blood."
How long should I avoid physical activity after donating blood?,Avoid physical activities for 24-48 hours after donating blood to ensure proper recovery.
Should I hydrate after donating blood?,"Yes, it’s important to hydrate after donating blood. Drink plenty of water or juice to help replenish your body’s fluid levels."
Can I go back to work after donating blood?,"You can return to work after donating blood, but if you feel dizzy or weak, take a break and hydrate."
How much rest is needed after donating blood?,"Rest for at least 10-15 minutes at the donation center after donating blood, and you may need additional rest at home, depending on how you feel."
Can I go back to my workout routine after donating blood?,"You can return to your workout routine after 48 hours, but avoid intense exercise for the first couple of days."
Should I avoid strenuous activities after donating blood?,"Yes, avoid strenuous activities for at least 24-48 hours after donating blood to allow your body time to recover."
Is it safe to take a shower after donating blood?,"Yes, it is safe to take a shower after donating blood, but avoid hot water as it may make you feel lightheaded."
How soon can I donate again after a previous donation?,You can donate again after 3 months (90 days) if you are in good health and meet the eligibility criteria. Your body needs this time to fully recover and replenish your blood.
Will I feel weak after donating blood?,"Donating blood typically doesn’t cause weakness. The body adjusts quickly by replenishing the lost blood. If you feel weak, it's important to rest and drink fluids. Would you like to check if you're eligible to donate?"
Can I eat fast food after donating blood?,"It's not recommended to eat fatty or greasy foods immediately after donating blood as they may hinder your recovery. Instead, opt for light meals like fruits, vegetables, and protein-rich foods."
How long does it take for my body to recover from blood donation?,"Your body generally takes about 24 hours to replace the lost fluid, and a few weeks for the red blood cells to be replenished. Eating iron-rich foods and staying hydrated can help speed up recovery."
Is it normal to feel lightheaded after donating blood?,"Yes, it is common to feel lightheaded after donating blood. If this happens, lie down and elevate your feet until the feeling passes. Drink plenty of fluids to help your body recover."
What should I do if I feel faint after donating blood?,"If you feel faint, lie down and elevate your feet. Drink fluids like juice or water to help restore your energy. This should pass quickly, but if you still feel unwell, inform a staff member."
How long should I wait before resuming exercise after donating blood?,It's recommended to wait at least 24-48 hours before engaging in intense physical activities like exercise or heavy lifting to allow your body to recover properly.
What foods should I eat after donating blood to feel better?,"You should eat foods rich in iron, such as lean meats, spinach, beans, and fortified cereals. Drinking orange juice can also help your body absorb iron more effectively."
Can I drink caffeine after donating blood?,"It’s best to avoid caffeine immediately after donating blood, as it can lead to dehydration. Stick to water, juice, or herbal teas to stay hydrated."
How do I take care of the arm after donating blood?,"After donating blood, avoid using the arm to carry heavy items. If the puncture site starts to bleed, apply pressure and keep your arm elevated. If you notice any swelling or bruising, apply a cold compress."
Should I avoid alcohol for a while after donating blood?,"Yes, it is advisable to avoid alcohol for at least 24 hours after donating blood, as alcohol can lead to dehydration and interfere with your recovery process."
Can I work out the same day I donate blood?,"It’s best to avoid working out the same day as blood donation. Give your body time to recover, and resume light physical activities after 24-48 hours."
How long does it take to feel normal after donating blood?,"Most people feel back to normal within a few hours after donating blood, although it may take a few days to fully recover. Drinking fluids and eating iron-rich foods can help speed up your recovery."
What should I do if I feel dizzy after donating blood?,"If you feel dizzy, lie down and elevate your feet to increase blood flow. Drink fluids like juice or water, and rest for a few minutes. The dizziness should pass soon."
How long should I wait to exercise after donating blood?,It's recommended to wait at least 24-48 hours before resuming any strenuous exercise or physical activities after donating blood to allow your body to recover.
Can I go swimming after donating blood?,"It’s advisable to avoid swimming for at least 24 hours after donating blood, as your body needs time to replenish fluids and your arm may be sore from the donation."
Is it normal to feel tired after donating blood?,"Yes, feeling tired is normal after donating blood. Your body is working to replenish the lost blood, and getting rest and proper nutrition can help restore your energy."
How can I speed up recovery after donating blood?,"To speed up recovery, stay hydrated, eat iron-rich foods, avoid strenuous physical activities for a few days, and get plenty of rest."
Can I drive immediately after donating blood?,"It’s recommended to wait at least 30 minutes to an hour before driving after donating blood. If you feel lightheaded or dizzy, refrain from driving and rest for a while."
How soon can I go back to work after donating blood?,"You can return to work right after donating blood if you feel well. However, avoid strenuous activities and give yourself time to rest if needed."
Can I do heavy lifting after donating blood?,It’s best to avoid heavy lifting for at least 24-48 hours after donating blood to prevent strain and give your body time to recover.
What should I avoid doing after donating blood?,"Avoid strenuous activities, heavy lifting, alcohol, and smoking. Also, take it easy for the rest of the day and stay hydrated."
How should I care for the donation site after donating blood?,"Keep the donation site clean and dry. Avoid heavy use of the arm, and if any swelling or bruising occurs, apply a cold compress in the first 24 hours, followed by a warm compress."
How long will I feel lightheaded after donating blood?,"Lightheadedness usually lasts only for a few minutes to an hour. If it persists, rest and drink fluids. If it doesn’t improve, contact a medical professional."
Can I donate blood again right after a previous donation?,"No, you must wait at least 3 months (90 days) before donating blood again to ensure your body has fully recovered."
Can I go shopping after donating blood?,"It’s okay to go shopping, but take it easy and avoid carrying heavy bags or engaging in intense physical activity right after donating blood."
Is it safe to walk after donating blood?,"Yes, light walking is safe after donating blood. Just ensure you’re feeling well enough and take it easy to avoid overexertion."
Can I resume daily activities like cooking or cleaning after donating blood?,"You can resume light activities like cooking or cleaning, but avoid strenuous tasks or lifting heavy objects for at least 24 hours after donating blood."
How soon can I take painkillers after donating blood?,"You can take painkillers like paracetamol if needed, but avoid aspirin, as it may interfere with blood clotting."
Should I take it easy after donating blood?,"Yes, it’s important to take it easy for the first few hours after donating blood. Rest and hydrate to help your body recover."
How long should I avoid intense physical activity?,It’s best to avoid intense physical activity for 24-48 hours after donating blood to give your body time to replenish lost fluids and blood.
How soon can I return to my regular routine?,"Most people can return to their regular routine after a day or two, but it’s important to avoid strenuous activities until you feel fully recovered."
Can I resume my normal diet after donating blood?,"Yes, you can resume your normal diet after donating blood, but focus on eating iron-rich foods to help your body recover."
Should I avoid coffee or tea after donating blood?,"It’s best to avoid caffeinated beverages like coffee or tea immediately after donating blood as they can dehydrate you. Stick to water, juice, or herbal teas."
Is it acceptable to drink milk before donating blood?,"Yes, drinking milk before donating blood is fine. However, avoid consuming large amounts of fatty foods, as they can affect your donation process."
Is it helpful to eat yogurt before donating blood?,"Yes, eating yogurt is a good choice before donating blood as it provides protein and helps keep you energized."
Should I eat nuts before I donate blood?,"Yes, nuts are a good source of protein and healthy fats, making them a good choice before donating blood."
Is it okay to have cereals before donating blood?,"Yes, cereals, especially those fortified with iron, are a good choice before donating blood as they help increase your iron levels."
What foods should be avoided before blood donation?,"Avoid fatty foods, fast foods, and heavy meals before donating blood, as they can affect the donation process and recovery."
Should I stay away from fatty foods before donating blood?,"Yes, it's important to avoid fatty foods before donating blood as they can affect your blood donation and make it more difficult for staff to properly process your blood."
Are salty foods not recommended before I donate blood?,"It’s best to avoid salty foods before donating blood, as they may cause dehydration or interfere with your body’s fluid balance."
Can I drink orange juice after I donate blood?,"Yes, drinking orange juice is a great choice after donating blood as it helps increase iron absorption and replenishes fluids."
Is it okay to drink coffee after donating blood?,"It’s best to avoid coffee immediately after donating blood as it can dehydrate you. Opt for water, juice, or herbal teas instead."
How do I ensure proper hydration before donating blood?,"Ensure proper hydration by drinking plenty of water or juice before donating blood, and avoid alcohol or caffeinated drinks."
Can I drink lemon water before blood donation?,"Yes, drinking lemon water before donating blood is fine and can help you stay hydrated and refreshed."
Should I drink sports drinks before giving blood?,"Sports drinks can help you stay hydrated before giving blood, especially if they contain electrolytes. However, avoid those with high sugar content."
What foods help restore energy after donating blood?,"Foods like fruits, vegetables, and protein-rich foods (chicken, beans, eggs) can help restore your energy after donating blood."
Are there any foods that boost iron levels before I donate blood?,"Yes, foods rich in iron like red meat, spinach, beans, lentils, and fortified cereals can help boost your iron levels before donating blood."
What foods are recommended for building iron levels before donation?,"Iron-rich foods such as red meat, poultry, fish, beans, tofu, spinach, and fortified cereals are recommended to build iron levels before blood donation."
What should I eat to avoid feeling weak after giving blood?,"To avoid feeling weak, eat foods rich in iron and protein, like lean meats, leafy greens, and nuts, and drink plenty of fluids."
What are the best foods to consume after giving blood?,"After donating blood, it's best to eat iron-rich foods like lean meats, spinach, eggs, and beans, along with vitamin C-rich fruits to aid absorption."
What snacks should I eat after donating blood?,"Good post-donation snacks include granola bars, nuts, crackers, and fruit to help replenish energy levels."
Which foods are helpful for recovery after donating blood?,"Iron-rich foods such as red meat, fish, beans, and dark leafy greens can help restore blood levels, along with plenty of fluids."
What are good post-donation snacks?,"Snacks like trail mix, yogurt, bananas, and peanut butter crackers are great for replenishing nutrients and boosting energy."
Can I have a smoothie after donating blood?,"Yes! A smoothie with fruits like bananas, berries, and spinach can provide essential nutrients and hydration."
Is it fine to eat sugary snacks after donating blood?,"Yes, consuming a small amount of sugar can help stabilize blood sugar levels, but it's best to balance it with protein and iron-rich foods."
Should I drink milk after blood donation?,"Yes, milk can be a good source of hydration and nutrients, but ensure you also consume iron-rich foods to aid recovery."
What foods should I consume immediately after donating blood?,"Consume iron-rich foods, protein, and vitamin C sources, such as a sandwich with lean meat and fruit juice."
Which fruits are ideal for restoring energy post-donation?,"Citrus fruits, bananas, apples, and berries are excellent for energy restoration and iron absorption."
What foods should I eat for better recovery after donating blood?,"Iron-rich foods, lean proteins, and vitamin C sources help replenish your body after blood donation."
What should I eat if I feel faint after donating blood?,"Eat a snack with protein and carbohydrates, such as a granola bar, crackers with peanut butter, or fruit juice."
Are there any foods that speed up recovery after blood donation?,"Iron-rich foods, high-protein meals, and vitamin C-rich foods can speed up recovery by replenishing lost nutrients."
What foods are good to eat before I donate blood?,"Eat a balanced meal with lean proteins, whole grains, fruits, and vegetables to maintain strength and hydration."
What should I have for breakfast before giving blood?,"A breakfast of eggs, whole wheat toast, and fruit is ideal to keep your energy up before donation."
Should I consume iron-rich foods before blood donation?,"Yes, iron-rich foods such as spinach, lentils, and lean meats help maintain healthy hemoglobin levels for donation."
What foods should I eat to help my circulation before donating blood?,"Foods high in iron, vitamin C, and omega-3s, such as fish, citrus fruits, and spinach, support good circulation."
Is eating vegetables recommended before giving blood?,"Yes, vegetables provide essential vitamins and iron that support healthy blood levels."
Should I have eggs before donating blood?,"Yes, eggs are a great source of protein and iron, which are beneficial before blood donation."
Is it a good idea to eat leafy greens before I donate blood?,"Yes, leafy greens like spinach and kale are excellent sources of iron and should be consumed before donating blood."
Is eating beans before blood donation beneficial?,"Yes, beans are rich in iron and protein, which are beneficial before donating blood."
What foods should I eat to stay hydrated before donating blood?,"Drink plenty of water and eat water-rich foods like cucumbers, watermelon, and oranges."
Which fruits are helpful to eat before donating blood?,"Citrus fruits, apples, and bananas provide essential vitamins and hydration before donating blood."
Is protein important before I donate blood?,"Yes, protein helps maintain strength and energy, so eating lean meats, eggs, or nuts is recommended."
Should I eat grains before donating blood?,"Yes, whole grains provide long-lasting energy and should be included in your pre-donation meal."
Should I refrain from eating fatty foods before donating blood?,"Yes, fatty foods can interfere with blood testing, so it's best to avoid them before donating."
Should I avoid salty foods before giving blood?,"Yes, excessive salt can dehydrate you, so limit salty snacks before donating."
Is it acceptable to have chocolate before donating blood?,"Yes, in moderation. Dark chocolate contains iron, but avoid too much sugar."
Can I consume fast food before donating blood?,"It's best to avoid fast food before donating, as high-fat meals can affect blood quality."
Is drinking soda fine before I donate blood?,"It's best to avoid soda, as the high sugar and caffeine content can dehydrate you."
Is eating pasta acceptable before blood donation?,"Yes, whole grain pasta is a good source of energy, but avoid heavy cream sauces."
Can I have lemon water before donating blood?,"Yes, lemon water is hydrating and provides vitamin C, which helps with iron absorption."
Should I drink juice before donating blood?,"Yes, fruit juice, especially citrus juice, helps with hydration and iron absorption."
Is it okay to have spicy food before donating blood?,"Yes, sports drinks can help with hydration and electrolyte balance, but avoid those high in sugar."
Can I drink milk or have dairy before donating blood?,"It's best to avoid spicy foods, as they may cause stomach discomfort during or after donation."
Is it fine to eat baked goods before donating blood?,"Yes, but in moderation. Dairy does not interfere with blood donation, but it's best to focus on iron-rich foods."
Are fruits a good option to eat before donating blood?,"Yes, as long as they are not overly fatty or sugary."
Can I drink milk before giving blood?,"Yes, fruits are a great source of vitamins and hydration before blood donation."
Is it helpful to eat yogurt before donating blood?,"Yes, milk is fine before donating blood, but ensure you're also eating iron-rich foods."
Is it okay to eat nuts before donating blood?,"Yes, yogurt is a good source of protein and calcium, but also focus on iron-rich foods."
Can I eat cereals before donating blood?,"Yes, nuts provide protein and healthy fats, which can help maintain energy levels."
What foods should I avoid before donating blood?,"Yes, whole-grain cereals are a good source of energy and nutrients before donating."
Should I avoid foods high in fat before donating blood?,"Yes, fatty foods can make blood testing more difficult, so it's best to avoid them before donation."
Are salty foods not recommended before I donate blood?,"Yes, excessive salt intake can lead to dehydration, so it's best to limit salty foods before donating."
Is drinking orange juice a good idea after donating blood?,"Yes, orange juice helps replenish fluids and supports iron absorption."
Is it alright to have coffee after donating blood?,"Avoid fatty, fried, and heavily processed foods, as they can interfere with blood tests and donation quality."
How can I ensure I stay hydrated before giving blood?,Drink plenty of water or juice before donating blood. Staying hydrated helps maintain your blood volume and makes the donation process smoother.
Can I drink lemon water before donating blood?,"Yes, lemon water is a great option. It keeps you hydrated and provides vitamin C, which helps with iron absorption."
Is drinking sports drinks before donating blood advisable?,"Sports drinks can help replenish electrolytes, but water and natural fruit juices are better choices to stay hydrated without added sugars."
What foods should I eat to regain energy after donating blood?,"Eat foods rich in iron and protein, such as lean meats, beans, nuts, and leafy greens. Also, consume fruits and whole grains for energy replenishment."
Are there particular foods that help boost iron levels before blood donation?,"Yes, iron-rich foods like red meat, beans, lentils, spinach, and fortified cereals can help boost your iron levels before donating blood."
What foods are effective in building iron levels before I donate blood?,"Foods rich in iron include lean meats, beans, spinach, lentils, and fortified cereals. Pairing them with vitamin C-rich foods like citrus fruits helps absorption."
What should I eat to avoid feeling weak after donating blood?,"Consume iron-rich foods, protein, and foods high in vitamin C to help with iron absorption. Hydrating well is also essential."
What are the best foods to eat after donating blood?,"Iron-rich foods like lean meats, beans, and spinach, along with vitamin C-rich fruits, can help replenish nutrients and aid in recovery."
What snacks are ideal for after donating blood?,"Snacks like granola bars, trail mix, bananas, and peanut butter crackers provide a good balance of protein, carbs, and iron."
What foods can aid in recovery after blood donation?,"Lean meats, nuts, leafy greens, eggs, and vitamin C-rich fruits can aid in faster recovery after donating blood."
What is a good snack to have after donating blood?,"A good snack includes nuts, yogurt, whole-grain crackers, and fruits like oranges or apples to replenish energy."
Is it okay to have a smoothie after donating blood?,"Yes, a smoothie made with iron-rich fruits, leafy greens, and yogurt can be a great way to replenish nutrients and stay hydrated."
Can I eat sugary foods after I donate blood?,"While sugary foods provide quick energy, it's best to balance them with protein and iron-rich foods for sustained recovery."
Is drinking milk fine after donating blood?,"Yes, drinking milk is fine, but it is better to consume vitamin C-rich foods alongside it to improve iron absorption."
What foods should I consume right after donating blood?,"Iron-rich foods like lean meat, beans, eggs, and leafy greens, along with vitamin C-rich fruits, help with recovery."
Which fruits are good for restoring energy after blood donation?,"Fruits like oranges, bananas, apples, and berries help restore energy and aid in iron absorption."
What foods can help me recover faster after donating blood?,"Foods rich in iron, protein, and vitamin C, such as lean meats, leafy greens, beans, and citrus fruits, can speed up recovery."
"If I feel faint after donating blood, what should I eat?",Eat iron-rich foods like red meat or spinach and drink fluids like juice or water to restore hydration and circulation.
Are there any specific foods that can speed up recovery after donating blood?,"Yes, eating iron-rich foods, proteins, and vitamin C-rich fruits can speed up recovery and replenish lost nutrients."
What are the best foods to consume before giving blood?,"Eat iron-rich foods like eggs, spinach, lean meats, and vitamin C-rich fruits to improve iron absorption before donating."
What should I have for breakfast before I donate blood?,"A balanced breakfast including eggs, whole grains, and a fruit like an orange can provide essential nutrients before donation."
Should I eat foods rich in iron prior to donating blood?,"Yes, consuming iron-rich foods before donating blood helps maintain healthy hemoglobin levels and prevents iron deficiency."
What foods should I consume to improve blood circulation before donating?,"Foods rich in omega-3s like fish, nuts, and leafy greens can improve blood circulation before donation."
Is it good to eat vegetables before I donate blood?,"Yes, vegetables, especially leafy greens, are great as they provide iron and essential nutrients for healthy blood production."
Should I have eggs before donating blood?,"Yes, eggs are a good source of protein and iron, making them a great choice before donating blood."
Is eating leafy greens beneficial before donating blood?,"Yes, leafy greens like spinach and kale are excellent sources of iron and should be included in your diet before donation."
Is it a good idea to eat beans before donating blood?,"Yes, beans are a good plant-based source of iron and protein, which are beneficial before donating blood."
What foods are good for staying hydrated before donating blood?,"Water, fresh fruit juices, and hydrating fruits like watermelon and cucumbers help keep you hydrated before donating blood."
What fruits are recommended before donating blood?,"Oranges, strawberries, bananas, and apples are great choices as they provide energy and support iron absorption."
Is eating protein necessary before I donate blood?,"Yes, protein helps maintain energy and supports blood production, making it an essential part of your pre-donation diet."
Should I include grains in my diet before donating blood?,"Yes, whole grains like oats, brown rice, and quinoa provide long-lasting energy and essential nutrients."
Should I avoid fatty foods before giving blood?,"Yes, it's best to avoid fatty foods before donating, as they can interfere with blood testing and processing."
Is it recommended to steer clear of salty foods before donating blood?,"While some salt is okay, excessive salty foods can lead to dehydration, so it's best to moderate intake."
Is it acceptable to eat chocolate before donating blood?,"Yes, in moderation. Dark chocolate contains iron, but avoid excessive sugar."
Can I consume junk food before donating blood?,"It's best to avoid junk food, as it lacks essential nutrients needed for a successful blood donation."
Is drinking soda okay before donating blood?,"It's best to limit soda, as it contains caffeine and sugar, which can lead to dehydration."
Is pasta safe to eat before I give blood?,"Yes, pasta provides carbohydrates for energy, but choose whole grain options for better nutrition."
Can I drink water with lemon before donating blood?,"Yes, water with lemon is a great choice as it keeps you hydrated and provides vitamin C."
Is drinking juice before donating blood fine?,"Yes, juice, especially vitamin C-rich options like orange juice, helps with hydration and iron absorption."
Is it okay to consume spicy food before donating blood?,It's best to avoid very spicy foods as they may cause digestive discomfort before donation.
Should I drink milk or have dairy before donating blood?,"Yes, but avoid excessive dairy, as calcium can interfere with iron absorption."
Can I eat baked goods before donating blood?,"Yes, in moderation. Choose whole grain options over sugary ones."
Is eating fruit acceptable before donating blood?,"Yes, fruits like oranges, apples, and bananas provide essential nutrients and hydration."
What foods are best after donating blood?,"Iron-rich foods, lean proteins, and vitamin C-rich fruits help with recovery."
What foods are best before donating blood?,"Lean proteins, leafy greens, whole grains, and vitamin C-rich fruits are best."
What should I eat after donating blood?,"Foods rich in iron and protein, along with plenty of fluids, aid recovery."
Should I eat iron-rich foods before donating blood?,"Yes, iron-rich foods help maintain hemoglobin levels for a safe donation."
What is a good breakfast before donating blood?,"Eggs, whole grains, and fruit make a balanced pre-donation breakfast."
Can I eat a heavy meal before donating blood?,"No, it's better to eat a light, balanced meal to avoid discomfort."
What snacks are recommended after donating blood?,"After donating blood, it’s best to have snacks like crackers, granola bars, or fruit to help restore energy levels. Drinking plenty of fluids is also recommended."
What foods help recover after blood donation?,"Foods rich in iron, such as leafy greens, lean meats, and beans, help replenish lost nutrients. Vitamin C-rich foods like citrus fruits also aid in recovery."
Can I drink orange juice after donating blood?,"Yes! Orange juice is a great choice after donating blood as it contains vitamin C, which helps your body absorb iron more efficiently."
Should I eat protein before donating blood?,"Yes, consuming protein before donating blood can help maintain your energy levels. Lean meats, eggs, and nuts are good choices."
What foods should I avoid before donating blood?,"Avoid fatty foods, as they can interfere with blood testing. It’s also best to limit salty and sugary foods before donating."
Can I eat chocolate before donating blood?,"Yes, but in moderation. Dark chocolate can provide iron, but too much sugar may cause an energy crash."
What foods help restore energy after donating blood?,"Foods high in iron and protein, such as lean meats, spinach, and beans, along with hydrating fruits, help restore energy."
Are there specific foods that boost my iron levels before donating blood?,"Yes, foods like red meat, spinach, lentils, and fortified cereals help boost iron levels before donating."
Is it okay to eat fruit before donating blood?,"Yes! Fruits are a great source of vitamins and hydration, which can help you feel better during and after donation."
Should I avoid salty food before donating blood?,"It’s best to limit salty foods before donating, as they can lead to dehydration."
Can I have dairy products before donating blood?,"Yes, but in moderation. Dairy can slow down iron absorption, so avoid consuming large amounts before donating."
What foods are good for hydration before donating blood?,"Water-rich foods like cucumbers, watermelon, and oranges help keep you hydrated before donating."
Can I drink water with lemon before donating blood?,"Yes, lemon water is a great choice as it provides hydration and vitamin C, which helps with iron absorption."
Should I eat vegetables before donating blood?,"Yes! Leafy greens, bell peppers, and carrots are excellent choices as they provide vitamins and minerals that support blood health."
Is it safe to eat pasta before donating blood?,"Yes, whole-grain pasta can provide sustained energy, but avoid heavy, creamy sauces that are high in fat."
Can I eat junk food before donating blood?,"It’s best to avoid junk food before donating, as high-fat meals can interfere with blood quality and testing."
What is a good post-donation snack?,"Crackers, fruit, granola bars, and a juice box are good post-donation snacks to help restore energy and hydration."
Should I drink a smoothie after donating blood?,"Yes, a smoothie with fruits and yogurt can be a refreshing and nutritious choice after blood donation."
Is it okay to eat sugary foods after donating blood?,"Moderate amounts of sugar are fine, but excessive sugar intake may cause an energy crash later."
Should I drink milk after donating blood?,"Yes, but in moderation. Milk provides protein and calcium, but excessive dairy might interfere with iron absorption."
What kind of food can I eat right after donating blood?,"Light snacks like crackers, fruits, and juice are recommended immediately after donating blood."
What foods should I eat for better blood circulation before donating?,"Foods rich in iron, vitamin C, and omega-3 fatty acids, like spinach, citrus fruits, and salmon, promote healthy blood circulation."
Can I eat spicy food before donating blood?,"It’s best to avoid overly spicy foods before donating, as they may cause digestive discomfort."
How can I make sure I’m hydrated before donating blood?,Drink plenty of water and eat water-rich foods like cucumbers and oranges to stay hydrated before donation.
What fruits are good to eat before donating blood?,"Citrus fruits, apples, bananas, and berries are excellent choices to eat before donating blood."
Should I eat eggs before donating blood?,"Yes, eggs are a great source of protein and iron, which can help prepare your body for donation."
Is it okay to eat baked goods before donating blood?,"Yes, but opt for whole-grain baked goods instead of sugary or heavily processed ones."
Can I drink soda before donating blood?,"It’s best to avoid soda, as it can cause dehydration and fluctuations in blood sugar levels."
What foods should I eat to improve my recovery after donating blood?,"Foods rich in iron and vitamin C, such as red meat, spinach, and oranges, help speed up recovery."
Can I have pasta with tomato sauce before donating blood?,"Yes! Tomato sauce contains vitamin C, which can help with iron absorption."
Should I eat leafy greens before donating blood?,"Yes, leafy greens like spinach and kale are great sources of iron and help boost blood health."
Is it good to eat beans before donating blood?,"Yes, beans are rich in iron and protein, which are beneficial before donating blood."
Should I avoid fatty foods before donating blood?,"Yes, fatty foods can affect blood quality, so it’s best to avoid them before donating."
What foods can help build my iron levels?,"Red meat, spinach, beans, lentils, and fortified cereals can help boost iron levels."
Can I drink coffee after donating blood?,"It’s best to limit coffee intake after donating, as caffeine can lead to dehydration."
Is it beneficial to eat yogurt before donating blood?,"Yes, yogurt is a good source of protein and probiotics, but don’t consume too much dairy before donating."
What fruits are good for restoring energy after donating blood?,"Bananas, oranges, and apples are great options for restoring energy after donating blood."
Should I eat cereals before donating blood?,"Yes, iron-fortified cereals are a great way to prepare your body for donation."
Can I drink juice before donating blood?,"Yes, juice—especially those rich in vitamin C—can help with iron absorption."
What foods should I eat to prevent weakness after donating blood?,"Protein-rich foods, leafy greens, and iron-rich foods help prevent post-donation weakness."
How do foods affect my blood donation experience?,Proper nutrition before and after donation helps ensure a smooth donation experience and quick recovery.
What is the best food to eat if I feel faint after donating blood?,Have a light snack like crackers and juice to restore your energy if you feel faint.
Should I eat grains before donating blood?,"Yes, whole grains like oats and brown rice provide long-lasting energy."
Can I eat nuts before donating blood?,"Yes, nuts are a good source of protein and healthy fats, but avoid salty varieties before donating."
Are there foods that speed up recovery after blood donation?,"Iron-rich foods like lean meats, beans, and vitamin C-rich fruits help speed up recovery."
How can I find blood donation drives happening near me?,"If you are near San Pablo City, you can visit the Red Cross Blood Center at #1 Rizal Avenue, Brgy. VII-C, San Pablo City. We can set an appointment for you."
Where can I donate blood in the next few days?,"If live near San Pablo City, you can visit #1 Rizal Avenue, Brgy. VII-C, San Pablo City."
Are there any blood donation events happening soon?,We can set an appointment for you to be notify when is the next blood donation event. would you like to check your eligibility now?
Where are the nearest donation drives available this week?,"I can help you locate donation drives near you. If you're near San Pablo City, you can visit #1 Rizal Avenue, Brgy. VII-C, San Pablo City."
How do I know when there are blood donation events in my area?,"You can check with your local Red Cross or blood donation centers, or I can find one for you now!"
Where is the closest blood donation session scheduled?,"If you live near San Pablo City, you can donate at #1 Rizal Avenue, Brgy. VII-C, San Pablo City. We can set an appointment for you. Would you like to proceed?"
Where are the upcoming blood donation events I can attend?,"We can arrange an appointment for you at our donation center in San Pablo City, located at #1 Rizal Avenue, Brgy. VII-C. Let us know if you'd like to schedule a visit."
What time are the blood donation sessions in my neighborhood?,"We can assist you with scheduling an appointment at our blood donation center in San Pablo City, #1 Rizal Avenue, Brgy. VII-C. Would you like to set one now?"
Where are the closest blood donation drives scheduled?,"If you're near San Pablo City, you may donate at our center at #1 Rizal Avenue, Brgy. VII-C. Let us know if you'd like to schedule a visit."
Where is the nearest place I can donate blood today?,"You can donate at #1 Rizal Avenue, Brgy. VII-C, San Pablo City. We can help you set an appointment. Would you like to proceed?"
How do I find a blood donation center nearby?,"If you are near San Pablo City, you can donate at #1 Rizal Avenue, Brgy. VII-C. Let us know if you'd like to set an appointment."
What is the closest blood donation location to my home?,"If you are near San Pablo City, you can donate at #1 Rizal Avenue, Brgy. VII-C. Would you like to schedule a visit?"
Where can I donate blood in my local area?,"If you're located near San Pablo City, you can visit our blood donation center at #1 Rizal Avenue, Brgy. VII-C. Let us know if you’d like to set an appointment."
Can I donate blood at a local facility this weekend?,"Yes! If you're near San Pablo City, you can visit #1 Rizal Avenue, Brgy. VII-C. Would you like to set an appointment?"
Where can I donate blood on a Sunday in my area?,"Our blood donation center at #1 Rizal Avenue, Brgy. VII-C, San Pablo City may be available. Let us know if you'd like to book an appointment."
What time can I donate blood at local centers near me?,"If you're near San Pablo City, we can help you schedule an appointment at #1 Rizal Avenue, Brgy. VII-C. Would you like to proceed?"
Where is the nearest blood donation clinic I can visit?,"You can visit #1 Rizal Avenue, Brgy. VII-C, San Pablo City. Would you like us to arrange an appointment for you?"
Where is the nearest blood donation center in my town?,"If you are in San Pablo City, the nearest blood donation center is at #1 Rizal Avenue, Brgy. VII-C. We can assist you in setting an appointment."
Are there any mobile blood donation units in my area?,"We currently recommend donating at #1 Rizal Avenue, Brgy. VII-C, San Pablo City. Would you like to book an appointment?"
Where are mobile blood donation services taking place today?,"For now, we recommend visiting #1 Rizal Avenue, Brgy. VII-C, San Pablo City for your blood donation. Let us know if you’d like an appointment."
Where can I find a blood donation event in my neighborhood?,"You can donate at our center in San Pablo City, located at #1 Rizal Avenue, Brgy. VII-C. Would you like to set an appointment?"
Can I donate blood at a nearby mobile blood unit?,"At the moment, we recommend visiting #1 Rizal Avenue, Brgy. VII-C, San Pablo City. Would you like us to help you set an appointment?"
Where can I donate blood at a local community blood drive?,"If you're near San Pablo City, you can donate at #1 Rizal Avenue, Brgy. VII-C. We can assist you with an appointment if needed."
Where can I donate blood in my office area?,"If you're near San Pablo City, the nearest donation center is at #1 Rizal Avenue, Brgy. VII-C. Would you like to set an appointment?"
Are there any mobile blood donation units near my location?,"You may visit our blood donation center at #1 Rizal Avenue, Brgy. VII-C, San Pablo City. Let us know if you'd like an appointment."
Can I donate blood at a community event nearby?,"For now, we recommend donating at #1 Rizal Avenue, Brgy. VII-C, San Pablo City. Would you like to schedule a visit?"
Where is the nearest mobile blood donation service?,"We recommend visiting #1 Rizal Avenue, Brgy. VII-C, San Pablo City for your blood donation. Let us know if you’d like an appointment."
Can I donate blood at any local hospital?,"It depends on the hospital’s policies. However, you can donate at #1 Rizal Avenue, Brgy. VII-C, San Pablo City. We can set an appointment for you."
Where is the nearest Red Cross donation center?,"If you're near San Pablo City, you can donate at #1 Rizal Avenue, Brgy. VII-C. Let us know if you'd like an appointment."
Are there any upcoming Red Cross blood donation events?,"You can donate at the Red Cross center at #1 Rizal Avenue, Brgy. VII-C, San Pablo City. Would you like us to schedule an appointment for you?"
Where can I donate blood at a Red Cross facility?,"You may visit the Red Cross blood donation center at #1 Rizal Avenue, Brgy. VII-C, San Pablo City. Would you like to set an appointment?"
When are the Red Cross donation drives happening next?,"You can donate at the Red Cross blood center at #1 Rizal Avenue, Brgy. VII-C, San Pablo City. Let us know if you need an appointment."
Where is the closest hospital where I can donate blood?,"Instead of a hospital, we recommend donating at #1 Rizal Avenue, Brgy. VII-C, San Pablo City. Would you like to schedule a visit?"
Can I donate blood at a medical facility near me?,"You can donate blood at a Red Cross Blood Center. If you are near San Pablo City, you can visit the center at #1 Rizal Avenue, Brgy. VII-C. Let us know if you’d like to set an appointment."
Where are the Red Cross blood donation drives located?,"You may donate blood at a Red Cross Blood Center. If you are near San Pablo City, visit #1 Rizal Avenue, Brgy. VII-C. We can arrange an appointment for you."
Where can I donate blood at the nearest hospital?,"Blood donations are usually conducted at Red Cross centers and designated donation sites. If you're in San Pablo City, you can go to #1 Rizal Avenue, Brgy. VII-C. Let us know if you’d like to schedule an appointment."
Are there blood donation centers open today?,"Yes! If you're near San Pablo City, visit #1 Rizal Avenue, Brgy. VII-C. We can arrange an appointment for you."
Where can I go donate blood today?,"You can donate today at #1 Rizal Avenue, Brgy. VII-C, San Pablo City. Would you like us to set an appointment?"
Which blood donation centers are open right now?,"If you're near San Pablo City, you can donate at #1 Rizal Avenue, Brgy. VII-C. Let us know if you'd like to set an appointment."
What donation centers can I go to today?,"You may visit #1 Rizal Avenue, Brgy. VII-C, San Pablo City. We can set an appointment for you. Would you like to proceed?"
Where can I donate blood immediately?,"If you are near San Pablo City, you can visit #1 Rizal Avenue, Brgy. VII-C. Let us know if you’d like to book an appointment now."
Are there blood donation events taking place today?,"You can donate today at #1 Rizal Avenue, Brgy. VII-C, San Pablo City. We can arrange an appointment for you if needed."
Where is the nearest donation center open now?,"You can donate at #1 Rizal Avenue, Brgy. VII-C, San Pablo City. Let us know if you'd like us to set an appointment."
Which donation centers are available for blood donation today?,"You may donate at #1 Rizal Avenue, Brgy. VII-C, San Pablo City. Would you like us to arrange an appointment for you?"
Where can I go for a blood donation drive today?,"If you're near San Pablo City, you can donate at #1 Rizal Avenue, Brgy. VII-C. Let us know if you’d like to set an appointment."
Where is the nearest blood donation spot?,"The nearest donation center is at #1 Rizal Avenue, Brgy. VII-C, San Pablo City. Would you like to book an appointment?"
How do I find a blood donation location near me?,"If you live near San Pablo City, you can donate at #1 Rizal Avenue, Brgy. VII-C. Let us know if you'd like to set an appointment."
What is the closest place for me to donate blood?,"You can donate at #1 Rizal Avenue, Brgy. VII-C, San Pablo City. Would you like to schedule an appointment now?"
Where can I go to donate blood close by?,"If you're in San Pablo City, you can visit #1 Rizal Avenue, Brgy. VII-C for donation. Let us know if you need an appointment."
How far away is the nearest blood donation facility?,"If you're near San Pablo City, the closest donation center is #1 Rizal Avenue, Brgy. VII-C. We can help you set an appointment."
What’s the nearest place to donate blood from here?,"If you are in San Pablo City, you can donate at #1 Rizal Avenue, Brgy. VII-C. Would you like us to set an appointment for you?"
Where can I donate blood in my vicinity?,"The nearest donation center is at #1 Rizal Avenue, Brgy. VII-C, San Pablo City. Let us know if you’d like to book an appointment."
Can you tell me the closest blood donation site?,"Yes! If you are near San Pablo City, you can donate at #1 Rizal Avenue, Brgy. VII-C. Would you like to set an appointment?"
Where is the nearest available blood donation center?,"If you're near San Pablo City, the nearest donation center is #1 Rizal Avenue, Brgy. VII-C. Let us know if you'd like to schedule a visit."
How do I find a blood donation location near me?,"If you live near San Pablo City, you can donate at #1 Rizal Avenue, Brgy. VII-C. Let us know if you'd like to set an appointment."
Are there any upcoming blood donation drives or events?,"We currently assist with blood donations at the Red Cross Blood Center in San Pablo City. If you are nearby, we can arrange an appointment for you at #1 Rizal Avenue, Brgy. VII-C."
Where are the blood donation centers with available appointments?,"We can help you schedule an appointment at the Red Cross Blood Center in San Pablo City, located at #1 Rizal Avenue, Brgy. VII-C. Let us know if you’d like to proceed."
Can I donate blood today at any nearby location?,"If you're near San Pablo City, you may visit the Red Cross Blood Center at #1 Rizal Avenue, Brgy. VII-C. We can assist in setting an appointment for you."
Are there any blood donation events in the next few days?,"We assist with blood donations at the Red Cross Blood Center in San Pablo City. If you’re nearby, you may visit #1 Rizal Avenue, Brgy. VII-C. Let us know if you’d like to book an appointment."
Where can I find the closest blood donation facility or center?,"The nearest blood donation center we assist with is the Red Cross Blood Center in San Pablo City, located at #1 Rizal Avenue, Brgy. VII-C. Would you like us to schedule an appointment for you?"
Where are the nearest blood donation locations available to visit?,"If you're in or near San Pablo City, you can visit the Red Cross Blood Center at #1 Rizal Avenue, Brgy. VII-C. Let us know if you need an appointment."
How do I know when and where the blood donation events are happening?,"We can assist with scheduling a blood donation at the Red Cross Blood Center in San Pablo City, located at #1 Rizal Avenue, Brgy. VII-C. Would you like to set an appointment?"
Where are blood donation sessions scheduled in my area?,"If you are near San Pablo City, you can donate blood at the Red Cross Blood Center at #1 Rizal Avenue, Brgy. VII-C. We can help you arrange an appointment."
Where is the closest blood donation center in my area?,"We can assist with blood donations at the Red Cross Blood Center in San Pablo City, #1 Rizal Avenue, Brgy. VII-C. Let us know if you'd like an appointment."
Where should I go to donate blood today?,"If you're near San Pablo City, visit the Red Cross Blood Center at #1 Rizal Avenue, Brgy. VII-C. We can help you schedule an appointment."
What is the nearest blood donation facility to me?,"We can help you donate blood at the Red Cross Blood Center in San Pablo City, #1 Rizal Avenue, Brgy. VII-C. Would you like us to book an appointment for you?"
How can I locate a nearby blood donation center?,"If you're near San Pablo City, the Red Cross Blood Center is located at #1 Rizal Avenue, Brgy. VII-C. Let us know if you'd like an appointment."
Where can I go to donate blood this weekend?,"You can donate at the Red Cross Blood Center in San Pablo City, #1 Rizal Avenue, Brgy. VII-C. We can set an appointment for you."
What time are blood donations accepted at the nearby centers?,"Donation hours vary. If you are near San Pablo City, you can visit the Red Cross Blood Center at #1 Rizal Avenue, Brgy. VII-C. Would you like to set an appointment?"
Where can I donate blood on Sundays?,"The Red Cross Blood Center in San Pablo City at #1 Rizal Avenue, Brgy. VII-C may accept donations. We can help you set an appointment."
Where is the nearest blood donation clinic in my area?,"The closest donation center we assist with is the Red Cross Blood Center in San Pablo City, #1 Rizal Avenue, Brgy. VII-C. Let us know if you’d like to book an appointment."
Is there a mobile blood donation unit close by?,"We currently assist with donations at the Red Cross Blood Center in San Pablo City, located at #1 Rizal Avenue, Brgy. VII-C. Let us know if you’d like to set an appointment there."
Where are the mobile blood donation drives happening today?,"We do not have information on mobile blood drives, but you can donate at the Red Cross Blood Center in San Pablo City at #1 Rizal Avenue, Brgy. VII-C. Would you like to set an appointment?"
Are there any community events for blood donation nearby?,"We can assist with blood donations at the Red Cross Blood Center in San Pablo City, #1 Rizal Avenue, Brgy. VII-C. Let us know if you’d like to schedule an appointment."
Can I donate blood at a mobile blood donation event?,"We do not have details on mobile blood donation events, but you may visit the Red Cross Blood Center in San Pablo City at #1 Rizal Avenue, Brgy. VII-C. Would you like us to schedule an appointment?"
Where can I donate blood in my neighborhood?,"If you are near San Pablo City, you can visit the Red Cross Blood Center at #1 Rizal Avenue, Brgy. VII-C. Let us know if you'd like to schedule an appointment."
Can I donate blood at a local blood drive near my office?,"If you are near San Pablo City, you can donate at the Red Cross Blood Center at #1 Rizal Avenue, Brgy. VII-C. We can arrange an appointment for you."
Are mobile blood units operating near me today?,"We do not have real-time updates on mobile units, but you can donate at the Red Cross Blood Center in San Pablo City at #1 Rizal Avenue, Brgy. VII-C. Let us know if you’d like to book an appointment."
Is there a community blood donation event I can join?,"We currently assist with blood donations at the Red Cross Blood Center in San Pablo City, located at #1 Rizal Avenue, Brgy. VII-C. Would you like to set an appointment there?"
Where can I find mobile blood donation drives?,"We do not have mobile blood drive details, but you can donate at the Red Cross Blood Center in San Pablo City at #1 Rizal Avenue, Brgy. VII-C. Let us know if you need an appointment."
Can I donate blood at a hospital?,"Blood donations are usually conducted at designated centers. If you're near San Pablo City, you can visit the Red Cross Blood Center at #1 Rizal Avenue, Brgy. VII-C. We can help you schedule an appointment."
Where is the Red Cross blood donation center located?,"If you are near San Pablo City, the Red Cross Blood Center is at #1 Rizal Avenue, Brgy. VII-C. Let us know if you’d like to book an appointment."
Where can I find a Red Cross blood drive near me?,"We assist with donations at the Red Cross Blood Center in San Pablo City, located at #1 Rizal Avenue, Brgy. VII-C. Would you like us to set an appointment?"
Are there any upcoming blood donation events by Red Cross?,"We currently assist with donations at the Red Cross Blood Center in San Pablo City at #1 Rizal Avenue, Brgy. VII-C. We can schedule an appointment for you."
Where can I donate blood this weekend?,"You may donate at the Red Cross Blood Center in San Pablo City, located at #1 Rizal Avenue, Brgy. VII-C. Let us know if you’d like to schedule an appointment."
Is it possible to donate blood at my local clinic?,"Blood donations are usually done at designated centers. If you’re near San Pablo City, you can visit the Red Cross Blood Center at #1 Rizal Avenue, Brgy. VII-C. Would you like to set an appointment?"
Where can I donate blood at a hospital or medical center?,"If you are near San Pablo City, you can visit the Red Cross Blood Center at #1 Rizal Avenue, Brgy. VII-C. Let us know if you need an appointment."
Is there a Red Cross blood donation event soon?,"We currently assist with donations at the Red Cross Blood Center in San Pablo City, located at #1 Rizal Avenue, Brgy. VII-C. We can set an appointment for you."
Where is the closest hospital for blood donation?,"If you're near San Pablo City, you can donate at the Red Cross Blood Center at #1 Rizal Avenue, Brgy. VII-C. Would you like to set an appointment?"
Are there any donation centers open today?,"We assist with donations at the Red Cross Blood Center in San Pablo City, #1 Rizal Avenue, Brgy. VII-C. Let us know if you’d like to set an appointment."
Where can I donate blood today?,"You may donate blood at the Red Cross Blood Center in San Pablo City at #1 Rizal Avenue, Brgy. VII-C. We can schedule an appointment for you."
What donation centers are open right now?,"If you’re near San Pablo City, you can visit the Red Cross Blood Center at #1 Rizal Avenue, Brgy. VII-C. Let us know if you need an appointment."
Where are the closest blood donation drives today?,"We currently assist with donations at the Red Cross Blood Center in San Pablo City, located at #1 Rizal Avenue, Brgy. VII-C. Would you like to set an appointment?"
Are there any blood donation drives nearby today?,"If you're near San Pablo City, you can visit the Red Cross Blood Center at #1 Rizal Avenue, Brgy. VII-C. Let us know if you’d like to schedule an appointment."
Where are blood donation sessions being held today?,"We assist with blood donations at the Red Cross Blood Center in San Pablo City, located at #1 Rizal Avenue, Brgy. VII-C. Would you like to set an appointment?"
Which blood donation centers are open at the moment?,"If you are near San Pablo City, the Red Cross Blood Center at #1 Rizal Avenue, Brgy. VII-C is available. Let us know if you’d like to schedule an appointment."
Are there any blood donation events happening soon?,"We currently assist with donations at the Red Cross Blood Center in San Pablo City, located at #1 Rizal Avenue, Brgy. VII-C. We can set an appointment for you."
When and where can I donate blood in the coming days?,"If you are near San Pablo City, you can donate at the Red Cross Blood Center at #1 Rizal Avenue, Brgy. VII-C. Would you like us to schedule an appointment?"
Where is the closest location to donate blood?,"The nearest blood donation center we assist with is the Red Cross Blood Center in San Pablo City, located at #1 Rizal Avenue, Brgy. VII-C. Let us know if you’d like an appointment."
How do I find the nearest place to donate blood?,"If you're near San Pablo City, you can donate at the Red Cross Blood Center at #1 Rizal Avenue, Brgy. VII-C. Let us know if you'd like to schedule an appointment."
What is the closest blood donation center to my location?,"We assist with donations at the Red Cross Blood Center in San Pablo City, #1 Rizal Avenue, Brgy. VII-C. Let us know if you’d like to book an appointment."
Where can I go to donate blood near me?,"If you live near San Pablo City, you can visit the Red Cross Blood Center at #1 Rizal Avenue, Brgy. VII-C, San Pablo City. We can set an appointment for you if needed."
How far is the nearest blood donation site from here?,"If you are near San Pablo City, the nearest blood donation center is at #1 Rizal Avenue, Brgy. VII-C, San Pablo City. Would you like to schedule an appointment?"
What is the closest donation center in my city?,"If you are in San Pablo City, you can donate at the Red Cross Blood Center located at #1 Rizal Avenue, Brgy. VII-C, San Pablo City. Let us know if you’d like to set an appointment."
Where is the nearest blood donation facility?,"If you are near San Pablo City, you can donate blood at #1 Rizal Avenue, Brgy. VII-C, San Pablo City. We can arrange an appointment for you."
How do I locate a blood bank near me?,"If you are in San Pablo City, you may visit the Red Cross Blood Center at #1 Rizal Avenue, Brgy. VII-C, San Pablo City. Let us know if you’d like us to arrange an appointment."
Where can I donate blood nearby?,"If you are close to San Pablo City, you can visit the Red Cross Blood Center at #1 Rizal Avenue, Brgy. VII-C, San Pablo City. We can help you schedule an appointment."
Where is the closest blood donation center located?,"The nearest blood donation center in San Pablo City is at #1 Rizal Avenue, Brgy. VII-C. Would you like us to set an appointment for you?"
Where can I donate blood?,"You can donate blood at the Red Cross Blood Center in San Pablo City, located at #1 Rizal Avenue, Brgy. VII-C. Would you like us to arrange an appointment for you?"
Is there a donation center near me?,"If you are in or near San Pablo City, you can visit the Red Cross Blood Center at #1 Rizal Avenue, Brgy. VII-C. Let us know if you’d like to book an appointment."
Where is the nearest blood donation center?,"The nearest blood donation center in San Pablo City is at #1 Rizal Avenue, Brgy. VII-C. We can schedule an appointment for you if needed."
Can you help me find a blood donation location?,"If you are in San Pablo City, you can donate at #1 Rizal Avenue, Brgy. VII-C. We can assist in setting an appointment for you."
How far is the nearest blood donation center?,"If you are near San Pablo City, the closest blood donation center is at #1 Rizal Avenue, Brgy. VII-C. Would you like to set an appointment?"
Are there donation centers open today?,"The Red Cross Blood Center in San Pablo City, located at #1 Rizal Avenue, Brgy. VII-C, may be open today. Would you like us to check availability and set an appointment for you?"
Where can I go to donate blood in my area?,"If you are in San Pablo City, you can donate at the Red Cross Blood Center at #1 Rizal Avenue, Brgy. VII-C. Let us know if you’d like to schedule an appointment."
What’s the closest Red Cross center to me?,"If you are in San Pablo City, the nearest Red Cross Blood Center is at #1 Rizal Avenue, Brgy. VII-C. We can help you set an appointment."
How do I find a blood donation center near me?,"If you are in or near San Pablo City, you may visit the Red Cross Blood Center at #1 Rizal Avenue, Brgy. VII-C. Would you like to schedule an appointment?"
Is there a blood bank nearby?,"If you are in San Pablo City, you can visit the Red Cross Blood Center at #1 Rizal Avenue, Brgy. VII-C. Let us know if we can assist in setting an appointment."
Where is the blood donation drive held?,"If you are in San Pablo City, blood donations can be done at the Red Cross Blood Center at #1 Rizal Avenue, Brgy. VII-C. We can arrange an appointment for you."
Can you help me find a donation location?,"Yes! If you are near San Pablo City, you can donate at the Red Cross Blood Center at #1 Rizal Avenue, Brgy. VII-C. Let us know if you'd like an appointment."
Where can I donate blood today?,"If you are in San Pablo City, you can donate at the Red Cross Blood Center at #1 Rizal Avenue, Brgy. VII-C. We can help you set an appointment if needed."
Which blood centers are open now?,"The Red Cross Blood Center in San Pablo City at #1 Rizal Avenue, Brgy. VII-C, may be open. Would you like us to check for you and set an appointment?"
Where is the Red Cross donation center?,"The Red Cross Blood Center in San Pablo City is located at #1 Rizal Avenue, Brgy. VII-C. We can assist in booking an appointment if needed."
Do you have a list of local donation centers?,"We can only provide information for San Pablo City. If you’re nearby, you can donate at #1 Rizal Avenue, Brgy. VII-C. Would you like to set an appointment?"
Can I donate blood anywhere nearby?,"If you are in San Pablo City, the nearest donation center is at #1 Rizal Avenue, Brgy. VII-C. Let us know if you'd like an appointment."
Which places accept blood donations?,"The Red Cross Blood Center in San Pablo City at #1 Rizal Avenue, Brgy. VII-C accepts donations. We can assist with an appointment if needed."
Are there any blood drives in my area?,"If you are in San Pablo City, you can donate at the Red Cross Blood Center at #1 Rizal Avenue, Brgy. VII-C. Would you like to set an appointment?"
Where can I donate blood on weekends?,"The Red Cross Blood Center at #1 Rizal Avenue, Brgy. VII-C, San Pablo City may be open on weekends. Let us know if you’d like us to check and arrange an appointment."
Is there a mobile blood donation unit near me?,"We currently provide information only for the Red Cross Blood Center in San Pablo City, at #1 Rizal Avenue, Brgy. VII-C. Would you like to set an appointment there?"
Can I find a blood donation center near my office?,"If your office is near San Pablo City, you can visit the Red Cross Blood Center at #1 Rizal Avenue, Brgy. VII-C. We can help schedule an appointment."
Where is the nearest Red Cross blood drive?,"The Red Cross Blood Center in San Pablo City, located at #1 Rizal Avenue, Brgy. VII-C, accepts donations. Let us know if we can assist with an appointment."
Which hospitals accept blood donations?,"Most hospitals do not accept direct blood donations. Instead, you can donate at the Red Cross or designated blood donation centers, and the blood is then supplied to hospitals as needed."
Is there a community donation event today?,"We do not have real-time updates on community donation events, but we can set an appointment for you if you live near San Pablo City."
How can I locate a blood donation clinic?,"If you live near San Pablo City, you can donate at #1 Rizal Avenue, Brgy. VII-C, San Pablo City. We can assist in setting an appointment for you."
Are there any donation centers nearby that need blood?,"Blood donation centers always need donors. If you're in San Pablo City, you can donate at #1 Rizal Avenue, Brgy. VII-C. Let us know if you’d like to set an appointment."
Where can I donate my blood in this area?,"If you’re near San Pablo City, you can donate at #1 Rizal Avenue, Brgy. VII-C. We can arrange an appointment for you."
Is there a Red Cross event for blood donations soon?,"We do not have event schedules, but you can donate at the Red Cross center in San Pablo City at #1 Rizal Avenue, Brgy. VII-C. We can assist in scheduling your visit."
How can I find a nearby blood donor event?,"If you’re near San Pablo City, you can donate at the Red Cross center at #1 Rizal Avenue, Brgy. VII-C. Would you like to book an appointment?"
What is the nearest location where I can donate blood?,"If you’re in San Pablo City, you can donate at #1 Rizal Avenue, Brgy. VII-C. Let us know if you’d like to set an appointment."
Do I need an appointment to donate at a local center?,"Appointments are recommended to ensure availability, but walk-ins may also be accommodated. Would you like us to set an appointment for you?"
What are the hours for blood donations near me?,"Blood donation center hours vary. If you're in San Pablo City, we can confirm the schedule for the center at #1 Rizal Avenue, Brgy. VII-C. Would you like an appointment?"
Where are the mobile blood units operating today?,"We don’t have real-time updates on mobile units, but you can donate at the Red Cross center in San Pablo City at #1 Rizal Avenue, Brgy. VII-C. Let us know if you need an appointment."
Can I donate blood at my local clinic?,Most local clinics do not accept blood donations directly. You can donate at an official donation center such as the Red Cross in San Pablo City. Would you like to set an appointment?
Where can I go to donate blood on a Sunday?,"Some blood donation centers may be open on Sundays. If you're near San Pablo City, we can check the availability at #1 Rizal Avenue, Brgy. VII-C and set an appointment for you."
Where are the upcoming blood donation events?,"We do not have event details, but you can donate at the Red Cross center in San Pablo City at #1 Rizal Avenue, Brgy. VII-C. Would you like an appointment?"
Can I donate blood at a hospital?,Most hospitals do not accept direct blood donations. You can donate at an official donation center such as the Red Cross in San Pablo City. Let us know if you'd like to schedule a visit.
What is the nearest donation center to my city?,"If you live near San Pablo City, you can donate at #1 Rizal Avenue, Brgy. VII-C. We can help arrange your appointment."
Is there a blood donation center at the mall?,"Blood donation centers are typically located in medical facilities, not malls. However, if you’re near San Pablo City, you can donate at #1 Rizal Avenue, Brgy. VII-C. Let us know if you need an appointment."
How do I find blood donation events near me?,"We do not have real-time event listings, but you can donate at the Red Cross center in San Pablo City at #1 Rizal Avenue, Brgy. VII-C. Would you like to book an appointment?"
Where are blood donation sessions happening this week?,"We don’t have weekly event details, but you can donate at the Red Cross center in San Pablo City. Let us know if you'd like to set up an appointment."
Where is the blood donation center in my town?,"If you’re in San Pablo City, the donation center is located at #1 Rizal Avenue, Brgy. VII-C. We can assist in setting an appointment."
Are there any blood drives in the next few days?,"We do not have event schedules, but you can always donate at the Red Cross center in San Pablo City. Would you like an appointment?"
Where is the nearest blood bank to my location?,"If you’re near San Pablo City, you can donate at #1 Rizal Avenue, Brgy. VII-C. Let us know if you’d like us to schedule your visit."
How far is the closest Red Cross donation center?,"If you’re near San Pablo City, the Red Cross center is located at #1 Rizal Avenue, Brgy. VII-C. We can arrange an appointment for you."
Where can I donate blood in the city center?,"If you're in San Pablo City, you can donate at #1 Rizal Avenue, Brgy. VII-C. Let us know if you'd like an appointment."
What’s the location of today’s blood donation drive?,"We do not have real-time updates on drives, but you can donate at the Red Cross center in San Pablo City. Would you like to set an appointment?"
Where is the nearest donation facility?,"If you’re near San Pablo City, you can donate at #1 Rizal Avenue, Brgy. VII-C. Let us know if you’d like an appointment."
Where can I donate blood in my area this weekend?,"If you live near San Pablo City, you can donate at #1 Rizal Avenue, Brgy. VII-C, San Pablo City. We can help you set an appointment if needed."
Is there a local place to donate blood?,"Yes! If you're near San Pablo City, you can donate at #1 Rizal Avenue, Brgy. VII-C, San Pablo City. Let us know if you’d like to schedule an appointment."
How can I donate blood in my town?,"If you're near San Pablo City, visit #1 Rizal Avenue, Brgy. VII-C, San Pablo City. Would you like to set up an appointment?"
Can I pick a convenient time for my blood donation appointment?,"Yes, we can help schedule an appointment at a time that works for you. Let us know your preferred time."
How much flexibility do I have when choosing a time for my blood donation?,"We offer flexible scheduling based on availability. Let us know your preferred time, and we’ll check for open slots."
Can I choose my preferred time for donating blood?,"Yes, you can choose a time that fits your schedule, subject to availability. Let us know when you'd like to donate."
Where can I book a blood donation appointment close to me?,"If you're near San Pablo City, we can book your appointment at #1 Rizal Avenue, Brgy. VII-C, San Pablo City. Would you like to proceed with scheduling?"
How do I schedule a blood donation at a local donation center?,You can schedule an appointment through us. Let us know if you’d like to proceed with booking.
Where can I find the link to book a blood donation session?,We can help set an appointment for you. Let us know when you’d like to donate.
How do I make an appointment for a donation drive in my area?,We can schedule an appointment for you at our donation center in San Pablo City. Let us know your availability.
Can I book a blood donation appointment at the nearest center?,"Yes! If you're near San Pablo City, we can book your appointment at #1 Rizal Avenue, Brgy. VII-C, San Pablo City."
Do I need to schedule an appointment to donate blood?,"While walk-ins may be accepted, it’s recommended to schedule an appointment to ensure availability. Would you like to book one?"
Is it mandatory to make an appointment before donating blood?,Appointments are recommended but not always required. Would you like to secure a time slot in advance?
Can I donate blood without having a confirmed appointment?,"Some centers allow walk-ins, but we recommend scheduling an appointment to avoid wait times. Let us know if you’d like to book one."
Do I need an ID to book a blood donation?,"Yes, a valid ID is usually required for booking and donation verification."
How do I find out the available time slots for blood donations?,We can check availability for you. Let us know your preferred date and time.
When can I schedule my blood donation appointment?,"You can schedule at a time that suits you. Let us know when you'd like to donate, and we'll check availability."
How soon can I book my blood donation appointment?,You can book as soon as possible based on availability. Would you like to set one up now?
How can I check the availability of blood donation slots?,"You can check the availability by contacting the donation center directly. If you'd like, we can assist in booking an appointment for you."
How do I know if my blood donation appointment is confirmed?,"Once your appointment is booked, you will receive a confirmation. Let us know if you’d like us to verify it for you."
What can I do to verify that my blood donation slot is secured?,We can confirm your appointment for you. Let us know if you'd like us to check.
How can I ensure my blood donation appointment has been booked?,"If you've booked an appointment, you should receive a confirmation. Would you like us to verify it for you?"
Can I make a phone call to arrange a blood donation appointment?,We can assist with scheduling. Let us know if you'd like to proceed.
Is it possible to reserve a blood donation appointment by calling or emailing?,"Yes, appointments can typically be made via phone or email. Would you like assistance in scheduling your appointment?"
How do I schedule a blood donation appointment via the phone?,We can help you schedule your appointment. Would you like us to handle the booking for you?
Can I schedule my blood donation appointment online?,"Yes, we can assist with scheduling. Let us know when you'd like to donate."
How can I book my blood donation appointment through the website?,We can help set up your appointment. Let us know your preferred date and time.
How do I reserve a spot for blood donation via the internet?,We can book your appointment for you. Let us know when you'd like to donate.
Is it possible to make an online booking for donating blood?,"Yes, we can schedule an appointment for you. Let us know your preferred date."
Can I use the Red Cross website to schedule a blood donation?,We can help book an appointment for you directly. Would you like to proceed?
How do I arrange a blood donation appointment?,We can set up an appointment for you. Let us know when you'd like to donate.
What are the steps involved in booking a blood donation?,"Just let us know your preferred date and time, and we will handle the scheduling."
How can I organize my blood donation by choosing a time?,We can book a time slot that works for you. Let us know your availability.
How do I plan to donate blood by setting an appointment?,You can plan your donation by booking in advance. Would you like us to schedule an appointment for you?
What do I need to do to schedule my blood donation?,"Simply let us know your preferred date and time, and we will book it for you."
Can I pick a time that works best for me when scheduling a blood donation?,"Yes, we can check availability for your preferred time. Let us know when you'd like to donate."
How flexible is the scheduling process for blood donations?,Scheduling is flexible based on availability. Let us know your preferred time.
Can I choose a time that fits my schedule for the donation?,"Yes, let us know your preferred time, and we will book it for you."
Where can I go to schedule a blood donation appointment near me?,"If you're near San Pablo City, we can book an appointment at #1 Rizal Avenue, Brgy. VII-C, San Pablo City."
How do I make an appointment for a blood donation session in my city?,We can help you book an appointment. Let us know your preferred date and time.
Can I book a donation appointment at a blood donation center close to me?,"If you live near San Pablo City, you can donate at #1 Rizal Avenue, Brgy. VII-C, San Pablo City. Let us know if you’d like to book an appointment."
How do I find blood donation appointments for nearby locations?,We can schedule an appointment for you at our center in San Pablo City. Let us know when you’d like to donate.
Where can I go to schedule a blood donation appointment in my area?,"If you're near San Pablo City, we can arrange an appointment for you at #1 Rizal Avenue, Brgy. VII-C, San Pablo City."
How do I find the appointment link for a blood donation drive?,We can set an appointment for you. Let us know your preferred time.
Do I need to make an appointment before donating blood?,Appointments are recommended to ensure availability. Would you like to book one now?
Is booking an appointment mandatory to donate blood?,"It is not always mandatory, but highly recommended. Let us know if you’d like to book one."
Can I donate blood without a scheduled appointment?,"You may be able to, but scheduling an appointment ensures availability. Would you like to book one?"
Is there a need for ID verification when scheduling a blood donation?,ID verification may be required during registration. Would you like us to help schedule your donation?
How do I find the available time slots for blood donations?,"If you live near San Pablo City you can contact 09175456581 or 09178824204, or email at sanpablo@redcross.org.ph to find out the available time slots for blood donations at ."
Can I book my blood donation appointment on short notice?,"Yes, you can contact Philippine Red Cross - San Pablo City Chapter at Philippine Red Cross - San Pablo City Chapter at 09175456581 or 09178824204. You can also email them at sanpablo@redcross.org.ph"
How soon can I schedule an appointment to donate blood?,You can schedule an appointment at the earliest available slot. Let us know if you'd like to set an appointment
How do I check for available blood donation slots?,"You can contact 09175456581 or 09178824204, or email at sanpablo@redcross.org.ph to find out the available time slots for blood donations."
How can I confirm that my blood donation appointment is booked?,"If you booked your appointment on this website, please wait for a Red Cross representative to contact you. If not, you can verify by calling 09175456581 or 09178824204, or emailing sanpablo@redcross.org.ph."
What steps can I take to verify my blood donation time?,"If you scheduled through this website, a Red Cross representative will contact you. Otherwise, you can check by calling 09175456581 or 09178824204, or emailing sanpablo@redcross.org.ph."
How do I make sure my blood donation appointment is confirmed?,"If you booked here, wait for confirmation from the Red Cross. If not, contact them at 09175456581 or 09178824204, or via email at sanpablo@redcross.org.ph."
Can I call to book an appointment for donating blood?,"Yes, you can call 09175456581 or 09178824204 to arrange an appointment."
Is it possible to arrange a blood donation appointment via email or phone?,"Yes, you can email sanpablo@redcross.org.ph or call 09175456581 or 09178824204 to set up an appointment."
How do I set up my donation appointment through the phone?,You can call 09175456581 or 09178824204 to book your appointment.
Can I schedule my blood donation via the internet?,"Yes, we can set an appointment for you through this platform. Would you like to set an appointment now?"
Where can I make an online appointment to donate blood?,You can set an appointment through this platform. Let us know when you're ready
How do I schedule my donation time through an online platform?,We can arrange your appointment for you. Would you like to set an appointment now?
Can I use the Red Cross website to book my blood donation appointment?,"Appointments can be set through this platform. If you need additional assistance, contact the Red Cross at sanpablo@redcross.org.ph."
Where can I make an online reservation to donate blood?,You can schedule your appointment through this platform.
How do I go about scheduling a blood donation appointment through the Red Cross online platform?,"We can book your appointment here. If you need further assistance, you can email sanpablo@redcross.org.ph."
Can I book a time for my blood donation appointment using an online system?,"Yes, you can schedule your appointment through this platform. And we'll contact you to confirm the appointment"
What is the process for scheduling a blood donation?,You can set an appointment with us. Would you like to proceed now?
How can I reserve an appointment for a blood donation?,We can set an appointment for you. Just let us know when you're ready
What are the steps to book a blood donation slot?,We can set an appointment for your blood donation. Would you like to set it now?
How do I plan my blood donation by booking a spot?,"Let us know when you're ready, and we can set up an appointment for you."
How can I set up a time for my blood donation?,"You can schedule an appointment with us, would you like to make an appointment now?"
Where can I arrange my blood donation appointment?,You can arrange your appointment here or by contacting the Red Cross directly at sanpablo@redcross.org.ph.
Can I choose a time that works best for my blood donation?,"Yes, just contact Philippine Red Cross - San Pablo City Chapter at 09175456581 or 09178824204 or email them at sanpablo@redcross.org.ph"
How do I select a specific date for my blood donation?,Just contact Philippine Red Cross - San Pablo City Chapter at 09175456581 or 09178824204 or email them at sanpablo@redcross.org.ph
Can I pick a convenient time for my blood donation appointment?,"Simply reach out to the Philippine Red Cross - San Pablo City Chapter by calling 09175456581 or 09178824204, or send an email to sanpablo@redcross.org.ph."
Is there a way to schedule my blood donation during certain hours?,"You can get in touch with the Philippine Red Cross - San Pablo City Chapter by calling 09175456581 or 09178824204, or by emailing them at sanpablo@redcross.org.ph."
Where can I sign up to donate blood?,"You can sign up for blood donation through this platform, and we will schedule your appointment."
Can I book my blood donation appointment at a local blood bank?,"If you are near San Pablo City, you can donate at #1 Rizal Avenue, Brgy. VII-C, San Pablo City. We can set an appointment for you."
How do I schedule an appointment to donate blood near me?,"If you are near San Pablo City, you can donate at #1 Rizal Avenue, Brgy. VII-C. We can help schedule an appointment."
Where can I make an appointment for a local blood donation?,"If you live near San Pablo City, you can donate at #1 Rizal Avenue, Brgy. VII-C. We can book an appointment for you."
How do I find an appointment to donate blood at a local center?,"If you are in San Pablo City, the donation center is at #1 Rizal Avenue, Brgy. VII-C. We can help set an appointment."
Where can I book a session for blood donation?,"If you are near San Pablo City, you can book a session at #1 Rizal Avenue, Brgy. VII-C. We can arrange an appointment."
How do I schedule my blood donation appointment?,"Let us know your preferred date and time, and we will set an appointment for you."
Do I need to make a reservation ahead of time for a blood donation?,It is recommended to schedule in advance. Let us know if you'd like to set an appointment.
Is it necessary to schedule an appointment to donate blood?,"While walk-ins may be accepted, scheduling an appointment ensures availability. We can assist with booking."
Can I donate blood without scheduling an appointment?,It is recommended to schedule an appointment in advance to ensure availability.
Do I need to provide an ID to book a blood donation appointment?,An ID may be required at the time of donation.
How do I find available blood donation appointment slots?,"Simply reach out to the Philippine Red Cross - San Pablo City Chapter by calling 09175456581 or 09178824204, or send an email to sanpablo@redcross.org.ph."
How much time in advance should I schedule my blood donation?,"It is best to book at least a few days in advance. Let us know when you'd like to donate, and we can set an appointment."
Can I schedule my donation appointment on holidays?,Availability on holidays varies.
How quickly can I book my blood donation appointment?,You can book as soon as a slot is available. You will be notfied by Philippine Red Cross - San Pablo City Chapter once you make an appointment.
How do I verify that my blood donation appointment is confirmed?,"If you scheduled your appointment through this website, please wait for a Red Cross representative to contact you. If you did not, you can confirm your appointment by calling 09175456581 or 09178824204 or emailing sanpablo@redcross.org.ph."
How can I check if my blood donation appointment has been confirmed?,"If you booked through this site, a Red Cross representative will reach out to confirm. Otherwise, you may call 09175456581 or 09178824204, or email sanpablo@redcross.org.ph for confirmation."
How do I get confirmation of my blood donation appointment?,"If your appointment was made here, kindly wait for a Red Cross representative to contact you. If not, you may verify it by calling 09175456581 or 09178824204 or by emailing sanpablo@redcross.org.ph."
How can I check the status of my blood donation appointment?,"If you set your appointment through this site, the Red Cross will contact you for confirmation. Otherwise, you can check by reaching out to 09175456581 or 09178824204, or emailing sanpablo@redcross.org.ph."
Can I set up an appointment for blood donation by phone?,"Yes, you can set up an appointment by calling 09175456581 or 09178824204."
Is it possible to reserve a donation slot via email?,"Yes, you can reserve a donation slot by emailing sanpablo@redcross.org.ph."
Can I call to schedule my blood donation appointment?,"Yes, you can call 09175456581 or 09178824204 to schedule your appointment."
Is it possible to schedule my donation online?,"Yes, you can book an appointment online through this website."
Where can I set up an appointment for donating blood?,"You can set up an appointment online, via phone (09175456581 or 09178824204), or by emailing sanpablo@redcross.org.ph."
Can I make an online appointment to give blood?,"Yes, you can book your blood donation appointment through this website."
How do I arrange a donation appointment at the Red Cross?,"You can schedule your appointment online, call 09175456581 or 09178824204, or email sanpablo@redcross.org.ph."
Can I book my blood donation online?,"Yes, online booking is available on this website."
Is there an option to schedule my blood donation appointment on the Red Cross website?,"Yes, you can book your appointment online through this website."
Where can I find a link to schedule my blood donation?,You can schedule your appointment through this website.
Can I book an appointment using the Red Cross mobile app?,"At this time, please schedule your appointment via this website, phone, or email."
How do I book my blood donation online?,You can book your appointment through this website.
How can I go about scheduling my blood donation appointment online?,You can schedule your donation by booking through this website.
How do I schedule an appointment to donate blood?,"You can book your appointment via this website, phone (09175456581 or 09178824204), or email (sanpablo@redcross.org.ph)."
What steps are involved in booking a blood donation appointment?,"Provide your personal details, and wait for confirmation from the Red Cross representative."
How do I secure a spot to give blood?,"You can book your appointment through this website, call 09175456581 or 09178824204, or email sanpablo@redcross.org.ph."
How do I arrange a time for my blood donation?,"You can call 09175456581 or 09178824204, or email sanpablo@redcross.org.ph."
What’s the best way to book my donation appointment?,The best way is to book online through this website or contact the Philippine Red Cross - San Pablo City Chapter at 09175456581 or 09178824204.
What link should I use to book a blood donation?,You can book directly through this website. Would you like to set an appointment now?
What are the steps to reserve a blood donation spot?,"Check eligibility, provide your information, and wait for confirmation."
How do I make an appointment for donating blood?,"You can book an appointment through this website, phone (09175456581 or 09178824204), or email (sanpablo@redcross.org.ph). Would you like to book an appointment now?"
How can I select a convenient time for my blood donation?,Just contact Philippine Red Cross - San Pablo City Chapter at 09175456581 or 09178824204 or email them at sanpablo@redcross.org.ph
How can I book an appointment for blood donation?,You can schedule your blood donation via this website. Would you like to schedule an appointment now?
How do I schedule a donation?,"You can book through this website, call 09175456581 or 09178824204, or email sanpablo@redcross.org.ph. Would you like to arrange an appointment now?"
Can I book an appointment online?,"Yes, you can book an appointment through this website. Would you like to book an appointment now?"
What’s the process for scheduling a blood donation?,"Check your eligibility, provide your details, and wait for confirmation."
Can I donate blood without an appointment?,"Walk-ins may be accepted, but booking an appointment is recommended."
Where can I make an appointment for a blood donation?,"You can make an appointment through this website, phone (09175456581 or 09178824204), or email (sanpablo@redcross.org.ph). Would you like to make an appointment now?"
Do I need to book ahead for a blood donation?,It is recommended to book in advance to ensure availability.
How do I reserve a spot to donate blood?,"You can reserve a spot by booking online, calling 09175456581 or 09178824204, or emailing sanpablo@redcross.org.ph."
Can I make an online appointment to donate blood?,"Yes, you can book your donation online through this website. Would you like to book an appointment now?"
Where can I register for blood donation?,"You can set an appointment via this website or contact Philippine Red Cross - San Pablo City Chapter at phone (09175456581 or 09178824204), or email (sanpablo@redcross.org.ph)."
How do I schedule a donation at the Red Cross?,"You can book online, call 09175456581 or 09178824204, or email sanpablo@redcross.org.ph. Would you like to schedule an appointment now?"
Can I schedule my blood donation online?,"Yes, you can book your donation through this website. Would you like to make an appointment now?"
What’s the best way to book an appointment for blood donation?,Booking online through this website is the easiest way. Would you like to set an appointment now?
How do I confirm my blood donation appointment?,"If booked here, wait for a Red Cross representative. Otherwise, call 09175456581 or 09178824204, or email sanpablo@redcross.org.ph."
Can I book a blood donation appointment by phone?,"Yes, call 09175456581 or 09178824204 to book."
How do I set up a blood donation time?,You can call 09175456581 or 09178824204
Is there a way to make an appointment for blood donation?,"Yes, you can make an appointment via this website. Would you like to schedule an appointment now?"
What’s the link to book a blood donation?,You can book through this website. Would you like to book an appointment now?
How do I book a donation slot?,"You can call 09175456581 or 09178824204, or email sanpablo@redcross.org.ph. Would you like to schedule an appointment now?"
Where can I find an appointment booking link for blood donation?,We'll provide you the link once we know you are eligible to donate.
Do I need to make an appointment to donate blood?,"No, an appointment is not always required, but it is recommended to ensure availability. Would you like us to set an appointment for you?"
What’s the easiest way to book my blood donation?,The easiest way to book your donation is through our website. Would you like us to schedule an appointment for you?
Can I book my donation appointment on the Red Cross website?,"Yes, you can book an appointment through our website. Would you like assistance in setting it up?"
How can I check available donation appointment slots?,Would you like us to book an appointment for you?
What is the booking procedure for a blood donation?,You need to provide basic details. We can assist you in setting an appointment.
Can I book an appointment at a local blood bank?,"Yes. If you are near San Pablo City, you can visit #1 Rizal Avenue, Brgy. VII-C, San Pablo City. We can help you set an appointment there."
Where do I go to schedule a donation?,We can assist you in making an appointment with Philippine Red Cross - San Pablo Chapter.
How do I make a donation appointment at a nearby center?,"If you are near San Pablo City, you can donate at #1 Rizal Avenue, Brgy. VII-C, San Pablo City. Would you like us to set an appointment for you?"
Can I book a donation appointment on your website?,"Yes, you can book through our website. Would you like us to assist you in scheduling it?"
Where can I book a blood donation session?,"You can book through our website, or we can assist in scheduling your appointment."
What do I need to do to book a blood donation?,You need to provide your personal details. Would you like us to assist you in booking an appointment?
Can I choose my blood donation time?,"you can call 09175456581 or 09178824204, or email sanpablo@redcross.org.ph to know the available time for blood donation. We can assist in setting an appointment for you."
How far in advance do I need to schedule a blood donation?,It’s best to schedule at least a few days in advance. Would you like us to check availability for you?
Is there an app to book blood donations?,"Currently, booking is done through our website. Would you like us to help you schedule your appointment?"
Can I book an appointment on the Red Cross app?,"The Red Cross app may have booking options, but we can also assist in scheduling your appointment."
Is it possible to donate without an appointment?,"Walk-ins may be accepted, but we recommend scheduling an appointment. Would you like us to arrange one for you?"
How do I make an online booking for blood donation?,You can book through our website. Would you like us to assist you in scheduling your donation?
Can I reserve a blood donation slot by email?,"You may contact sanpablo@redcross.org.ph for reservations, or we can assist in booking an appointment for you."
What’s the link to schedule my donation?,"You can book through our website, or we can assist in scheduling your donation."
How soon can I schedule my blood donation?,You can schedule as early as possible based on availability. Would you like to set an appointment?
Where do I go to book a blood donation appointment?,"You can book online or at the Red Cross blood center. If you’re near San Pablo City, you can visit #1 Rizal Avenue, Brgy. VII-C. Would you like us to arrange an appointment?"
Do I need an ID to book a blood donation appointment?,An ID may be required during registration at the donation site. Would you like us to help you set an appointment?
Can I get an appointment confirmation for my blood donation?,"If you booked through this website, please wait for a Red Cross representative to contact you. Otherwise, you can contact 09175456581, 09178824204, or email sanpablo@redcross.org.ph for confirmation."
Is there a deadline to book a blood donation appointment?,"There is no strict deadline, but it is best to book in advance. Would you like us to schedule an appointment for you?"
How do I know if my blood donation appointment is confirmed?,"If you booked through this website, a Red Cross representative will contact you. Otherwise, you can call 09175456581, 09178824204, or email sanpablo@redcross.org.ph."
Where can I make an appointment for a blood drive?,"You can book online or at the San Pablo City Blood Center at #1 Rizal Avenue, Brgy. VII-C. We can help you set an appointment."
How do I choose a date for my blood donation?,"If you live near San Pablo City you can call 09175456581, 09178824204, or email sanpablo@redcross.org.ph to check their available time for blood donation. Would you like to arrange an appointment now?"
Can I schedule a blood donation appointment during holidays?,Availability may vary. Would you like us to set an appointment for you?
How do I make a reservation for a blood donation?,You can book online or visit the San Pablo City Blood Center. Would you like us to assist with your appointment?
How do I pick a convenient time for my donation?,"You can select a convenient time, but it's best to check with your nearest Red Cross chapter. If you're near San Pablo, you can call San Pablo, you can call Philippine Red Cross - San Pablo Chapter at 09175456581 or 09178824204, or email sanpablo@redcross.org.ph."
Can I make an appointment over the phone to donate?,"You can contact 09175456581 or 09178824204 to book, or we can assist you with an appointment."
How do I check my blood donation appointment?,"If you booked through this website, a Red Cross representative will contact you. Otherwise, you can check by calling 09175456581, 09178824204, or emailing sanpablo@redcross.org.ph."
Will I be charged if I modify my blood donation date?,"No, rescheduling is free. Just call 09175456581, 09178824204, or emailing sanpablo@redcross.org.ph ahead of time if you want to reschedule."
Is there a penalty for rescheduling my blood donation?,"No, you can reschedule without penalty. Just call 09175456581, 09178824204, or emailing sanpablo@redcross.org.ph ahead of time if you want to reschedule."
How many times can I change my blood donation appointment?,"There’s no strict limit, but it’s best to confirm your schedule in advance. If you need to reschedule, simply call 09175456581 or 09178824204, or email sanpablo@redcross.org.ph ahead of time."
What is the latest I can request a schedule change?,"Changes should be made as soon as possible. To reschedule, call 09175456581 or 09178824204, or email sanpablo@redcross.org.ph in advance."
How far in advance should I modify my appointment to avoid issues?,"Currently, we can only assist with appointments at the San Pablo City Blood Center."
Can I switch my donation appointment to another clinic?,We can only assist with scheduling at the San Pablo City Blood Center.
Is it possible to change the location of my blood donation?,"We can only schedule appointments at #1 Rizal Avenue, Brgy. VII-C, San Pablo City."
How do I transfer my blood donation to a different donation site?,We can only assist with appointments at the San Pablo City Blood Center.
Can I request to donate at another center instead?,"We can only provide assistance with appointments at #1 Rizal Avenue, Brgy. VII-C, San Pablo City."
"If I move to a different city, how can I update my donation site?","We can only provide assistance with appointments at #1 Rizal Avenue, Brgy. VII-C, San Pablo City."
What if I need to cancel my blood donation and set a new date?,"You can reschedule at any time but should be made as soon as possible. To reschedule, call 09175456581 or 09178824204, or email sanpablo@redcross.org.ph in advance."
Can I cancel and rebook my donation at a later time?,"Yes, you can reschedule but should be made as soon as possible. To reschedule, call 09175456581 or 09178824204, or email sanpablo@redcross.org.ph in advance."
"If I already confirmed my appointment, can I still change it?","Yes, you can change schedule but should be made as soon as possible. To reschedule, call 09175456581 or 09178824204, or email sanpablo@redcross.org.ph in advance."
How do I update my confirmed donation booking?,"You can contact 09175456581, 09178824204, or email sanpablo@redcross.org.ph for updates."
Can I change my donation schedule after receiving confirmation?,"Yes, you can reschedule your blood donation, but please do so as soon as possible. To reschedule, call 09175456581 or 09178824204, or email sanpablo@redcross.org.ph in advance."
How can I finalize my new blood donation date after rescheduling?,"Once you request a reschedule via call or email, a Red Cross representative will confirm your new appointment details. Please wait for their confirmation."
Will I receive a confirmation if I modify my appointment?,You may confirm your rescheduled appointment by calling 09175456581 or 09178824204 or emailing sanpablo@redcross.org.ph.
Can I cancel my donation and pick a new time next week?,"Yes, you can pick a new time for donation but should be made as soon as possible. To reschedule, call 09175456581 or 09178824204, or email sanpablo@redcross.org.ph in advance."
What should I do if I can’t make it to my donation?,"If you can't attend your scheduled donation, please inform the Red Cross as soon as possible by calling 09175456581 or 09178824204, or emailing sanpablo@redcross.org.ph to reschedule."
Can I still modify my appointment if it’s later today?,"Yes, but you should call as soon as possible at 09175456581 or 09178824204 to check if rescheduling for today is still possible."
What happens if I miss my blood donation session?,"If you miss your appointment, you can rebook another date. Contact 09175456581 or 09178824204, or email sanpablo@redcross.org.ph to schedule a new donation."
Can I rebook my donation if I missed my appointment?,"Yes, you can reschedule your donation. Please call 09175456581 or 09178824204 or email sanpablo@redcross.org.ph to set a new date."
Is there a way to change my donation date at the last moment?,You may request a last-minute reschedule by calling 09175456581 or 09178824204 as soon as possible.
How soon before my donation time can I reschedule?,"It's best to reschedule at least a day in advance, but if necessary, call 09175456581 or 09178824204 for same-day changes."
"If I’m running late, can I change my appointment time?","If you’re running late, call 09175456581 or 09178824204 immediately to check if they can adjust your appointment time."
Is there a cutoff time for rescheduling on the same day?,Same-day rescheduling depends on availability. Call 09175456581 or 09178824204 as early as possible to check.
Can I cancel my blood donation and reschedule it for another day?,"Yes, you can cancel and reschedule. Contact 09175456581 or 09178824204, or email sanpablo@redcross.org.ph to arrange a new date."
Can I update my blood donation time through the website?,Rescheduling is done through phone or email. Please call 09175456581 or 09178824204 or email sanpablo@redcross.org.ph.
Is there an online system to modify my donation appointment?,"Currently, appointment changes are handled via phone or email. Call 09175456581 or 09178824204 for assistance."
Can I use an app to reschedule my blood donation?,"No, rescheduling must be done by calling 09175456581 or 09178824204, or emailing sanpablo@redcross.org.ph."
How do I change my blood donation time on the Red Cross website?,"You cannot change your time through the website. To modify your appointment, call 09175456581 or 09178824204."
Is it possible to request a new donation date using a mobile app?,"No, please call 09175456581 or 09178824204 to request a new donation date."
Can I reschedule my blood donation via text message?,"No, you need to call 09175456581 or 09178824204 or email sanpablo@redcross.org.ph to reschedule."
Is there a self-service option to shift my donation appointment?,"No, you must contact the Red Cross directly at 09175456581 or 09178824204."
How do I make changes to my blood donation schedule over the phone?,"Call 09175456581 or 09178824204, and the Red Cross staff will assist you."
Can I contact the donation center to change my appointment?,"Yes, call 09175456581 or 09178824204 to reschedule."
What is the proper way to reschedule my blood donation?,The proper way is to call or email in advance: 09175456581 / 09178824204 / sanpablo@redcross.org.ph
How do I update my blood donation date?,Call 09175456581 or 09178824204 or email sanpablo@redcross.org.ph.
Where can I go to change my scheduled donation?,Contact the Red Cross at 09175456581 or 09178824204.
What’s the process for selecting a new blood donation time?,Contact the Red Cross via call or email to discuss available slots.
How do I formally request a new appointment date?,"Call 09175456581 or 09178824204, or email sanpablo@redcross.org.ph."
What’s the easiest way to shift my blood donation time?,The easiest way is to call the Red Cross at 09175456581 or 09178824204.
Can I pick a new time slot for my blood donation online?,"No, you need to contact the Red Cross directly."
How do I find an available time for a rescheduled donation?,Call 09175456581 or 09178824204 to check available slots.
Can I move my blood donation to another day?,"Yes, but please request the change as soon as possible via phone or email."
Is it okay to postpone my blood donation?,"Yes, but inform the Red Cross as early as possible."
How do I push my donation to a later time?,Call 09175456581 or 09178824204.
Can I reschedule my donation for next week?,"Yes, just call or email to update your appointment."
Is it possible to change my donation time to earlier in the day?,Availability depends on the center. Call 09175456581 or 09178824204 to check.
Can I adjust my appointment to a different time slot?,"Yes, contact the Red Cross to check available times."
How can I select a new date for my donation?,Call 09175456581 or 09178824204.
Am I allowed to reschedule my donation to next month?,"Yes, just contact the Red Cross to arrange it."
Can I modify my blood donation date to suit my schedule?,"Yes, you can reschedule your blood donation, but please do so as soon as possible. To modify your appointment, call 09175456581 or 09178824204, or email sanpablo@redcross.org.ph in advance."
Is there any way to delay my blood donation session?,"Yes, you may reschedule your donation session. Please contact 09175456581 or 09178824204, or email sanpablo@redcross.org.ph as soon as possible."
Do I need to pay a fee if I reschedule my appointment?,"No, rescheduling is free."
How far in advance should I request a change in my blood donation schedule?,"It is best to request a schedule change as early as possible to ensure availability. Contact 09175456581 or 09178824204, or email sanpablo@redcross.org.ph in advance."
Can I switch my blood donation to a different location?,"No, appointments are only available at #1 Rizal Avenue, Brgy. VII-C, San Pablo City."
Where do I request a venue change for my donation?,"If you live near San Pablo City, you can donate at #1 Rizal Avenue, Brgy. VII-C, San Pablo City. This is the only center we can assist with. Let us know if you'd like us to set an appointment for you."
Is it possible to adjust my blood donation slot to a new date?,"Yes, you can reschedule. Please call 09175456581 or 09178824204, or email sanpablo@redcross.org.ph as soon as possible to request a new date."
Can I push my blood donation to a later session?,"Yes, but please request the change as soon as possible. Contact 09175456581 or 09178824204, or email sanpablo@redcross.org.ph for assistance."
How do I delay my scheduled blood donation?,"To postpone your blood donation, call 09175456581 or 09178824204, or email sanpablo@redcross.org.ph at your earliest convenience."
Can I cancel my donation and pick a new time later?,"Yes, but we encourage you to reschedule instead of canceling. If you need to reschedule, contact 09175456581 or 09178824204, or email sanpablo@redcross.org.ph."
Am I allowed to cancel my appointment and reschedule?,"Yes, you may cancel and reschedule. Please reach out as soon as possible by calling 09175456581 or 09178824204, or emailing sanpablo@redcross.org.ph."
How do I update my booking if I’ve already confirmed it?,"If you have already confirmed your appointment, but need to change it, contact 09175456581 or 09178824204, or email sanpablo@redcross.org.ph as soon as possible."
Can I still modify my donation time after confirming?,"Yes, but please make changes as soon as possible. Contact 09175456581 or 09178824204, or email sanpablo@redcross.org.ph."
What steps do I take to finalize a rescheduled donation?,"To finalize a rescheduled donation, call 09175456581 or 09178824204, or email sanpablo@redcross.org.ph and confirm the new date."
Is there a way to reconfirm a changed appointment?,"If you set your appointment through this website, please wait for a Red Cross representative to contact you. Otherwise, you may call 09175456581 or 09178824204, or email sanpablo@redcross.org.ph."
What should I do if I can’t attend my blood donation?,"If you cannot attend, please inform us as soon as possible. You can call 09175456581 or 09178824204, or email sanpablo@redcross.org.ph to reschedule."
What happens if I forget to show up for my donation?,"If you missed your appointment, you may reschedule by calling 09175456581 or 09178824204, or emailing sanpablo@redcross.org.ph."
Can I still reschedule if my appointment is today?,"Yes, but please call 09175456581 or 09178824204 as soon as possible to check for availability."
What’s the process if I need to change my appointment at the last minute?,"Last-minute changes should be made as soon as possible. Contact 09175456581 or 09178824204, or email sanpablo@redcross.org.ph."
Is it too late to shift my donation if it’s happening soon?,"If your appointment is today, please call 09175456581 or 09178824204 immediately to see if rescheduling is possible."
How much advance notice do I need to reschedule?,It’s best to notify us at least a few days in advance. Call 09175456581 or 09178824204 to reschedule.
How close to my appointment can I still make changes?,"You should make changes as early as possible, but if it's urgent, call 09175456581 or 09178824204 right away."
Can I change my blood donation appointment online?,"No, you need to call 09175456581 or 09178824204, or email sanpablo@redcross.org.ph to reschedule."
Is it possible to reschedule my donation using the website?,"No, please contact 09175456581 or 09178824204 to make changes."
How do I modify my donation time through the online portal?,"Currently, online modifications are not available. Please call 09175456581 or 09178824204 for assistance."
Can I shift my donation slot to a different time online?,"No, appointment changes must be requested by phone at 09175456581 or 09178824204."
Is there an option to update my appointment via the mobile app?,"No, rescheduling must be done by calling 09175456581 or 09178824204."
Can I reschedule my blood donation through an application?,"No, rescheduling must be done by phone or email."
How can I change my appointment using the Red Cross app?,The Red Cross app does not support rescheduling. Please contact 09175456581 or 09178824204.
Can I reschedule my blood donation over the phone?,"Yes, call 09175456581 or 09178824204 to reschedule."
How do I go about rescheduling my blood donation?,"Call 09175456581 or 09178824204, or email sanpablo@redcross.org.ph to reschedule."
What is the correct procedure to change my donation date?,Contact 09175456581 or 09178824204 as soon as possible.
Where can I request a new donation appointment?,"You can request a new appointment through our website. If you need assistance, we can help you set an appointment."
What’s the best way to modify my blood donation booking?,"To modify your appointment, call 09175456581 or 09178824204, or email sanpablo@redcross.org.ph as soon as possible."
How do I properly adjust my donation time?,"You can reschedule your donation by contacting 09175456581 or 09178824204, or by emailing sanpablo@redcross.org.ph in advance."
What process should I follow to reschedule my donation?,"Call 09175456581 or 09178824204, or email sanpablo@redcross.org.ph to reschedule your donation appointment."
How can I check for available new donation slots?,"You can check for new slots by calling 09175456581 or 09178824204, or by emailing sanpablo@redcross.org.ph."
Can I move my blood donation to another date?,"Yes, you can reschedule. Please contact 09175456581 or 09178824204, or email sanpablo@redcross.org.ph as soon as possible."
Is it possible to postpone my blood donation?,"Yes, but make sure to reschedule as soon as possible by calling 09175456581 or 09178824204, or by emailing sanpablo@redcross.org.ph."
How do I reschedule my donation for a later time?,"You can reschedule by calling 09175456581 or 09178824204, or by emailing sanpablo@redcross.org.ph in advance."
Can I select a different time for my blood donation?,"Yes, to select a new time, contact 09175456581 or 09178824204, or email sanpablo@redcross.org.ph."
Am I allowed to modify my donation schedule?,"Yes, you can modify your schedule by calling 09175456581 or 09178824204, or emailing sanpablo@redcross.org.ph."
Can I book my blood donation for another day?,"Contact 09175456581 or 09178824204, or email sanpablo@redcross.org.ph as soon as possible to help you set a new appointment."
What steps do I need to take to change my donation date?,"Contact 09175456581 or 09178824204, or email sanpablo@redcross.org.ph as soon as possible to change your donation date."
How can I update the time of my scheduled donation?,"To update your donation time, call 09175456581 or 09178824204, or email sanpablo@redcross.org.ph."
Can I push my appointment to a different day?,"Yes, just make sure to reschedule as soon as possible by calling 09175456581 or 09178824204, or emailing sanpablo@redcross.org.ph."
Is there a way to rearrange my blood donation time?,"Yes, you can rearrange your time by contacting 09175456581 or 09178824204, or by emailing sanpablo@redcross.org.ph."
Can I change the date of my donation?,"Yes, you may change your donation date by calling 09175456581 or 09178824204, or emailing sanpablo@redcross.org.ph."
Can I reschedule my donation appointment?,"Yes, to reschedule, contact 09175456581 or 09178824204, or email sanpablo@redcross.org.ph."
How can I reschedule my blood donation appointment?,"Call 09175456581 or 09178824204, or email sanpablo@redcross.org.ph to reschedule."
Can I shift my appointment for blood donation?,"Yes, you can shift your appointment by reaching out to 09175456581 or 09178824204, or emailing sanpablo@redcross.org.ph."
What should I do if I can’t make my blood donation appointment?,"If you can’t make your appointment, reschedule as soon as possible by calling 09175456581 or 09178824204, or emailing sanpablo@redcross.org.ph."
How do I modify my blood donation appointment?,"You can modify your appointment by contacting 09175456581 or 09178824204, or emailing sanpablo@redcross.org.ph."
Can I change the time for my blood donation?,"Yes, to change your time, call 09175456581 or 09178824204, or email sanpablo@redcross.org.ph."
Is it possible to reschedule my donation appointment?,"Yes, reschedule by calling 09175456581 or 09178824204, or by emailing sanpablo@redcross.org.ph."
What is the procedure for rescheduling a blood donation?,"Call 09175456581 or 09178824204, or email sanpablo@redcross.org.ph as soon as possible to reschedule."
How can I pick a new date for my blood donation?,"To pick a new date, contact 09175456581 or 09178824204, or email sanpablo@redcross.org.ph."
Can I change my scheduled blood donation date?,"Yes, contact 09175456581 or 09178824204, or email sanpablo@redcross.org.ph."
Can I delay my blood donation appointment?,"Yes, but please reschedule in advance by calling 09175456581 or 09178824204, or emailing sanpablo@redcross.org.ph."
What happens if I miss my scheduled blood donation?,"If you missed your appointment, you can reschedule by calling 09175456581 or 09178824204, or emailing sanpablo@redcross.org.ph."
Can I cancel my blood donation appointment and reschedule?,"Yes, you can cancel and reschedule by calling 09175456581 or 09178824204, or emailing sanpablo@redcross.org.ph."
How do I reschedule my appointment if I’m unavailable?,"Contact 09175456581 or 09178824204, or email sanpablo@redcross.org.ph to reschedule."
Is there a way to change my blood donation time?,"Yes, call 09175456581 or 09178824204, or email sanpablo@redcross.org.ph."
Can I reschedule my blood donation through your website?,"It's best to confirm by calling 09175456581 or 09178824204, or emailing sanpablo@redcross.org.ph."
Can I change the location of my donation appointment?,"We can only assist with appointments at #1 Rizal Avenue, Brgy. VII-C, San Pablo City."
How do I request a new appointment for blood donation?,"Call 09175456581 or 09178824204, or email sanpablo@redcross.org.ph to request a new appointment"
What if I need to reschedule my blood donation last minute?,"If you need to reschedule at the last minute, call 09175456581 or 09178824204, or email sanpablo@redcross.org.ph as soon as possible."
Can I reschedule my blood donation appointment on the app?,"You cannot reschedule through an app, but you can do so by calling 09175456581 or 09178824204, or emailing sanpablo@redcross.org.ph."
How do I pick a new time for my blood donation?,"Contact 09175456581 or 09178824204, or email sanpablo@redcross.org.ph to choose a new time."
Can I change my donation time for tomorrow?,"Yes, but you should reschedule as soon as possible by calling 09175456581 or 09178824204, or emailing sanpablo@redcross.org.ph."
What do I do if I need to change my blood donation time?,"To change your donation time, contact 09175456581 or 09178824204, or email sanpablo@redcross.org.ph."
Can I change the date for my scheduled blood donation?,"Yes, you can reschedule by calling 09175456581 or 09178824204, or emailing sanpablo@redcross.org.ph."
What’s the process for rescheduling a blood donation session?,"To reschedule, call 09175456581 or 09178824204, or email sanpablo@redcross.org.ph in advance."
Can I reschedule my appointment by calling?,"Yes, you can reschedule by calling 09175456581 or 09178824204."
Is it too late to reschedule my blood donation?,"It’s best to reschedule as soon as possible. Call 09175456581 or 09178824204, or email sanpablo@redcross.org.ph."
How much notice do I need to give to reschedule my blood donation?,"Try to reschedule as early as possible. Call 09175456581 or 09178824204, or email sanpablo@redcross.org.ph in advance."
Can I reschedule my blood donation online?,"You cannot reschedule online, but you can do so by calling 09175456581 or 09178824204, or emailing sanpablo@redcross.org.ph."
How do I find a new appointment slot for donation?,"Contact 09175456581 or 09178824204, or email sanpablo@redcross.org.ph to choose a new slot."
Can I modify my blood donation appointment details?,"Yes, to modify your details, contact 09175456581 or 09178824204, or email sanpablo@redcross.org.ph."
How can I reschedule my appointment if I am busy?,"If you're busy, call 09175456581 or 09178824204, or email sanpablo@redcross.org.ph as soon as you can to reschedule."
Can I change my scheduled donation to another day?,"Yes, just contact 09175456581 or 09178824204, or email sanpablo@redcross.org.ph to pick a new date."
Can I change the blood donation time on the website?,"You may not be able to change it directly on the website, but you can reschedule by calling 09175456581 or 09178824204, or emailing sanpablo@redcross.org.ph."
How do I change my scheduled blood donation?,"You can reschedule your blood donation. Please do so as soon as possible by calling 09175456581 or 09178824204, or emailing sanpablo@redcross.org.ph in advance."
How do I confirm the rescheduled blood donation?,"If you rescheduled through this website, please wait for a Red Cross representative to contact you. If you rescheduled elsewhere, you can confirm your appointment by calling 09175456581 or 09178824204, or emailing sanpablo@redcross.org.ph."
Can I reschedule if I’ve already confirmed the appointment?,"Yes, you can still reschedule. Make sure to do it as soon as possible by contacting 09175456581 or 09178824204, or emailing sanpablo@redcross.org.ph."
Can I reschedule my blood donation at the last minute?,"Yes, but it’s best to reschedule in advance. Please call 09175456581 or 09178824204, or email sanpablo@redcross.org.ph as soon as possible."
How do I get a new time for my blood donation?,"To set a new time, contact 09175456581 or 09178824204, or email sanpablo@redcross.org.ph for assistance."
Can I adjust the date and time of my blood donation?,"Yes, you can request a new date and time by calling 09175456581 or 09178824204, or emailing sanpablo@redcross.org.ph."
Is there a fee to reschedule my blood donation?,"No, there is no fee to reschedule your blood donation."
How long before the appointment can I reschedule?,"It’s best to reschedule as soon as possible. Contact 09175456581 or 09178824204, or email sanpablo@redcross.org.ph for assistance."
Can I change the time on the donation app?,"If you scheduled through this website, please call 09175456581 or 09178824204, or email sanpablo@redcross.org.ph to request a time change."
What should I do to reschedule my donation session?,"Simply call 09175456581 or 09178824204, or email sanpablo@redcross.org.ph to request a new date."
How can I postpone my blood donation appointment?,"Contact 09175456581 or 09178824204, or email sanpablo@redcross.org.ph as soon as possible to postpone your appointment."
Is it possible to change my blood donation slot?,"Yes, you can change your slot by calling 09175456581 or 09178824204, or emailing sanpablo@redcross.org.ph."
Can I request a new date for my blood donation?,"Yes, just contact 09175456581 or 09178824204, or email sanpablo@redcross.org.ph."
How do I make changes to my blood donation booking?,"You can modify your booking by calling 09175456581 or 09178824204, or emailing sanpablo@redcross.org.ph."
How much time ahead do I need to reschedule my donation?,"As soon as possible. Call 09175456581 or 09178824204, or email sanpablo@redcross.org.ph for assistance."
How can I adjust my donation schedule?,"Reach out to 09175456581 or 09178824204, or email sanpablo@redcross.org.ph to request changes."
Should I rest immediately after giving blood?,"Yes, rest for at least 5 to 10 minutes after donating and drink plenty of fluids."
How much downtime is necessary after blood donation?,You should avoid heavy lifting and strenuous activities for at least 24 hours after donating.
Can I resume my daily activities right after donating blood?,"Yes, but avoid heavy lifting, intense exercise, and operating heavy machinery for at least 24 hours."
What’s the best way to speed up my recovery after blood donation?,"Stay hydrated, eat iron-rich foods, and get enough rest."
What precautions should I take after giving blood?,"Avoid heavy lifting, stay hydrated, and apply pressure if there’s any bleeding at the puncture site."
Can I take painkillers if I feel unwell after donating?,"If you experience discomfort, paracetamol is generally safe, but avoid aspirin or ibuprofen if you’re unsure."
Should I be concerned if I still feel weak the next day?,"Mild fatigue is normal. Drink fluids, eat nutritious meals, and rest. If symptoms persist, seek medical advice."
What’s the quickest way to restore my strength after giving blood?,"Hydrate, eat a balanced meal, and get some rest."
"If I had a reaction before, can I donate blood again safely?",It depends on the type of reaction. Consult a doctor or discuss it with the staff before donating again.
What should I do if I continue feeling unwell days after donating?,Contact a healthcare provider if symptoms persist.
Are there any lasting effects of regular blood donation?,"No, regular blood donation is safe and can even help maintain healthy blood levels."
Can frequent blood donation cause long-term health issues?,"No, as long as you wait at least three months between donations and maintain a healthy diet."
Is there any harm in donating blood too often?,Donating too frequently can lower iron levels. That’s why there’s a required three-month gap between donations.
Can donating blood frequently affect my iron levels over time?,"Yes, but a diet rich in iron (like red meat, beans, and leafy greens) can help maintain normal levels."
Does blood donation have any impact on mental health?,"Blood donation can have positive mental health benefits, as it promotes a sense of purpose and helps others in need. However, some donors may experience temporary emotional effects due to changes in blood volume or anxiety about the process."
Why do I feel emotional after giving blood?,"Feeling emotional after donating blood can be due to physical factors like a slight drop in blood pressure or psychological effects such as the satisfaction of helping others. If the feeling persists, rest and stay hydrated."
Can blood donation cause changes in my mood?,"Yes, temporary mood changes can occur due to slight dehydration, reduced blood volume, or even relief and happiness from donating. Staying hydrated and eating a balanced meal before and after donation can help stabilize your mood."
How does donating blood impact my overall well-being?,"Blood donation can promote good health by stimulating the production of new blood cells. It also provides a sense of fulfillment by helping save lives. However, some donors may feel mild fatigue, which usually resolves quickly."
Will I have long-term weakness if I donate blood often?,"No, as long as you follow the recommended donation intervals (every three months for whole blood donation), your body will have enough time to replenish lost blood. Proper nutrition and hydration will also help maintain strength."
Does donating blood regularly affect my body in the long run?,"Regular blood donation is safe for healthy individuals. It may even have potential benefits like reducing iron overload. However, frequent donations without proper recovery can lead to low iron levels, so a balanced diet is essential."
Can blood donation leave a bruise at the injection site?,"Yes, bruising is common. Apply a cold compress for the first 24 hours, then a warm compress afterward."
What should I do if my arm swells after donating blood?,"Apply a cold compress to reduce swelling. If it persists, consult a doctor."
Is bruising after blood donation something to worry about?,"No, it’s a common side effect. However, if bruising is severe, apply pressure and monitor for further symptoms."
Why do some people experience swelling or soreness after giving blood?,It’s due to slight trauma at the needle site. It should resolve within a few days.
How can I reduce the risk of bruising after donating blood?,Apply firm pressure on the puncture site for a few minutes after donation.
Are blood clots a potential risk after giving blood?,"Blood donation does not usually cause blood clots. However, if you have a history of clotting disorders, consult a medical professional before donating."
Can donating blood cause pain at the needle site?,"Mild pain at the needle insertion site is normal and should subside within a few hours. If you experience prolonged pain or swelling, apply a cold compress and avoid strenuous activities with the affected arm."
What are the warning signs of a serious reaction to blood donation?,"Seek medical help if you experience severe dizziness, prolonged bleeding at the puncture site, extreme fatigue, chest pain, or difficulty breathing after donating blood."
Should I be concerned if my arm is still sore hours after donating?,"Mild soreness is normal and should go away within a day. Applying a cold compress and avoiding heavy lifting can help relieve discomfort. If the pain persists or worsens, consult a healthcare provider."
What can I do if I experience prolonged swelling post-donation?,"Apply a cold compress on the affected area for the first 24 hours and a warm compress afterward. If swelling persists for more than two days, consult a healthcare professional."
Can blood donation make me feel sick?,"Some people may experience dizziness or nausea, but this is usually temporary."
Is nausea a typical side effect of giving blood?,"Yes, mild nausea can occur. Rest, drink fluids, and eat a light snack."
What should I do if I start feeling queasy after donating?,Lie down with your feet elevated and drink water or juice.
How can I stop myself from feeling unwell after blood donation?,"Stay hydrated, eat beforehand, and avoid strenuous activities after donating."
Is dehydration a common problem after giving blood?,"Mild dehydration can occur after donation, which is why drinking plenty of fluids before and after donating is important. Avoid alcohol and caffeine as they can worsen dehydration."
Can donating blood lead to severe nausea?,"Nausea is uncommon but can happen, especially if you donate on an empty stomach or are dehydrated. Rest, drink fluids, and eat a light snack to help prevent nausea."
Does blood donation cause headaches in some people?,"Yes, headaches can occur due to temporary dehydration or a drop in blood pressure. Drinking water and avoiding caffeine before donation can help reduce this risk."
How can I reduce the chance of getting a headache after donating?,"To minimize the risk of headaches, stay hydrated, eat a healthy meal before donating, and rest afterward."
Are headaches a sign of dehydration after giving blood?,"Yes, headaches can be a symptom of mild dehydration. Drinking water before and after donating can help prevent this."
What can I drink to help prevent post-donation nausea?,"Drinking water, fruit juice, or electrolyte drinks before and after donation helps prevent nausea and dehydration. Avoid alcohol and caffeinated beverages."
Will I feel sluggish after donating blood?,"Some donors feel mild fatigue after donating, but this is temporary. Eating a balanced meal and resting can help restore your energy."
Can blood donation make me feel light-headed?,"Yes, a temporary drop in blood pressure may cause light-headedness. If this happens, sit or lie down and drink plenty of fluids."
Is tiredness a normal reaction after giving blood?,"Yes, feeling slightly tired after blood donation is common, but resting and staying hydrated will help."
Why do some people experience dizziness following blood donation?,Dizziness occurs due to a temporary drop in blood volume or blood pressure. Staying hydrated and avoiding standing up too quickly can help prevent this.
How long does dizziness last after donating blood?,"Dizziness usually subsides within a few minutes to an hour. If it persists, lie down and drink fluids."
Should I be worried if I feel unsteady after donating?,"Feeling unsteady is usually temporary. Resting and drinking fluids should help. However, if symptoms persist, consult a healthcare provider."
What can I do to avoid post-donation fatigue?,"Get enough rest before donating, eat a healthy meal, and drink plenty of fluids to help prevent fatigue."
How can I prevent feeling light-headed after giving blood?,"Avoid skipping meals, drink plenty of fluids, and rest for a few minutes after donating."
What’s the best way to regain energy after donating blood?,"Eat iron-rich foods, stay hydrated, and get plenty of rest."
Is feeling weak a common side effect of blood donation?,"Some donors may feel temporarily weak, but this usually passes quickly with rest and hydration."
What possible health effects might I experience after donating blood?,"Common effects include mild fatigue, dizziness, or slight soreness. These usually go away within a few hours."
Are there any common negative reactions after giving blood?,"The most common mild reactions include dizziness, slight nausea, and soreness at the needle site."
Could I have an adverse reaction from donating blood?,"Severe reactions are rare, but if you experience prolonged dizziness, extreme fatigue, or excessive bleeding, seek medical attention."
What are the usual effects of blood donation on the body?,"Mild fatigue, slight dizziness, and a temporary drop in iron levels are common effects."
Is it normal to experience discomfort after giving blood?,"Yes, some discomfort is expected, but it should not last long."
What are the most frequently reported symptoms post-donation?,"Mild dizziness, slight fatigue, and minor soreness at the needle site."
Can donating blood cause any unexpected side effects?,"Most side effects are mild and temporary. If you experience anything unusual, consult a doctor."
How do I know if my reaction after donating blood is normal?,"Most reactions, like mild dizziness or soreness, are normal. If you experience severe symptoms, seek medical help."
Are there any medical risks involved in donating blood?,"Blood donation is generally safe. However, individuals with certain medical conditions may be ineligible."
Can blood donation lead to any complications?,Complications are rare but can include prolonged dizziness or excessive bruising.
Should I take a break after donating blood?,"Yes, you should rest for at least 10 minutes after donating."
How much rest is recommended after a blood donation?,At least 10 minutes at the donation site and light activity for the rest of the day.
Can I go about my normal routine after giving blood?,"Yes, but avoid strenuous activities for the rest of the day."
What precautions should I take to avoid side effects when donating?,"Stay hydrated, eat a meal beforehand, and rest after donating."
Is it safe to take pain relief medication after donating blood?,"It’s generally safe, but avoid aspirin if donating platelets."
How can I tell if my body is reacting well after donating blood?,"If you feel normal, hydrated, and energetic, your body is reacting well. Mild dizziness or fatigue is common but should pass quickly. If you experience any prolonged discomfort, rest and hydrate."
What steps can I take to ensure a smooth recovery post-donation?,"Drink plenty of fluids, eat a light meal, and avoid strenuous activities for the rest of the day. Rest if you feel weak, and avoid lifting heavy objects with the arm used for donation."
"If I had a reaction before, is it safe to donate blood again?",Consult with a healthcare provider before donating again.
Are there any lasting effects from regular blood donation?,"No, regular blood donation does not have long-term negative effects if done according to guidelines. Your body replenishes blood within weeks, and donating every three months is safe for healthy individuals."
Can frequent blood donation be harmful in the long run?,"As long as you follow the recommended donation intervals, it is safe."
Does donating blood too often have negative consequences?,"Yes, donating too frequently without enough recovery time may lead to low iron levels or fatigue. The recommended donation frequency is every three months for whole blood donation."
Is it normal to feel emotionally affected after giving blood?,"Some people may feel a sense of accomplishment or relief after donating. Emotional reactions vary, but feeling light-headed or slightly drained is normal due to temporary fluid loss."
Can blood donation impact my mental well-being?,"Blood donation is generally a positive experience and can boost mental well-being by knowing you've helped others. However, some may feel anxious or tired temporarily."
Will donating blood interfere with my sleep patterns?,"Blood donation does not typically affect sleep, but if you feel fatigued, rest is recommended. Staying hydrated and eating well can help you feel normal."
Is it normal to have swelling after donating blood?,"Mild swelling at the puncture site is normal and should go away within a few hours. If it persists or worsens, apply a cold compress and avoid heavy lifting."
Why do some people bruise after blood donation?,Bruising can occur if a small amount of blood leaks under the skin. It’s harmless and usually fades within a few days. Applying ice can help reduce swelling.
Can blood donation cause a visible bruise?,"Yes, minor bruising at the needle site is common and should fade within a few days. Avoid lifting heavy objects to prevent worsening the bruise."
What are the signs of fainting after giving blood?,"Signs include dizziness, light-headedness, sweating, and nausea. If you feel faint, lie down with your feet elevated and drink fluids."
How do I know if I need medical attention after donating blood?,"If you experience prolonged dizziness, extreme weakness, severe swelling, or continuous bleeding from the puncture site, seek medical attention immediately."
What should I do if I start feeling faint during the donation process?,"Inform the staff immediately. They will help you lie down, elevate your legs, and provide fluids to stabilize you."
Is there any risk of developing blood clots after donating?,"Blood donation does not typically cause blood clots. However, if you have a history of clotting disorders, consult a doctor before donating."
Can I still donate blood if I often experience dizziness?,Frequent dizziness may indicate low blood pressure or other health issues. It’s best to consult a doctor before donating blood.
Can blood donation cause nausea or an upset stomach?,Some donors may experience mild nausea due to fluid loss or anxiety. Drinking water and eating a light meal beforehand can help prevent this.
Is it common to get a headache after donating blood?,Headaches are uncommon but can occur due to dehydration. Drinking water and resting should help.
What should I do if I start feeling sick after donating blood?,"Rest, drink plenty of fluids, and avoid strenuous activity. If symptoms persist or worsen, seek medical attention."
How can I prevent feeling nauseous after blood donation?,"Stay hydrated, eat a balanced meal before donating, and avoid standing up too quickly after donation."
Could donating blood lead to dehydration?,"Yes, as blood contains fluids. Drink plenty of water before and after donation to stay hydrated."
What are some tips for a faster recovery from blood donation discomfort?,"Drink fluids, eat a light snack, rest, and avoid heavy lifting for a few hours."
What foods or drinks help avoid weakness after giving blood?,"Eat iron-rich foods like spinach, lean meat, and beans. Drink plenty of water and fruit juice."
Will I feel drained after donating blood?,"Some people may feel slightly tired, but rest and hydration should help you recover quickly."
Can donating blood cause sudden fainting?,"It is rare, but it can happen if you are dehydrated or have low blood pressure. Lying down and drinking fluids can help prevent it."
Is it normal to feel exhausted after a blood donation?,"Some fatigue is normal, but it should not last long. Resting and staying hydrated can help."
Why do some people feel dizzy after giving blood?,Dizziness may occur due to temporary fluid loss or low blood pressure. Hydration and rest help prevent this.
Should I be concerned if I feel light-headed after donating?,"No, mild light-headedness is common. Rest, hydrate, and avoid standing up too quickly."
How long does post-donation weakness usually last?,"Most people recover within a few hours. If weakness persists, drink fluids and eat nutritious foods."
What can I do to prevent feeling weak after blood donation?,"Eat well, drink plenty of fluids, and avoid excessive physical exertion after donating."
How can I reduce the chances of dizziness after donating?,"Stay hydrated, eat before donating, and avoid standing up too quickly."
What’s the best way to recover from fatigue after donating blood?,"Rest, drink plenty of fluids, and eat an iron-rich meal."
"Does everyone feel weak after giving blood, or is it just some people?",Not everyone feels weak. Most people feel fine if they are well-hydrated and have eaten properly.
What possible side effects can occur after donating blood?,"Common side effects include mild dizziness, slight bruising, and fatigue. They usually go away quickly."
Are there any potential health effects of blood donation?,"Blood donation is safe. Temporary effects may include mild weakness or dizziness, but these are short-lived."
What common reactions might I experience after giving blood?,"Fatigue, slight dizziness, and minor bruising are the most common reactions."
What symptoms should I expect after donating blood?,"You may feel normal, but some experience mild dizziness, tiredness, or slight bruising."
Can donating blood cause any immediate health issues?,Immediate issues are rare but may include dizziness or minor bruising.
Do people usually have side effects from donating blood?,Most people experience little to no side effects. Mild dizziness or bruising can occur but resolves quickly.
How can I tell if I’m having an adverse reaction after donating?,"Symptoms like severe dizziness, continuous bleeding, or extreme fatigue may require medical attention."
Is there a chance of an allergic reaction after blood donation?,Allergic reactions are very rare but can happen due to bandage adhesives or antiseptics used.
What health concerns should I be aware of after giving blood?,"Most people recover smoothly, but if you experience persistent dizziness or swelling, seek medical advice."
Could donating blood lead to unexpected physical effects?,"Minor effects like dizziness or bruising can happen, but serious reactions are rare."
What are the side effects of donating blood?,"Possible side effects include slight dizziness, mild fatigue, and minor bruising."
Are there any side effects of donating blood?,"Yes, but they are minimal and temporary, such as light-headedness or minor bruising."
Will I feel weak after donating?,"Some people do, but resting and staying hydrated helps."
Can donating blood make me feel faint?,"It’s possible, but lying down and drinking water usually prevents it."
Will I feel tired after donating blood?,"A mild tired feeling is normal, but it fades quickly with rest."
Is it common to feel dizzy after donating blood?,"Yes, but staying hydrated and resting can help prevent it."
What should I expect after donating blood?,You may feel normal or slightly tired. Drink fluids and avoid heavy activity.
Are there any risks after donating blood?,"Blood donation is safe, with minimal risks like dizziness or minor bruising."
Can I experience nausea after donating blood?,"Yes, some people may experience mild nausea after donating blood. To minimize this, make sure to rest, drink plenty of fluids, and eat a light meal before and after donation."
What are the common side effects of blood donation?,"Common side effects include dizziness, light-headedness, bruising, slight fatigue, or nausea. These effects are temporary and usually resolve within a few hours."
How long will I feel weak after donating blood?,"Most people recover within a few hours after donation. Drinking water, eating a balanced meal, and resting can help speed up recovery."
Should I rest after donating blood?,"Yes, it is recommended to rest for at least 10-15 minutes after donating blood. Avoid strenuous activities for the rest of the day."
Are there any long-term side effects of donating blood?,"No, donating blood does not cause long-term health problems for healthy donors. The body replenishes the lost blood within a few weeks."
What are the symptoms of fainting after donating blood?,"Symptoms include dizziness, light-headedness, sweating, and blurred vision. If you feel faint, lie down with your feet elevated and drink fluids."
How do I know if I’m feeling okay after donating blood?,"If you feel normal, have no dizziness, nausea, or weakness, you are okay. If you feel unwell, sit or lie down and drink fluids."
Can donating blood affect my daily routine?,"You can resume most daily activities after donating blood, but avoid heavy lifting, strenuous exercise, and standing for long periods for at least 24 hours."
Are there any immediate side effects from blood donation?,"Yes, minor side effects like dizziness, slight fatigue, or bruising can occur, but they usually resolve within a few hours."
Can blood donation cause headaches?,Some people may experience mild headaches due to temporary dehydration. Drinking plenty of fluids before and after donation can help prevent this.
Is it normal to feel light-headed after donating blood?,"Yes, it can happen to some donors. Sitting or lying down and drinking fluids can help relieve this feeling."
What should I do if I feel unwell after donating blood?,"Rest, drink plenty of water, and eat a light meal. If symptoms persist, seek medical attention."
How can I avoid feeling sick after donating blood?,"Stay hydrated, eat a balanced meal, and rest before and after donating. Avoid alcohol and heavy exercise for the rest of the day."
Can I continue my regular activities after donating blood?,"Yes, but avoid strenuous exercise, heavy lifting, or operating heavy machinery for at least 24 hours."
Can blood donation cause swelling?,Slight swelling or bruising at the puncture site is normal. Applying a cold compress can help reduce it.
What are the most common side effects after giving blood?,"Mild dizziness, light-headedness, slight fatigue, and bruising at the puncture site are the most common side effects."
Do I need to worry about side effects from blood donation?,"No, side effects are generally mild and temporary. Most people feel fine after resting and drinking fluids."
Can donating blood cause bruising?,"Yes, some donors may develop minor bruising at the puncture site. Applying a cold compress can help."
Is it normal to feel weak for days after blood donation?,"Most people recover within a day. If weakness persists, drink fluids, eat nutritious food, and rest."
Can donating blood cause dehydration?,"Yes, temporary dehydration can occur. Drink plenty of water before and after donation to prevent this."
How can I recover faster from blood donation side effects?,"Rest, drink fluids, eat iron-rich foods, and avoid strenuous activities."
Are there any side effects if I donate frequently?,Frequent donations can lead to low iron levels. Ensure you eat iron-rich foods and follow donation interval guidelines.
Is it normal to feel exhausted after donating blood?,Mild fatigue is normal but should pass within a few hours. Resting and staying hydrated will help.
Is there a risk of blood clots after donation?,"No, blood donation does not increase the risk of blood clots."
Can I donate blood if I’m prone to dizziness?,"If you frequently experience dizziness, consult a medical professional before donating."
How do I know if I’ve experienced a serious side effect?,"If you experience severe dizziness, prolonged fainting, or excessive bleeding, seek medical attention immediately."
Can donating blood make me feel emotional?,"Some donors may feel emotional due to changes in blood volume, but this is temporary."
Are there any psychological effects from donating blood?,"Most donors feel a sense of fulfillment, knowing they’ve helped others."
How do I avoid feeling weak after blood donation?,"Stay hydrated, eat well, and get enough rest before and after donating."
Can I take painkillers after donating blood?,"Yes, but avoid aspirin or other blood thinners immediately after donation."
Should I worry if I feel light-headed after donating?,"No, just rest and drink fluids. If symptoms persist, consult a doctor."
What’s the safest way to donate blood to avoid side effects?,"Follow preparation guidelines: rest well, eat, and drink plenty of water."
Can I get a bruise after donating blood?,"Yes, minor bruising can occur, but it usually fades within a few days."
How can I prevent side effects from blood donation?,"Stay hydrated, eat well, and rest before and after donation."
What are the signs that I should see a doctor after donating blood?,"Seek medical attention if you experience excessive bleeding, severe dizziness, or prolonged fainting."
Can donating blood affect my sleeping patterns?,"No, blood donation does not typically affect sleep."
How can I recover quickly after donating blood?,"Drink fluids, eat well, and get enough rest."
Should I take it easy after donating blood?,"Yes, avoid strenuous activities for at least 24 hours."
Can donating blood cause any allergic reactions?,"No, but if you have a history of allergic reactions to medical procedures, consult a doctor."
What should I eat to avoid feeling weak after donating blood?,"Eat iron-rich foods like leafy greens, red meat, and beans."
What if I feel faint during the donation?,Inform the medical staff immediately. They will assist you and ensure your safety.
Are there any long-term risks to donating blood?,"No, blood donation is safe for healthy individuals."
Can I donate blood if I’ve had a past reaction?,It depends on the severity of the reaction. Consult a doctor before donating again.
Can I donate blood if I was recently sick?,You must be fully recovered before donating.
How long should I wait after recovering from an illness before donating?,"It depends on the illness. Generally, you should wait at least 28 days after a cold or common illness."
Is it okay to donate if I just got over a fever?,"No, you should be fever-free for at least 28 days before donating."
Can I give blood if I had a cold in the past few days?,"No, you should wait 28 days after recovering from a cold."
How soon after having the flu can I donate blood?,You should wait at least 28 days after full recovery.
Is there a recommended waiting period after being sick?,"Yes, the general waiting period is 28 days after recovery."
Can I donate blood if I recently took antibiotics for an infection?,You should wait at least one month after completing antibiotics before donating.
Should I avoid donating if I was in contact with someone who is sick?,"Yes, if you were in close contact with someone who is sick, it’s best to wait until you’re sure you haven’t contracted the illness. This helps ensure the safety of both you and the recipient."
Is there a minimum recovery time required before donating blood?,"Yes, for common illnesses like colds or flu, you must wait at least 28 days after full recovery before donating. If you had a more serious infection, a longer deferral may apply."
What if I had a mild illness recently—can I still donate?,"If you had a mild illness like a cold or fever, you should wait at least 28 days after full recovery before donating blood."
How do I know if I’m well enough to donate blood after being sick?,"You should be symptom-free, fully recovered, and not on any medications for at least 28 days. If unsure, consult a healthcare professional."
Can I donate blood if I had a viral infection a few weeks ago?,"If you've fully recovered and have been symptom-free for at least 28 days, you may be eligible to donate blood."
What are the restrictions for blood donation after a recent illness?,"Common colds require a 28-day wait, while more serious infections may require a longer deferral. Some illnesses, like hepatitis or HIV, make you permanently ineligible."
Can I donate if I’ve had an infection but feel fine now?,"Even if you feel fine, you should wait at least 28 days after full recovery before donating to ensure your blood is safe."
Should I consult a doctor before donating blood after recovering from an illness?,"If you had a major illness, it’s best to consult your doctor before donating. For minor illnesses like colds, just ensure you’ve been symptom-free for 28 days."
Are there special precautions for donors who were recently unwell?,"Yes, you must wait until you’ve fully recovered and been symptom-free for at least 28 days before donating."
What happens if I donate blood too soon after an illness?,Donating too soon after an illness could weaken your body or risk passing on an infection. It’s best to wait the recommended time.
"If I’ve had a contagious disease, how long should I wait before donating?","The waiting period depends on the illness. For flu or colds, wait at least 28 days after full recovery. More serious infections may require longer deferrals."
Is it safe to donate blood during flu season?,"Yes, as long as you are healthy and symptom-free. Donation centers follow strict hygiene protocols to ensure safety."
Should I avoid giving blood if there is an outbreak of illness?,"If you are healthy, you can still donate. However, if you’ve been exposed to an illness, it’s best to wait to ensure safety."
Can I still donate blood if COVID-19 cases are increasing?,"Yes, as long as you are symptom-free and meet eligibility requirements. Donation centers follow strict safety protocols."
Is blood donation safe when there’s a major virus outbreak?,"Yes, donation centers take extra precautions, such as disinfecting equipment and screening donors for symptoms."
Are extra precautions taken during the flu season for blood donors?,"Yes, donation centers follow strict sanitation procedures and ensure donors are healthy before allowing them to donate."
Can I donate blood during a pandemic?,"Yes, as long as you are healthy and meet eligibility criteria. Blood donation is essential even during a pandemic."
What precautions do donation centers follow during disease outbreaks?,"Centers implement disinfection protocols, screen donors, and use sterile, single-use equipment to prevent infections."
How do blood banks manage donations during a public health crisis?,"They follow strict screening, sanitation, and social distancing protocols to ensure donor and recipient safety."
Are blood donation centers taking extra steps to prevent infections?,"Yes, they follow strict hygiene and screening procedures to ensure a safe donation process."
Is it safe to donate blood if there’s a virus spreading in my area?,"Yes, as long as you are symptom-free and meet the eligibility criteria. Blood centers take precautions to ensure safety."
Are there additional guidelines for donating during a health emergency?,"Yes, donors may be screened more strictly, and additional safety protocols may be in place to prevent the spread of illness."
How do blood banks handle donation safety during pandemics?,"They implement extra screening, enforce sanitation measures, and ensure social distancing during the donation process."
What extra disinfection measures are in place due to COVID-19?,"Donation centers regularly disinfect equipment, provide hand sanitizers, and follow strict hygiene protocols."
Is blood donation allowed when there’s a new contagious disease outbreak?,"Yes, as long as it is safe to do so. Blood donation centers follow strict screening and sanitation measures."
Are there any restrictions for donors during widespread illness outbreaks?,"Yes, donors must be symptom-free and may be subject to additional screening for safety."
How do blood banks ensure that donated blood is safe?,All donated blood is tested for infectious diseases and stored under strict quality control measures.
What tests are done on donated blood to check for infections?,"Donated blood is screened for HIV, Hepatitis B and C, Syphilis, and Malaria, among other diseases."
Are all blood donations screened for diseases before being used?,"Yes, every blood donation undergoes rigorous testing to ensure safety."
What safety procedures are in place to guarantee blood quality?,"Blood is tested, stored properly, and handled under strict regulations to prevent contamination."
How do blood banks make sure they don’t store infected blood?,Every donation is screened for infectious diseases before it is used.
What happens if donated blood is found to have a virus?,"If blood tests positive for an infection, it is safely discarded, and the donor is informed for further medical guidance."
Are blood donors tested for illnesses before donation?,"Donors are asked about their medical history, but the actual blood is tested after donation."
What steps are taken to eliminate the risk of contaminated blood?,"Blood donations are screened, and strict safety protocols are followed in handling and storage."
Is donated blood checked for HIV and other diseases?,"Yes, all donated blood is tested for HIV, Hepatitis, Syphilis, and Malaria."
What infections are screened for before a blood donation is accepted?,"HIV, Hepatitis B & C, Syphilis, and Malaria, among others."
How do blood centers confirm that donated blood is free from infection?,Through laboratory testing of every unit of donated blood.
Are there specific diseases that prevent a person from donating blood?,"Yes, conditions like HIV, Hepatitis, Cancer, and Cardiovascular diseases make a person permanently ineligible."
Can a donor’s illness be detected in blood tests after donation?,"Yes, all donated blood is tested for certain infectious diseases."
What happens if someone unknowingly donates infected blood?,"The blood is discarded, and the donor is notified for medical follow-up."
How often are blood banks required to check for infections?,Every donation is tested before being used.
Do all donated blood samples go through a strict screening process?,"Yes, every donation undergoes comprehensive testing."
How do blood centers prevent unsafe blood from being used?,"Through strict screening, testing, and proper storage procedures."
Can I get an infection from donating blood?,"No, the process is completely safe, and sterile equipment is used for every donation."
Is there a possibility of catching a virus from the blood donation process?,"No, sterile, single-use equipment ensures there is no risk of infection."
Could I develop an illness after giving blood?,"No, blood donation does not cause illness."
What are the chances of infection from blood donation needles?,"Zero, as only sterile, disposable needles are used."
Are there risks of disease transmission through blood donation?,"No, donation centers follow strict safety procedures."
Could the equipment used in donation carry germs?,"No, all equipment is sterile and single-use."
Can I contract a bacterial infection from giving blood?,"No, sterile techniques prevent any risk of bacterial infection."
What are the risks of exposure to pathogens when donating blood?,"Blood donation centers follow strict hygiene protocols to eliminate exposure to pathogens. All equipment used is sterilized, and needles are single-use, ensuring donor safety."
Is there any chance of cross-contamination at blood donation centers?,"No, blood donation centers follow strict infection control measures. Each donor gets a new, sterile needle, and all medical tools are properly sanitized."
Are all blood donation tools and equipment properly sterilized?,"Yes, all tools and equipment used in blood donation are sterilized or disposable to ensure donor safety and prevent infections."
How does a blood bank ensure that all equipment is safe and clean?,"Blood banks follow strict safety regulations, using sterilized tools and disposing of single-use items after each donor."
What precautions are in place to prevent infections from spreading during donation?,"Donation centers use single-use needles, sterilized equipment, and follow strict hygiene guidelines to prevent infections."
Do blood donation centers replace needles for every donor?,"Yes, every donor is given a brand-new, sterile needle, which is discarded immediately after use."
Is there any risk of catching a bloodborne disease from donation?,"No, all needles are single-use, and blood donation centers follow strict sanitation measures to prevent any risk of infection."
Could I be exposed to harmful bacteria or viruses during blood donation?,"No, strict hygiene and sterilization processes are in place to eliminate any risk of exposure to bacteria or viruses."
Is donating blood completely risk-free?,"Blood donation is a safe procedure. However, some donors may feel lightheaded or weak afterward, which is temporary."
Are there any dangers involved in giving blood?,"For most healthy individuals, there are no dangers. Minor side effects like dizziness or slight bruising may occur but are temporary."
Can I be certain that blood donation won’t negatively affect my health?,"Yes, as long as you meet the eligibility requirements, your body will quickly replenish the blood you donate."
Is there any harm in donating blood regularly?,"No, healthy individuals can donate every three months without any harm. The body naturally replenishes lost blood."
What precautions are taken to make sure donating blood is safe?,"Medical professionals assess your health before donation, use sterile equipment, and monitor you throughout the process."
Are all blood donation centers following strict hygiene and safety guidelines?,"Yes, all centers adhere to strict national and international health regulations to ensure donor safety."
How do I know that the donation process is safe for me?,"Before donating, a health screening is conducted to ensure you are fit to donate and minimize any risks."
What safety measures ensure that donors are protected?,"Strict sterilization, use of disposable needles, professional health screenings, and medical supervision ensure donor safety."
How do blood banks maintain the highest standards for donor safety?,"They follow government regulations, use sterile tools, and test blood samples to ensure safety."
Are there government regulations to ensure blood donation safety?,"Yes, the government strictly regulates blood donation centers to guarantee donor safety and blood quality."
What steps do donation centers take to guarantee donor well-being?,"They conduct medical screenings, use sterile equipment, and provide post-donation care to donors."
Does donating blood have any health consequences?,"For healthy individuals, there are no long-term health consequences. Some may feel mild fatigue, but this is temporary."
Are there any situations where donating blood could be unsafe?,"Yes, if you are sick, underweight, or have certain medical conditions, donating blood may not be safe."
Can donating blood compromise my immune system?,"No, donating blood does not weaken your immune system. Your body quickly replenishes lost blood."
What protocols are followed to ensure a donor’s safety during the process?,"Donors undergo a health screening, and the process is supervised by trained medical professionals."
Can I still donate blood if I was recently sick?,"It depends on the illness. If you had a common cold, you should wait 28 days after recovery before donating."
How soon after being sick can I give blood?,"For minor illnesses, you should wait at least 28 days after recovery. More serious illnesses may require longer waiting periods."
Is it okay to donate if I just recovered from a cold?,You should wait 28 days after your symptoms have completely gone away before donating blood.
Can I donate blood while recovering from the flu?,"No, you must be fully recovered and wait at least 28 days before donating."
How long should I wait to donate after having an infection?,You should wait at least 28 days after recovering from an infection.
Can I donate blood if I’ve had a fever in the past few days?,"No, you must wait at least 28 days after your fever has gone away."
Should I avoid donating if I’ve been exposed to someone who is sick?,"Yes, if you've been in close contact with someone sick, it’s best to wait 28 days before donating."
Is there a required waiting period after being ill before donating blood?,"Yes, most minor illnesses require a 28-day waiting period after full recovery."
"If I had an illness recently, can I still give blood?","It depends on the illness. Minor illnesses require a 28-day wait, while serious conditions may have longer restrictions."
What are the guidelines for donating blood after a recent infection?,You must be symptom-free and wait at least 28 days after recovery.
Is it safe to donate blood during flu season?,"Yes, but only if you are healthy and have not been exposed to someone sick."
Should I avoid donating blood if there is a flu outbreak?,"If you feel well and meet the eligibility criteria, you can still donate."
Can I donate blood during a global health crisis?,"Yes, as long as donation centers are open and you meet the eligibility requirements."
Is blood donation allowed during COVID-19?,"Yes, but additional safety protocols may be in place, such as mask requirements and symptom screenings."
Are donation centers taking extra safety measures due to COVID-19?,"Yes, centers have increased sanitation, social distancing, and health screenings."
Can I donate blood if COVID-19 cases are increasing?,"Yes, as long as you are healthy and meet the eligibility criteria."
What precautions are in place for blood donation during a pandemic?,"Sanitization, social distancing, and health screenings are enforced for donor safety."
Are special guidelines followed during infectious disease outbreaks?,"Yes, blood centers follow enhanced safety measures to protect donors and staff."
How do blood banks handle donations during widespread illnesses?,They implement stricter sanitation and safety protocols to minimize risks.
Is there any danger in donating blood when diseases are spreading?,"No, blood donation centers follow strict hygiene measures to prevent the spread of infections."
How do donation centers make sure the blood they collect is safe?,All donated blood is screened for infections before being used.
What tests are performed on donated blood to check for infections?,"Blood is tested for HIV, Hepatitis B and C, Syphilis, and other infections."
How do blood banks prevent contaminated blood from being used?,They perform thorough testing and discard any unsafe blood.
"What steps are taken to ensure only clean, safe blood is stored?",Strict testing and storage protocols are followed to maintain blood safety.
Are donors screened for diseases before donating?,"Yes, every donor undergoes a health screening before donation."
Can infected blood accidentally be given to someone?,"No, all donated blood is tested and any contaminated samples are discarded."
How do blood banks check for illnesses before accepting donations?,They conduct medical screenings and laboratory tests to ensure blood safety.
Are donors tested for infections before and after donation?,"Yes, all blood donors are tested for infections such as HIV, Hepatitis B and C, Syphilis, and Malaria before their blood is used. If a donor’s blood tests reactive to any of these, they will be notified and offered counseling."
What safety protocols exist to prevent the spread of infections in blood banks?,"Blood banks follow strict protocols, including using sterile, single-use needles, screening donors, and testing all blood donations for infectious diseases to ensure safety."
How is donated blood processed to eliminate risks?,Donated blood undergoes thorough testing for infectious diseases and is carefully handled in sterile conditions. It is also separated into components and stored under strict guidelines.
Can I catch an infection from donating blood?,"No, donating blood is completely safe. Sterile, single-use needles and equipment are used to prevent any risk of infection."
Is it possible to get sick from giving blood?,"Blood donation is safe for healthy individuals. Some donors might feel lightheaded temporarily, but this is not an illness and goes away with rest and hydration."
Does blood donation expose me to viruses or bacteria?,"No, the blood donation process is conducted under strict sterile conditions, ensuring no exposure to viruses or bacteria."
Could I develop an illness after donating blood?,"No, donating blood does not cause illness. However, if you are already feeling unwell, it is best to wait until you fully recover before donating."
Are there any risks of contracting a disease from blood donation?,"No, all donation equipment is sterile and used only once, eliminating any risk of disease transmission."
Can the equipment used during donation carry infections?,"No, all needles and medical equipment used for donation are brand new, sterile, and discarded after each use."
Is there a possibility of getting a bloodborne disease from donation?,"No, strict safety measures are in place to prevent any risk of bloodborne diseases."
Could I be exposed to unsterile conditions while donating?,"No, donation centers follow strict hygiene protocols to ensure a sterile environment for donors."
What are the chances of infection from the donation needle?,"There is zero chance, as each needle is single-use and disposed of immediately after donation."
Is there any risk of bacterial contamination while donating?,"No, the donation process is done in sterile conditions, and all equipment is properly sanitized."
Is it completely safe to donate blood?,"Yes, donating blood is completely safe when done at certified donation centers."
Are there any dangers associated with donating blood?,"There are no significant dangers. Some donors may feel lightheaded, but this is temporary and resolves with rest."
Can I be sure that the blood donation process won’t harm me?,"Yes, as long as you meet the eligibility criteria and follow the guidelines, blood donation is safe."
Is there any risk to my health if I donate blood?,Blood donation is safe for healthy individuals. It does not cause long-term health risks.
What steps are taken to make sure blood donation is risk-free?,"Strict donor screening, sterile equipment, and professional staff ensure a safe donation process."
Are all donation centers following strict safety guidelines?,"Yes, all certified donation centers follow strict safety guidelines to protect donors."
How can I trust that blood donation is done safely?,"Donation centers adhere to strict medical protocols, and all equipment is sterile and single-use."
What measures ensure that donors stay safe during the process?,"Trained medical professionals monitor donors, use sterile equipment, and follow strict safety standards."
How do blood donation facilities maintain high safety standards?,"They follow guidelines from health authorities, including sterilization, screening, and testing of all donations."
Are there any regulations ensuring blood donation is safe?,"Yes, government and health organizations enforce strict regulations to maintain the safety of donors and recipients."
Is it safe to donate during COVID-19?,"Yes, blood donation centers have additional safety measures in place, including sanitization and social distancing."
Can I get an infection from donating?,"No, the use of sterile, disposable needles eliminates the risk of infection."
Can I get an infection from blood donation?,"No, all equipment used is sterile, and the process is conducted under safe conditions."
Is donating blood safe during flu season?,"Yes, but if you currently have flu symptoms, you should wait 28 days after recovery before donating."
Is it possible to catch a disease from donating blood?,"No, strict hygiene and sterilization protocols prevent disease transmission."
Are there any risks of infections when donating blood?,"No, the risk is eliminated by using sterile, single-use equipment."
Can I contract a virus from donating blood?,"No, all procedures follow safety protocols to prevent virus transmission."
Is it safe to donate blood during the COVID-19 pandemic?,"Yes, donation centers have implemented additional precautions to ensure donor safety."
How can I be sure that the blood donation process is safe?,You can trust that certified donation centers follow strict safety guidelines and protocols.
Can blood donation transmit HIV?,"No, HIV cannot be transmitted through blood donation. All needles and equipment are single-use and sterile."
What safety measures are in place during blood donations?,"Sterile equipment, donor screening, and professional medical oversight ensure a safe donation process."
Can I get a bacterial infection from donating blood?,"No, all materials used are sterile, preventing bacterial infections."
Is blood donation safe during cold and flu season?,"Yes, but donors should wait until they fully recover from any illness before donating."
Are blood donation centers taking precautions for infections?,"Yes, centers follow strict sanitation and infection control measures."
Can I donate blood if I’ve been sick recently?,"It depends on your illness. If you’ve had a common cold, you must wait 28 days after recovery before donating."
How does blood donation avoid the risk of infections?,"By using sterile, single-use equipment and testing all blood donations for infectious diseases."
What should I do if I’m worried about infection during donation?,You can be assured that strict safety protocols are in place to eliminate infection risks.
Are there tests for infections before blood donation?,"Yes, all donated blood is tested for infections such as HIV, Hepatitis B and C, Malaria, and Syphilis."
Can I donate blood if I’ve had the flu?,You should wait 28 days after fully recovering from the flu before donating.
What precautions are taken to prevent infections during blood donation?,"Sterile, single-use equipment, strict donor screening, and sanitation measures are in place."
Can I donate blood if I have a cold?,"No, you must wait 28 days after recovering from a cold before donating."
Are the needles used for donation sterile?,"Yes, all needles are sterile, single-use, and discarded after each donation."
Is it safe to donate blood after being exposed to an illness?,"If you’ve been exposed to an illness but have no symptoms, it’s best to consult with a donation center before donating."
How do donation centers ensure blood is safe?,"Blood is tested for infectious diseases, and strict protocols are followed to ensure safety."
Can I donate blood during the COVID-19 outbreak?,"Yes, as long as you are healthy and meet the eligibility criteria."
How are infections prevented in blood donation centers?,"Through sterilization, hygiene protocols, and thorough blood testing."
What happens if blood is found to be infected?,"The donor is notified, and the blood is discarded to ensure it is not used for transfusion."
How do blood centers protect donors from infections?,"Blood centers follow strict hygiene and sterilization protocols to ensure donor safety. Equipment is single-use and disposable, and all staff adhere to sanitation procedures."
Is there a risk of infection from the blood donation needle?,"No, there is no risk of infection. Blood donation centers use sterile, single-use needles that are discarded immediately after use."
Can I donate blood if I’m sick?,"No, if you are currently sick, you should wait until you have fully recovered before donating blood. Depending on your illness, you may need to wait a certain period before you can donate."
What are the infection risks from donating blood?,"There are no infection risks when donating blood, as all equipment is sterile and single-use. Blood donation centers follow strict protocols to ensure donor safety."
Is it safe to donate blood during flu season?,"Yes, it is safe as long as you are healthy and free from flu symptoms. However, if you have recently had the flu, you must wait at least 28 days after full recovery before donating."
How does blood donation protect donors from disease?,"Donating blood does not directly protect you from disease, but it can encourage the body to produce new blood cells, which may help overall circulation and health."
Can a donation center transmit infections to me?,"No, blood donation centers follow strict sterilization procedures, and all needles and medical equipment are single-use, preventing any risk of infection."
Can donating blood cause Hepatitis?,"No, donating blood does not cause Hepatitis. All blood donation procedures use sterile equipment, and donors are screened for Hepatitis before their blood is used."
Is blood donation safe during a pandemic?,"Yes, blood donation centers follow strict safety and infection control measures, including sterilization, social distancing, and health screenings."
How is the blood donation equipment sterilized?,"All needles, blood bags, and tubes are pre-sterilized and single-use. Other equipment is disinfected thoroughly before and after each use."
What infections are screened for during blood donation?,"Blood donations are tested for HIV, Hepatitis B, Hepatitis C, Syphilis, and Malaria to ensure the safety of both donors and recipients."
Can I get infected if I donate blood?,"No, you cannot get infected. Blood donation centers use disposable, sterile equipment and follow strict hygiene protocols."
What infections are tested for after donating blood?,"After donation, your blood is screened for HIV, Hepatitis B and C, Syphilis, and Malaria. If any issues are found, you will be notified for counseling."
Is the blood donation process hygienic?,"Yes, blood donation centers follow strict hygiene and sterilization measures, ensuring a completely safe process for donors."
What happens if I have a medical condition and donate blood?,"If you have a medical condition that disqualifies you from donating, you should not donate. Some conditions may require a temporary deferral, while others may permanently disqualify you."
What precautions are taken to prevent infection?,"All blood donation equipment is sterile and single-use, staff follow strict hygiene protocols, and donors are screened for any signs of infection."
How do blood banks prevent the spread of infections?,"Blood banks follow strict sterilization procedures, screen donors for infections, and test donated blood to ensure safety."
Is donating blood safe during a viral outbreak?,"Yes, as long as you are healthy and meet the eligibility criteria. Blood donation centers implement additional safety measures during outbreaks."
Can I donate blood during a disease outbreak?,"Yes, but only if you are healthy and meet the donation requirements. If you have been sick, you may need to wait before donating."
How do blood donation centers manage infection risks?,"They use sterile, single-use equipment, conduct health screenings, and follow strict hygiene protocols."
Can I catch COVID-19 by donating blood?,"No, you cannot catch COVID-19 from donating blood. Blood donation centers follow strict sanitation and safety measures."
Can I donate blood if I’ve had an infection?,"It depends on the infection. Some illnesses require a waiting period before donation. If you recently recovered, you may need to wait 28 days."
What safety protocols are in place to prevent infections?,"Sterile, single-use equipment, donor health screenings, and strict hygiene procedures ensure a safe donation process."
Can I donate blood if I’ve been exposed to a contagious disease?,"If you have been exposed to a contagious disease, you should wait until you are fully recovered and meet the eligibility requirements."
Can I donate blood if I’m currently using medication for a cold or flu?,"No, you must wait at least 28 days after full recovery before donating blood."
Are there any risks if I donate blood while on certain medications?,"Yes, some medications can affect donation eligibility. It’s best to check with the donation center before donating."
Will taking medication cause any issues with my blood donation?,Some medications may prevent you from donating. Contact the donation center for specific guidance based on your medication.
Does my medication affect the donation or screening process?,"Yes, certain medications may disqualify you temporarily or permanently. You may need to wait after stopping certain medications."
How do medications influence my donation eligibility?,"Some medications can affect blood safety. You may need to wait before donating, depending on the medication type."
What’s the best way to find out if my medication affects my ability to donate blood?,You can contact the blood donation center directly to check if your medication affects your eligibility.
Does taking medication make the blood donation process different?,"Not necessarily, but some medications may require a waiting period before donation."
Can medication affect the quality or safety of my donation?,"Yes, some medications can affect blood quality. Always check with the donation center before donating."
Will taking medication change the way my blood is processed during donation?,Certain medications may affect your donation eligibility but do not alter the donation process itself.
Can medication interfere with the blood donation procedure?,Some medications may prevent you from donating. It’s best to consult with the donation center.
Does the blood donation process check for medication use?,"Yes, donors are asked about medication use, and certain medications may disqualify them."
How much time do I need to wait after taking medication to donate blood?,"It depends on the medication. Some require a waiting period, while others may not impact eligibility."
"If I’ve taken medication recently, how long must I wait to donate blood?",The waiting period depends on the medication. Consult the donation center for details.
How long after medication use should I wait to donate blood?,"Some medications require a waiting period, which varies by type. Check with the donation center."
Is there a required waiting period before donating blood if I’ve taken medication?,"Yes, but it depends on the specific medication. Contact the center for more information."
Can I donate blood the same day after taking my prescribed medication?,It depends on the medication. Some require a waiting period before donation.
Can I donate blood while on a course of antibiotics?,"No, you must wait at least one month after completing your antibiotic treatment."
Are there any special rules for people on medication wishing to donate blood?,"Yes, certain medications may require a waiting period or disqualify you from donating."
What should I know about taking medication before donating blood?,"Always check with the donation center, as some medications may affect your eligibility."
Can I donate blood while taking medication for a serious health issue?,It depends on the medication and health condition. Some conditions disqualify donors.
Are there any medications that disqualify me from donating blood?,"Yes, certain medications can disqualify you from donating blood, either temporarily or permanently. Medications like blood thinners, certain antibiotics, and insulin may make you ineligible."
What guidelines exist for blood donations while taking regular medication?,"If you are on regular medication, you may still be eligible to donate, but it depends on the type of medication and the reason for taking it. You should be off antibiotics for at least one month, and certain conditions like diabetes managed with insulin may disqualify you."
What medications prevent blood donation?,"Certain medications, such as insulin for diabetes or blood thinners, may disqualify you."
Does the use of certain medications disqualify someone from donating blood?,"Yes, some medications, such as anticoagulants, insulin, and certain antibiotics, can disqualify you from donating. If you're unsure, we can check your eligibility now."
How do I know if my current medication is okay for blood donation?,The best way to check is by reviewing our guidelines on medication restrictions or consulting with a medical professional at the donation center. Would you like assistance checking your eligibility?
How can I check if the medications I take disqualify me from donating blood?,"You can check by reviewing the general guidelines or asking a medical professional. If you’re unsure, we can assess your eligibility now."
Can I donate blood while on hormonal medication?,"In most cases, hormonal medications like birth control or hormone therapy do not disqualify you. However, if taken for a specific medical condition, eligibility may vary. Want to confirm your eligibility?"
Can I donate blood if I’m taking antibiotics for an infection?,"You must wait at least one month after your last dose of antibiotics before donating blood. If your infection is active, you should fully recover first. Would you like to check your eligibility?"
Is it safe to donate blood while using pain relievers like aspirin?,"Yes, in most cases, you can donate while taking aspirin, but if donating platelets, you should wait at least 48 hours after taking aspirin. Want to check if you meet other requirements?"
Can I donate blood if I’m on antidepressants or anxiety medication?,"Yes, most antidepressants or anxiety medications do not disqualify you as long as your condition is stable. Would you like to confirm your eligibility?"
Is it okay to donate blood if I’m using blood thinners or anticoagulants?,"No, if you are taking blood thinners like warfarin or heparin, you cannot donate blood due to the risk of excessive bleeding."
"Can I donate blood while taking medication for a chronic condition, like diabetes?","If you are on insulin or oral hypoglycemic drugs for diabetes, you are not eligible to donate. However, if your diabetes is controlled without medication, you may be eligible."
Can I donate blood while using medications for high cholesterol?,"Yes, cholesterol medications generally do not prevent blood donation. Want to check if you meet other requirements?"
Am I eligible to donate blood if I’m on medication for hypertension?,"If your blood pressure is controlled (90-140mmHg systolic, 70-100mmHg diastolic), you may still donate. However, some hypertension medications may affect eligibility. Want to confirm?"
Can I donate blood if I’ve been prescribed antibiotics or antibiotics recently?,You must wait at least one month after completing antibiotic treatment before donating.
Is it safe to donate blood while using insulin or diabetes medication?,"No, individuals taking insulin or oral diabetes medication are not eligible to donate."
Will my medication prevent me from donating blood?,It depends on the type of medication. Would you like to check your eligibility now?
Can I still give blood if I’m taking certain medications?,"Some medications may prevent donation, while others do not. Let’s check if your medication affects your eligibility."
Are there restrictions on blood donation due to medications?,"Yes, certain medications, such as blood thinners and antibiotics, may temporarily or permanently defer you from donating."
How do prescription drugs affect my ability to donate blood?,"Some medications can affect blood quality, while others may indicate an underlying condition that disqualifies you. Want to check your eligibility?"
Can I donate blood while on certain prescribed drugs?,It depends on the drug. Would you like to check your eligibility now?
Is taking medication a reason for being ineligible to donate blood?,"Some medications disqualify donors, while others do not. Let’s check if your medication affects you."
Can my medications impact whether I can donate blood?,"Yes, certain medications, such as blood thinners, insulin, and some antibiotics, may make you ineligible."
What medications should I avoid if I want to donate blood?,"Blood thinners, insulin, and certain antibiotics should be avoided."
Do any medications prevent you from donating blood?,"Yes, some do."
Can my medication affect my eligibility to give blood?,"Yes, depending on the type of medication and the reason for taking it. Want to confirm your eligibility?"
How long should I wait after taking medication before I can donate blood?,"It varies. Antibiotics require a one-month wait, while blood thinners disqualify you permanently."
Is there a waiting time required after taking medication to donate blood?,Some medications require a waiting period. Would you like to check your specific eligibility?
What’s the waiting period to donate blood after taking medication?,It depends on the medication. Want to check your eligibility now?
Can I donate blood if I’ve recently been prescribed any medication?,It depends on the medication and your health condition. Let’s check your eligibility.
Can I donate blood if I’ve only just started a new medication?,It depends on the type of medication. Want to confirm your eligibility?
What are the rules for donating blood when you are on medication?,Some medications may temporarily or permanently disqualify you. Let’s check if you meet the criteria.
Which medications prevent me from donating blood?,"Blood thinners, insulin, and certain antibiotics may disqualify you. Want to check your eligibility?"
How do I donate blood if I take medication regularly?,You may still donate depending on the medication. Want to confirm your eligibility?
Can I donate blood if I’m using medication for a cold?,You must wait 28 days after recovery from a cold before donating.
Does aspirin affect my ability to donate blood?,Aspirin does not affect whole blood donation.
Are there any medications I should avoid before giving blood?,Blood thinners and antibiotics may disqualify you. Want to check your eligibility?
How long should I wait after taking medication before I donate blood?,It depends on the medication.
How do medications impact blood donation eligibility?,"Some disqualify you, while others do not. Want to check your eligibility?"
Can I donate blood if I am on certain medications?,It depends. Want to confirm your eligibility?
How does medication influence the donation process?,Some medications can affect blood quality. Want to check if your medication impacts your eligibility?
Is it safe to donate blood if I’m using any medication?,It depends on the type of medication you are taking. Some medications may temporarily or permanently defer you from donating blood. Would you like to check your eligibility now?
Do blood donation centers check for medications I’m using?,"Yes, blood donation centers will ask about any medications you are taking, as some can affect your eligibility. A physician will review your medical history before donation."
Can I donate blood while taking birth control?,"Yes, birth control does not affect eligibility."
Can I still donate blood if I’m using antidepressants?,"Yes, if your condition is stable."
Is it okay to donate blood while taking painkillers?,"Yes, unless it is a high-dose prescription painkiller."
How does being on blood thinners affect my ability to donate blood?,Blood thinners disqualify you.
Can I donate blood while taking allergy medication?,"Yes, unless you have an active allergic reaction."
Can I donate blood while using statins?,Yes. Want to check if you meet other requirements?
Is it safe to donate blood while on blood pressure medication?,"Yes, if your blood pressure is within the normal range."
Can I donate blood if I’m using medication for diabetes?,"No, if using insulin or oral hypoglycemic drugs."
Is it fine to donate blood if I’m on antidepressants?,"Yes, you can donate blood if you are on antidepressants, as long as your condition is stable, and you meet the general health criteria."
Can I donate blood if I’m on medication for anxiety?,"Yes, you may still donate blood while taking anxiety medication, provided your condition is stable and does not interfere with donation."
Am I eligible to donate blood if I’m taking medication for high cholesterol?,"Yes, taking medication for high cholesterol does not automatically disqualify you from donating. However, your overall health must be stable."
Can I give blood if I’m on medication for heart disease?,"No, individuals with heart disease or on heart-related medications are not eligible to donate blood."
How does being on an antibiotic course affect my eligibility to donate blood?,You must wait at least one month after your last dose of antibiotics before donating blood.
Is it safe to donate blood if I’m taking antibiotics?,"No, you cannot donate blood while taking antibiotics. You must wait at least one month after completing your antibiotic course."
Can I donate blood if I’ve recently used medication?,It depends on the type of medication. Some medications require a waiting period before donation. Would you like to check your eligibility?
Can I donate blood if I’ve just begun taking new medication?,It depends on the medication. Some require a waiting period before donation. Would you like to check your eligibility?
Is it safe to donate blood after being prescribed new medication?,"Before donating, consult with a physician as certain medications may require a waiting period."
Does taking any medication affect my ability to donate blood?,"Not all medications disqualify you, but some may require deferral. Would you like to check your eligibility now?"
Can I still donate blood if I’m currently on medication?,"It depends on the medication you are taking. Some allow donation, while others require a waiting period."
How do medications influence my eligibility to donate blood?,Certain medications can affect your blood quality or indicate a condition that may prevent donation. A physician will assess your eligibility before donation.
Does taking certain medications prevent me from donating blood?,"Yes, some medications, such as insulin, chemotherapy drugs, and heart disease medications, may disqualify you."
Are there specific medications that will disqualify me from donating blood?,"Yes, medications for conditions like heart disease, cancer, and chronic infections can disqualify you. Would you like to check your eligibility?"
Can I donate blood while using antibiotics?,"No, you must wait at least one month after finishing your antibiotics before donating."
Is it okay to donate blood while on medication for a chronic condition?,It depends on the condition and the medication. Some chronic conditions and their treatments may disqualify you.
Can I give blood if I’m taking blood pressure medication?,"Yes, you can donate blood while on blood pressure medication as long as your blood pressure is stable and within the acceptable range."
Can I donate blood if I'm on medication for heart disease?,"No, individuals with heart disease or those taking heart-related medications are not eligible to donate."
Is it safe to donate blood if I’m undergoing chemotherapy?,"No, individuals currently undergoing chemotherapy or who have recently completed treatment are not eligible to donate blood."
Can I donate blood if I take insulin?,"No, individuals who take insulin for diabetes are not eligible to donate blood."
Is it acceptable to donate blood if I’m on regular medication?,"It depends on the medication. Some medications require deferral, while others do not. Would you like to check your eligibility?"
Does using medication make me ineligible to donate blood?,Not necessarily. It depends on the type of medication and the condition it treats. Would you like to check your eligibility?
Are there any medications that prevent me from donating blood?,"Yes, medications for cancer, heart disease, diabetes (insulin), and some infections may disqualify you."
Should I wait before donating blood if I’m taking certain medications?,"Yes, some medications require a waiting period before you can donate blood. Would you like to check your eligibility?"
Does taking antibiotics affect my eligibility?,"Yes, you must wait one month after your last antibiotic dose before donating."
Can I donate if I'm on medication?,It depends on the medication. Would you like to check your eligibility now?
Can I donate blood while taking medication?,Some medications require a waiting period before donation. Would you like to check your eligibility now?
Is it safe to donate blood if I’m on antibiotics?,"No, you must wait at least one month after completing antibiotics before donating."
Can I donate blood if I’m using birth control?,"Yes, birth control does not affect your eligibility to donate blood."
Does taking medication affect my ability to donate blood?,"Some medications can affect your eligibility, while others do not. Would you like to check now?"
Can I donate blood if I’m taking antidepressants?,"Yes, as long as your condition is stable and you meet all other donation requirements."
Are there medications that prevent blood donation?,"Yes, medications for cancer, heart disease, insulin-dependent diabetes, and certain infections can prevent donation."
Can I donate blood if I’m on allergy medication?,"Yes, allergy medications generally do not prevent blood donation, but you should not have active allergic reactions."
Can I donate blood if I’ve been prescribed medication?,It depends on the medication. Would you like to check your eligibility now?
What medications disqualify you from donating blood?,"Medications for cancer, heart disease, chronic infections, and insulin-dependent diabetes can disqualify you."
Can I donate blood if I’m taking pain relievers?,"Yes, but if you are taking aspirin, you must wait at least 48 hours before donating platelets."
Does aspirin affect blood donation eligibility?,"Yes, if you are donating platelets, you must wait at least 48 hours after taking aspirin."
Can I donate blood while on blood pressure medication?,"Yes, if your blood pressure is within the acceptable range and stable."
Are there any restrictions for blood donation with medications?,"Yes, some medications require a waiting period or disqualify you from donating."
Can I donate blood if I’m taking chemotherapy?,"No, individuals undergoing or who have recently completed chemotherapy are not eligible."
Does my medication make me ineligible for donation?,It depends on the medication. Would you like to check your eligibility?
Can I donate blood if I’m on medication for a chronic condition?,Some chronic conditions and their treatments may disqualify you.
What medications prevent blood donation?,"Medications for cancer, heart disease, insulin-dependent diabetes, and certain infections may disqualify you."
Can I donate blood if I’m on medication for depression?,"Yes, if your condition is stable and you meet the other health requirements."
How does taking medication affect blood donation?,Some medications require a waiting period or can disqualify you. Would you like to check your eligibility?
Do I need to stop taking medication to donate blood?,"Not necessarily. Some medications allow donation, while others require waiting."
Can I donate blood if I take medication for diabetes?,"If you take insulin, you are not eligible. If you control diabetes with diet or oral medication, you may be eligible."
What are the guidelines for donating blood while on medication?,The guidelines depend on the medication type. Would you like to check your eligibility now?
Is it safe to donate blood while on medication for anxiety?,It depends on the type of medication you are taking. Some medications may require a waiting period before donation. Would you like to check your eligibility now?
Can I donate blood if I’m taking statins?,"Yes, you can donate blood if you are taking statins, as long as your cholesterol is well-controlled and you meet all other eligibility criteria."
Does taking medication affect my blood donation eligibility?,Some medications can temporarily or permanently defer you from donating. It’s best to check your specific medication with a medical professional.
Can I donate blood if I’m on medication for heart disease?,"Individuals with heart disease are generally not eligible to donate blood, especially if they are on medications like blood thinners or have a history of heart surgery."
What medications prevent blood donation?,"Medications for heart disease, insulin-dependent diabetes, tuberculosis, and certain infections can disqualify you. Would you like to check your eligibility now?"
Does my medication require me to wait before donating blood?,"Some medications require a waiting period before you can donate. If you have recently taken antibiotics or steroids, you may need to wait before donating."
Can I donate blood if I take regular medication?,"It depends on the type of medication. Some are acceptable, while others may defer you temporarily or permanently."
How long do I need to wait after taking medication to donate?,"The waiting period varies by medication. For example, antibiotics require a 1-month waiting period after the last dose. Would you like to check your eligibility?"
Are there any restrictions for people on long-term medications?,"Yes, people on long-term medications for chronic illnesses such as heart disease or kidney disease are usually ineligible to donate blood."
Can I donate blood if I’m on insulin?,"No, individuals with insulin-dependent diabetes are not eligible to donate blood."
What medications should I avoid before donating blood?,"Medications like antibiotics, blood thinners, and certain chronic illness treatments may require you to wait before donating."
Can I donate blood while on medication for high cholesterol?,"Yes, as long as your cholesterol is controlled and your doctor has not restricted you from donating blood."
Do blood donation centers check for medications?,"Yes, donation centers will ask about your medical history and medications during the screening process."
Can I donate blood if I’ve recently taken medication?,It depends on the medication. Some require a waiting period before donation.
Does my medication affect my blood type?,"No, medication does not change your blood type, but certain medications may affect your eligibility to donate."
Is it safe to donate blood while taking any medication?,"Some medications are safe for donation, while others may prevent you from donating. A medical screening will determine your eligibility."
How do medications affect the eligibility for blood donation?,Certain medications may cause temporary or permanent deferral depending on their effect on your health and blood safety.
Can I donate blood while on blood thinners?,"No, blood thinners increase the risk of excessive bleeding, so donors on these medications are not eligible."
Can I donate blood if I’m taking a prescription for a chronic illness?,It depends on the illness and medication. Some chronic conditions may prevent blood donation.
What are the guidelines for donating blood while on regular medications?,Guidelines vary depending on the type of medication. It’s best to check with a medical professional before donating.
Can I donate blood if I’ve recently been prescribed medication?,"If the medication is short-term, such as antibiotics, you may need to wait before donating."
How do I know if my medication disqualifies me from donating?,You can check with the donation center or a medical professional to determine if your medication affects your eligibility.
What is the waiting period for blood donation after taking medication?,"The waiting period varies depending on the medication. Some require 24 hours, while others require weeks or months."
Can I donate blood if I’m on an antibiotic course?,"No, you must wait at least one month after completing the antibiotic course before donating."
Is there any impact on donation if I take hormone medication?,"Most hormone medications do not affect donation eligibility, except for specific treatments like chemotherapy."
Can I donate blood if I’ve just started a new medication?,It depends on the medication. Some require a waiting period before donating.
How does medication affect the donation process?,"Some medications may interfere with blood quality or donor health, leading to temporary or permanent deferral."
Is it okay to donate blood if I’ve taken medication for a cold?,"If you are taking cold medication, you must wait at least 28 days after full recovery before donating."
How do I donate blood for someone who urgently needs it?,"You can visit a Red Cross donation center. If you are near San Pablo City, you can go to #1 Rizal Avenue, Brgy. VII-C, San Pablo City. We can set an appointment for you."
Where can I donate blood for an urgent medical emergency?,"If you are near San Pablo City, visit #1 Rizal Avenue, Brgy. VII-C, San Pablo City. We can assist in setting an appointment."
Where can I donate blood for an immediate need right now?,"If you need to donate urgently, visit #1 Rizal Avenue, Brgy. VII-C, San Pablo City. Let us know if you’d like to set an appointment."
Where are blood donations needed most for urgent cases?,"Blood donations are always in demand. If you want to help, you can donate at #1 Rizal Avenue, Brgy. VII-C, San Pablo City. We can set an appointment for you."
Can I help save a life by donating blood immediately?,"Yes! If you meet the eligibility criteria, you can donate blood. We can help you set an appointment at #1 Rizal Avenue, Brgy. VII-C, San Pablo City."
How soon can I contribute to an urgent blood donation cause?,"If you are eligible, you can donate as soon as possible. Would you like to set an appointment at #1 Rizal Avenue, Brgy. VII-C, San Pablo City?"
Where do I go to donate blood for an emergency situation?,"If you’re near San Pablo City, you can donate at #1 Rizal Avenue, Brgy. VII-C, San Pablo City. We can schedule an appointment for you."
Where can I donate blood today for someone in urgent need?,"You may visit #1 Rizal Avenue, Brgy. VII-C, San Pablo City to donate. Let us know if you need assistance with an appointment."
How do I find a donation center that’s handling urgent blood needs?,"If you are near San Pablo City, you can visit #1 Rizal Avenue, Brgy. VII-C, San Pablo City. We can set up an appointment for you."
Can I donate blood for a patient in a critical emergency?,"Yes! If you meet the eligibility requirements, you can donate at #1 Rizal Avenue, Brgy. VII-C, San Pablo City. We can help set an appointment for you."
Where is blood urgently needed for donation today?,"Blood is always needed, and if you’re near San Pablo City, you can donate at #1 Rizal Avenue, Brgy. VII-C, San Pablo City. Let us know if you'd like to book an appointment."
Can I donate blood for a life-saving situation immediately?,"Yes, as long as you meet the eligibility criteria. If you’re near San Pablo City, visit #1 Rizal Avenue, Brgy. VII-C, San Pablo City. We can assist in scheduling your donation."
"Can I donate blood to help someone in a critical, life-or-death situation?","Yes! You can visit #1 Rizal Avenue, Brgy. VII-C, San Pablo City. We can set up an appointment for you."
How soon can I donate blood for an emergency medical case?,"If you’re eligible, you can donate immediately. We can help you set an appointment at #1 Rizal Avenue, Brgy. VII-C, San Pablo City."
Can I donate blood for someone in a critical health crisis?,"Yes! You may visit #1 Rizal Avenue, Brgy. VII-C, San Pablo City. Would you like us to schedule an appointment for you?"
Is it possible to donate blood for someone facing a life-threatening situation?,"Absolutely. If you qualify, you can donate at #1 Rizal Avenue, Brgy. VII-C, San Pablo City. Let us know if you’d like to set an appointment."
Is there an urgent demand for blood donations today?,"Yes, blood donations are always in demand. If you’re interested in donating, you can visit #1 Rizal Avenue, Brgy. VII-C, San Pablo City. We can assist with booking an appointment."
Is there a current emergency blood donation shortage?,"Blood shortages can happen at any time. If you’re eligible and want to donate, you can do so at #1 Rizal Avenue, Brgy. VII-C, San Pablo City. We can help schedule your appointment."
Is there a critical shortage of blood donations right now?,"There is often a need for blood donations. If you’re willing to donate, you can visit #1 Rizal Avenue, Brgy. VII-C, San Pablo City. Let us know if you’d like to book an appointment."
Are there any emergency blood drives that need donations urgently?,"If you want to donate, you can visit #1 Rizal Avenue, Brgy. VII-C, San Pablo City. We can set up an appointment for you."
Where is blood urgently required at this moment?,"Blood is needed regularly, and if you’re near San Pablo City, you can donate at #1 Rizal Avenue, Brgy. VII-C, San Pablo City. Would you like us to schedule an appointment for you?"
What’s the current situation regarding blood donation shortages?,"Blood supplies fluctuate, but donations are always needed. If you’re willing to donate, visit #1 Rizal Avenue, Brgy. VII-C, San Pablo City. Let us know if you’d like to schedule a donation."
Where can I donate blood for immediate urgent needs?,"If you live near San Pablo City, you can donate blood at #1 Rizal Avenue, Brgy. VII-C, San Pablo City. We can set an appointment for you."
How do I help alleviate the blood donation shortage today?,"The best way to help is by donating blood as soon as possible. If you're near San Pablo City, visit #1 Rizal Avenue, Brgy. VII-C, San Pablo City. We can arrange an appointment for you."
How can I quickly donate blood for someone in urgent need?,"To donate blood quickly, head to your nearest Red Cross donation center. If you're near San Pablo City, visit #1 Rizal Avenue, Brgy. VII-C. Let us know if you'd like us to set an appointment for you."
How do I donate blood for a person in critical condition?,"You can donate blood at an authorized center. If you're near San Pablo City, we can schedule an appointment for you at #1 Rizal Avenue, Brgy. VII-C."
Can I donate blood urgently for someone’s life-threatening condition?,"Yes, but blood donations must go through proper screening. If you are in San Pablo City, you can donate at #1 Rizal Avenue, Brgy. VII-C. We can set up an appointment for you."
How can I make my blood donation as fast as possible?,"To speed up the process, make sure you meet the donation requirements, eat a light meal, and stay hydrated. If you're near San Pablo City, we can schedule an appointment for you at #1 Rizal Avenue, Brgy. VII-C."
How do I help donate blood for a medical emergency?,"The best way is to visit a Red Cross blood donation center. If you're near San Pablo City, you can donate at #1 Rizal Avenue, Brgy. VII-C. Let us know if you need an appointment."
What’s the quickest way to donate blood?,"Visit a Red Cross blood center during operating hours. If you're near San Pablo City, go to #1 Rizal Avenue, Brgy. VII-C. We can assist with scheduling."
How can I donate blood as soon as possible for a patient in need?,"Head to your nearest Red Cross donation center. If you’re in San Pablo City, you can donate at #1 Rizal Avenue, Brgy. VII-C. We can arrange an appointment for you."
Can I donate blood for a critically ill patient in need of urgent help?,"Yes, but all donors must pass eligibility screening. If you’re in San Pablo City, visit #1 Rizal Avenue, Brgy. VII-C, and we can schedule an appointment for you."
How do I donate blood for an urgent case in a timely manner?,"The fastest way is to visit your nearest Red Cross center. If you’re near San Pablo City, you can donate at #1 Rizal Avenue, Brgy. VII-C. We can set an appointment for you."
What is the fastest way to donate blood for a critical patient?,"Go to the nearest Red Cross blood center. If you're in San Pablo City, we can book an appointment for you at #1 Rizal Avenue, Brgy. VII-C."
Where can I donate blood quickly for an emergency?,"If you’re in San Pablo City, visit #1 Rizal Avenue, Brgy. VII-C. We can arrange an appointment for you."
Where is blood urgently needed for donation right now?,"There is always a demand for blood donations. If you're in San Pablo City, you can donate at #1 Rizal Avenue, Brgy. VII-C."
How do I donate blood immediately for an emergency case?,"Visit the nearest Red Cross donation center. If you're in San Pablo City, you can donate at #1 Rizal Avenue, Brgy. VII-C."
Where can I donate blood for a life-threatening situation?,"If you are near San Pablo City, the donation center is located at #1 Rizal Avenue, Brgy. VII-C. Let us know if you want an appointment."
Where can I go for emergency blood donation?,"If you're in San Pablo City, you can donate at #1 Rizal Avenue, Brgy. VII-C."
Where are blood donations most urgently needed today?,"Blood is always in demand. If you’re near San Pablo City, we can schedule your donation at #1 Rizal Avenue, Brgy. VII-C."
Where can I donate blood for someone in critical condition today?,"If you’re near San Pablo City, you can donate at #1 Rizal Avenue, Brgy. VII-C."
Where can I help with an urgent blood donation need?,"If you’re in San Pablo City, visit #1 Rizal Avenue, Brgy. VII-C. We can schedule your donation."
Where can I go to donate blood urgently?,"If you’re in San Pablo City, donate at #1 Rizal Avenue, Brgy. VII-C."
Where is immediate blood donation required for patients in need?,"Blood donation is always needed. If you're near San Pablo City, we can set an appointment at #1 Rizal Avenue, Brgy. VII-C."
"Someone urgently needs blood, where can I donate?","If you're in San Pablo City, donate at #1 Rizal Avenue, Brgy. VII-C."
Where can I donate blood for an urgent situation?,"If you're near San Pablo City, you can donate at #1 Rizal Avenue, Brgy. VII-C."
Is there a crisis requiring blood donations at the moment?,"Blood donation is always essential. If you’re in San Pablo City, you can donate at #1 Rizal Avenue, Brgy. VII-C."
Where is blood donation needed the most right now?,"Blood is always needed. If you’re in San Pablo City, you can donate at #1 Rizal Avenue, Brgy. VII-C."
Can I donate blood for someone in urgent need of care?,"Yes, as long as you meet the eligibility requirements. If you're in San Pablo City, we can schedule your donation at #1 Rizal Avenue, Brgy. VII-C."
How can I make a timely difference with my blood donation?,"By donating at the nearest Red Cross center. If you're in San Pablo City, visit #1 Rizal Avenue, Brgy. VII-C."
How do I locate a blood donation center for urgent needs?,"If you’re near San Pablo City, you can donate at #1 Rizal Avenue, Brgy. VII-C."
Where can I donate blood for an immediate emergency?,"If you're in San Pablo City, we can schedule your donation at #1 Rizal Avenue, Brgy. VII-C."
Where can I provide blood for urgent medical cases?,"If you're near San Pablo City, you can donate at #1 Rizal Avenue, Brgy. VII-C."
Can I donate blood to assist someone in a critical situation?,"Yes, as long as you meet the eligibility requirements. If you're in San Pablo City, we can schedule an appointment at #1 Rizal Avenue, Brgy. VII-C."
How do I know where blood is most needed right now?,"Blood is always in demand. If you're near San Pablo City, you can donate at #1 Rizal Avenue, Brgy. VII-C."
Can I donate blood for an emergency that could save lives?,"Yes! If you're in San Pablo City, we can help you donate at #1 Rizal Avenue, Brgy. VII-C."
Can I donate blood for a situation that requires immediate action?,"Yes, and you can do so at the nearest Red Cross center. If you’re in San Pablo City, donate at #1 Rizal Avenue, Brgy. VII-C."
How soon can I donate blood for an urgent case?,"As soon as you pass the eligibility requirements. If you're near San Pablo City, we can schedule your donation at #1 Rizal Avenue, Brgy. VII-C."
Can I donate blood for a critically ill patient?,"Yes, as long as you meet the eligibility criteria. If you're in San Pablo City, we can book an appointment for you at #1 Rizal Avenue, Brgy. VII-C."
Can I contribute blood to an emergency situation?,"Yes! If you're in San Pablo City, you can donate at #1 Rizal Avenue, Brgy. VII-C."
Is there a pressing need for blood donations right now?,"Blood is always needed. If you're near San Pablo City, you can donate at #1 Rizal Avenue, Brgy. VII-C."
Is there a current shortage of blood donations?,"Blood supply is always in demand. If you're in San Pablo City, consider donating at #1 Rizal Avenue, Brgy. VII-C."
Is there a blood emergency today that requires donors?,"Blood donations are always important. If you're in San Pablo City, you can donate at #1 Rizal Avenue, Brgy. VII-C."
Are there any urgent blood donation events nearby?,"If you're near San Pablo City, you can donate at #1 Rizal Avenue, Brgy. VII-C. Let us know if you want to set an appointment."
Where is blood donation most needed at the moment?,"Blood is needed everywhere, but if you're in San Pablo City, you can donate at #1 Rizal Avenue, Brgy. VII-C."
What is the current demand for blood donations?,"The demand is always high. If you're in San Pablo City, you can donate at #1 Rizal Avenue, Brgy. VII-C."
Where is blood urgently required today?,"Blood is needed every day. If you're in San Pablo City, you can donate at #1 Rizal Avenue, Brgy. VII-C."
Can I assist in resolving the current blood shortage?,"Yes! The best way to help is by donating. If you're in San Pablo City, we can set an appointment for you at #1 Rizal Avenue, Brgy. VII-C."
How can I donate blood for an urgent medical need?,"You can visit a Red Cross center near you. If you're in San Pablo City, you can donate at #1 Rizal Avenue, Brgy. VII-C."
How can I donate blood as quickly as possible?,"Be prepared by meeting eligibility requirements and visiting a donation center. If you're in San Pablo City, we can schedule an appointment for you at #1 Rizal Avenue, Brgy. VII-C."
How do I donate blood for someone in critical condition?,"Visit the nearest blood donation center. If you're near San Pablo City, you can donate at #1 Rizal Avenue, Brgy. VII-C."
How do I contribute blood for a life-threatening situation?,"By donating at a certified blood donation center. If you're in San Pablo City, you can donate at #1 Rizal Avenue, Brgy. VII-C."
How can I make a blood donation for an emergency?,"You can donate blood at the nearest Red Cross blood donation center. If you are near San Pablo City, you can go to #1 Rizal Avenue, Brgy. VII-C, San Pablo City. We can set an appointment for you."
What is the fastest way to donate blood?,"The fastest way to donate blood is by going to a Red Cross blood donation center. If you're near San Pablo City, you may visit #1 Rizal Avenue, Brgy. VII-C, San Pablo City. We can arrange an appointment for you."
How do I donate blood for a person in need right away?,"You can donate blood at a Red Cross blood center. If you're in or near San Pablo City, visit #1 Rizal Avenue, Brgy. VII-C, San Pablo City. We can help set an appointment."
Can I donate blood for a patient in need of urgent care?,"Yes, you can donate blood. If you’re in San Pablo City, visit #1 Rizal Avenue, Brgy. VII-C, San Pablo City. Let us know if you'd like to set an appointment."
Can I help with an emergency blood donation situation?,"Yes, if you meet the eligibility criteria, you can donate blood. If you're in San Pablo City, you may visit #1 Rizal Avenue, Brgy. VII-C, San Pablo City. We can arrange an appointment for you."
Can I donate blood in an urgent situation?,"Yes, you can. If you're near San Pablo City, visit #1 Rizal Avenue, Brgy. VII-C, San Pablo City. We can assist you in setting an appointment."
Where can I urgently donate blood?,"You can donate blood at a Red Cross blood center. If you are in San Pablo City, you may go to #1 Rizal Avenue, Brgy. VII-C, San Pablo City. Let us know if you want to schedule an appointment."
Where can I donate blood for a critically ill patient?,"Blood donations can be made at Red Cross blood centers. If you are near San Pablo City, visit #1 Rizal Avenue, Brgy. VII-C, San Pablo City. We can set an appointment for you."
Where do I go to donate blood in an emergency?,"If you are near San Pablo City, you can donate blood at #1 Rizal Avenue, Brgy. VII-C, San Pablo City. Would you like to set an appointment?"
Where can I donate blood for someone who urgently needs it?,"You can donate at a Red Cross center. If you're close to San Pablo City, visit #1 Rizal Avenue, Brgy. VII-C, San Pablo City. Let us know if you want an appointment."
Where can I donate blood for an urgent medical case?,"You can donate blood at a Red Cross blood donation center. If you are near San Pablo City, head to #1 Rizal Avenue, Brgy. VII-C, San Pablo City. Would you like us to schedule an appointment?"
Where can I donate blood today for someone in need?,"If you are near San Pablo City, you can donate at #1 Rizal Avenue, Brgy. VII-C, San Pablo City. We can arrange an appointment for you."
Where is immediate blood donation required?,"Blood donations are always needed at Red Cross centers. If you’re in San Pablo City, you can visit #1 Rizal Avenue, Brgy. VII-C, San Pablo City. Let us know if you need an appointment."
Where can I donate blood for an emergency today?,"You can go to the nearest Red Cross center. If you're in San Pablo City, visit #1 Rizal Avenue, Brgy. VII-C, San Pablo City. We can help set an appointment."
Where can I donate blood without delay?,"You can visit a Red Cross center for immediate blood donation. If you're in San Pablo City, head to #1 Rizal Avenue, Brgy. VII-C, San Pablo City. We can assist in booking an appointment."
Where is blood most urgently required today?,"Red Cross centers always need donations. If you're near San Pablo City, visit #1 Rizal Avenue, Brgy. VII-C, San Pablo City. Let us know if you need an appointment."
Someone needs blood urgently!,"You can donate at a Red Cross center. If you are in San Pablo City, visit #1 Rizal Avenue, Brgy. VII-C, San Pablo City. We can help schedule an appointment."
Where can I donate for an emergency?,"You can donate at a Red Cross blood center. If you’re in San Pablo City, you may visit #1 Rizal Avenue, Brgy. VII-C, San Pablo City. Would you like to book an appointment?"
Where can I donate blood urgently?,"For urgent blood donation, visit a Red Cross center. If you’re near San Pablo City, go to #1 Rizal Avenue, Brgy. VII-C, San Pablo City. We can assist with an appointment."
"I need to donate blood for an emergency, where do I go?","If you're near San Pablo City, you may donate at #1 Rizal Avenue, Brgy. VII-C, San Pablo City. Let us know if you’d like to set an appointment."
Is there an urgent need for blood donations?,"Yes, blood is always needed. If you're eligible, you can donate at #1 Rizal Avenue, Brgy. VII-C, San Pablo City. We can arrange an appointment for you."
How can I donate blood immediately?,"Visit a Red Cross donation center. If you're near San Pablo City, go to #1 Rizal Avenue, Brgy. VII-C, San Pablo City. Let us know if you need an appointment."
Is there a blood donation crisis right now?,"Blood is always in demand. If you wish to donate, you can visit #1 Rizal Avenue, Brgy. VII-C, San Pablo City. We can arrange an appointment for you."
Where are blood donations needed urgently?,"Red Cross centers always need donations. If you’re near San Pablo City, go to #1 Rizal Avenue, Brgy. VII-C, San Pablo City. Let us know if you'd like an appointment."
How can I donate blood for an emergency case?,"If you're near San Pablo City, you may donate at #1 Rizal Avenue, Brgy. VII-C, San Pablo City. We can help set up an appointment for you."
Can I donate blood if someone urgently needs it?,"Yes, you can donate blood if you meet the eligibility requirements. If you're near San Pablo City, visit #1 Rizal Avenue, Brgy. VII-C, San Pablo City. We can help set an appointment."
Is there a way to donate blood quickly?,"The fastest way is to visit a Red Cross donation center. If you're in San Pablo City, head to #1 Rizal Avenue, Brgy. VII-C, San Pablo City. Let us know if you'd like to book an appointment."
Where can I donate blood in an emergency?,"You can donate at a Red Cross center. If you're near San Pablo City, visit #1 Rizal Avenue, Brgy. VII-C, San Pablo City. We can assist in scheduling an appointment."
Can I donate blood for an urgent patient?,"Yes, as long as you meet the eligibility criteria. If you're in San Pablo City, visit #1 Rizal Avenue, Brgy. VII-C, San Pablo City. We can arrange an appointment for you."
How do I donate blood for a patient in critical condition?,"You can donate at a Red Cross blood center. If you're near San Pablo City, go to #1 Rizal Avenue, Brgy. VII-C, San Pablo City. Let us know if you’d like to schedule an appointment."
Where is blood needed urgently?,"Blood is always needed at Red Cross donation centers. If you're near San Pablo City, visit #1 Rizal Avenue, Brgy. VII-C, San Pablo City. We can help schedule an appointment."
Can I donate blood on short notice?,"Yes, you can visit a Red Cross center for donation. If you're in San Pablo City, go to #1 Rizal Avenue, Brgy. VII-C, San Pablo City. Let us know if you'd like to set an appointment."
Where are blood donors most needed?,"Blood donors are always needed at Red Cross centers. If you're in San Pablo City, visit #1 Rizal Avenue, Brgy. VII-C, San Pablo City. We can assist in setting an appointment."
Is there a blood shortage?,"Blood is always in demand. If you'd like to donate, you can visit #1 Rizal Avenue, Brgy. VII-C, San Pablo City. We can help arrange an appointment for you."
How do I find an urgent blood donation center?,"If you're near San Pablo City, you can donate blood at #1 Rizal Avenue, Brgy. VII-C, San Pablo City. We can set an appointment for you."
Where can I help with an emergency blood donation?,"You can donate at a Red Cross blood center. If you're in San Pablo City, visit #1 Rizal Avenue, Brgy. VII-C, San Pablo City. Let us know if you'd like an appointment."
Can I donate blood for an immediate need?,"Yes, you can donate blood if you meet the eligibility requirements. If you're near San Pablo City, head to #1 Rizal Avenue, Brgy. VII-C, San Pablo City. We can arrange an appointment for you."
Where can I donate blood for an urgent case?,"You may donate blood at a Red Cross center. If you're near San Pablo City, visit #1 Rizal Avenue, Brgy. VII-C, San Pablo City. Let us know if you want an appointment."
How soon can I donate blood for an emergency?,"You can donate as soon as you meet the eligibility requirements. If you're in San Pablo City, visit #1 Rizal Avenue, Brgy. VII-C, San Pablo City. We can help schedule an appointment."
Can I help with an urgent blood shortage?,"Yes, your blood donation can help save lives. If you're near San Pablo City, visit #1 Rizal Avenue, Brgy. VII-C, San Pablo City. We can assist with an appointment."
Where is blood most needed today?,"Blood is always needed at Red Cross centers. If you're near San Pablo City, you can donate at #1 Rizal Avenue, Brgy. VII-C, San Pablo City. Let us know if you need an appointment."
Can I donate blood for a life-saving emergency?,"Yes, you can donate at a Red Cross blood center. If you're near San Pablo City, visit #1 Rizal Avenue, Brgy. VII-C, San Pablo City. We can help set an appointment."
Where can I donate blood today for urgent needs?,"If you're near San Pablo City, you may donate at #1 Rizal Avenue, Brgy. VII-C, San Pablo City. Let us know if you'd like an appointment."
How can I donate for an emergency situation?,"You can donate at a Red Cross center. If you're in San Pablo City, go to #1 Rizal Avenue, Brgy. VII-C, San Pablo City. We can arrange an appointment for you."
What’s the fastest way to donate blood?,"The quickest way is to visit a Red Cross blood center. If you're near San Pablo City, head to #1 Rizal Avenue, Brgy. VII-C, San Pablo City. Let us know if you need an appointment."
Can I donate blood in an urgent situation?,"Yes, you can donate at a Red Cross center. If you're in San Pablo City, visit #1 Rizal Avenue, Brgy. VII-C, San Pablo City. We can help schedule an appointment."
Where do I donate blood for a critical patient?,"You may donate at a Red Cross blood center. If you're near San Pablo City, go to #1 Rizal Avenue, Brgy. VII-C, San Pablo City. We can assist in scheduling an appointment."
How can I make a difference with my blood donation urgently?,"By donating blood, you can help save lives. If you're near San Pablo City, visit #1 Rizal Avenue, Brgy. VII-C, San Pablo City. Let us know if you need an appointment."
Are there urgent blood drives in my area?,"You can donate at a Red Cross blood center. If you're in San Pablo City, visit #1 Rizal Avenue, Brgy. VII-C, San Pablo City. We can assist in scheduling an appointment."
Where can I donate blood immediately for an emergency?,"If you're near San Pablo City, you can donate at #1 Rizal Avenue, Brgy. VII-C, San Pablo City. We can help set an appointment for you."
Can I donate blood if it’s urgent?,"Yes, you can donate blood even if it’s urgent. If you are eligible, you may proceed to donate as soon as possible. Would you like to set an appointment?"
Where are the most urgent blood donation needs?,"Blood donation needs can vary, but if you are near San Pablo City, you can donate at #1 Rizal Avenue, Brgy. VII-C, San Pablo City. We can set an appointment for you."
How do I donate for a patient in critical condition?,"To donate for a specific patient, you need a blood request form from the hospital where the patient is admitted. Bring this form to the Philippine Red Cross Blood Center in San Pablo City, and we can assist you with your donation."
Where are emergency blood donations needed?,"If you are near San Pablo City, you can donate at #1 Rizal Avenue, Brgy. VII-C, San Pablo City. We can arrange an appointment for you."
Can I donate blood for someone in urgent need?,"Yes, but ensure you meet the eligibility criteria. If you have a patient in mind, they may require a specific blood type. We can help you set an appointment."
What are the urgent blood requirements right now?,"Blood requirements change regularly. If you’d like to help, you can donate at the Red Cross Blood Center in San Pablo City. Would you like to schedule an appointment?"
Is there a shortage of blood donations at the moment?,"Blood shortages can occur at different times. If you want to help, we can assist in scheduling your donation."
How can I donate blood for a person in critical condition?,You will need a blood request form from the hospital. Bring it to the Philippine Red Cross Blood Center in San Pablo City to proceed with the donation.
Where is blood urgently needed?,"If you live near San Pablo City, you can donate at #1 Rizal Avenue, Brgy. VII-C. We can assist you in setting up an appointment."
How can I make a donation for an emergency case?,"To donate for an emergency, visit a recognized blood donation center. If you are near San Pablo City, we can help arrange an appointment for you."
Can I help with an emergency blood need?,"Yes! If you meet the eligibility criteria, you can donate at the Philippine Red Cross Blood Center in San Pablo City. Would you like to book an appointment?"
How do I contribute blood in urgent situations?,"The best way is to visit an authorized blood donation center. If you’re near San Pablo City, you can donate at #1 Rizal Avenue. We can set an appointment for you."
Where can I donate blood for an urgent cause?,"If you are near San Pablo City, visit the Philippine Red Cross Blood Center at #1 Rizal Avenue. Let us know if you want to schedule a donation."
Is there a blood emergency today?,"Blood emergencies arise frequently. If you want to help, we can guide you on how to donate."
Can I donate blood for an emergency patient?,"Yes, as long as you meet the eligibility criteria. If you need to donate for a specific patient, bring a request form from the hospital to the Red Cross Blood Center."
How do I know where blood donations are urgently needed?,"Urgent blood needs vary. However, if you are near San Pablo City, you can donate at the Red Cross Blood Center. We can assist with an appointment."
Where can I help donate blood immediately?,"If you’re near San Pablo City, visit the Philippine Red Cross Blood Center at #1 Rizal Avenue. Let us know if you’d like to set up an appointment."
Can I give blood urgently for a life-threatening situation?,"Yes, if you are eligible. If donating for a specific patient, bring a request form from their hospital to the Red Cross Blood Center."
How can I donate blood to help alleviate the shortage?,You can donate blood by scheduling an appointment at the Philippine Red Cross Blood Center in San Pablo City.
Where can I donate blood during the shortage?,"If you are near San Pablo City, you can donate at #1 Rizal Avenue. Would you like to schedule a donation?"
How can I locate a blood donation center during the shortage?,"If you are in San Pablo City, the Red Cross Blood Center is at #1 Rizal Avenue. We can help set up an appointment for you."
Is there an urgent need for blood donors today?,"Blood donation is always needed. If you are interested in donating, we can help you schedule a donation at the Philippine Red Cross Blood Center."
What is causing the blood shortage at the moment?,"Blood shortages can occur due to high demand, seasonal declines in donations, or emergencies. You can help by donating blood."
How does the blood shortage impact hospitals and healthcare providers?,"Blood shortages can lead to delayed treatments, especially for patients needing transfusions. Donating blood helps save lives."
How does a blood shortage affect patient care in medical facilities?,Patients requiring transfusions may experience delays if there is a shortage. Donating blood ensures a steady supply for those in need.
Why do blood shortages tend to occur during certain times of the year?,"Shortages happen during holidays, vacations, and emergency situations when fewer people donate. Your donation can help."
How do blood centers handle shortages effectively?,"They encourage more donors, hold blood drives, and manage supplies efficiently. You can contribute by donating."
What strategies are being used to address the blood shortage?,"Blood centers increase awareness, host drives, and seek more donors. You can help by donating."
How do blood donation organizations deal with shortages?,They seek urgent donors and run awareness campaigns. You can help by donating at an authorized center.
What are the measures being taken to resolve the blood shortage?,Encouraging more donors and organizing donation events. You can contribute by donating.
What steps are being taken to combat the ongoing blood shortage?,Recruiting more donors and improving donation accessibility. Your donation can help save lives.
What is the status of the blood supply at this moment?,"Blood supply changes frequently. If you want to help, we can assist with an appointment for donation."
How are blood donations faring at present?,"Blood donations are always needed. If you’d like to donate, we can help schedule an appointment."
Is there still a shortage of blood after the holidays?,"Yes, shortages can persist after holidays. If you want to donate, we can set up an appointment."
Where are blood donations most needed during a shortage?,"If you are near San Pablo City, you can donate at the Red Cross Blood Center."
What regions are seeing the greatest strain on their blood supplies?,"Blood shortages vary, but you can donate locally to make an impact."
How can I help solve the blood shortage problem?,By donating blood and encouraging others to do the same. We can help you set an appointment.
What actions can I take to assist with the blood shortage?,You can donate blood or spread awareness.
How can I support efforts to reduce the blood shortage nationwide?,By donating regularly and educating others.
What can I do to make a difference during the blood shortage crisis?,By becoming a donor. We can assist in scheduling your donation.
What steps can I take to help ease blood shortages?,"You can help by donating blood, encouraging others to donate, and spreading awareness about the importance of blood donation. Would you like to set an appointment to donate blood?"
How can I contribute to resolving the current blood shortage?,The best way to help is by donating blood if you are eligible. You can also support by raising awareness and encouraging others to donate. Would you like to schedule an appointment to donate blood?
What are the most effective ways to help during a blood shortage?,"Donating blood is the most direct way to help during a shortage. You can also volunteer, advocate for blood donation, or organize donation drives. Would you like to make an appointment to donate?"
How can I aid the efforts to mitigate the blood shortage?,"You can aid by donating blood, bringing awareness to others, and encouraging friends and family to donate. If you’re interested, we can schedule an appointment for you."
Where should I donate to address the blood shortage?,"If you live near San Pablo City, you can donate at #1 Rizal Avenue, Brgy. VII-C, San Pablo City. We can set an appointment for you at this center."
How is the blood shortage affecting patients who need it?,"Blood shortages can delay critical surgeries, cancer treatments, and emergency procedures. It is crucial to donate regularly to maintain supply levels."
Which blood types are currently in short supply?,"Blood type shortages vary, but O-negative is often in high demand since it is a universal donor type. Would you like to check if your blood type is urgently needed?"
Which specific blood types are urgently needed?,"Generally, O-negative and A-negative are among the most needed, but all blood types are valuable. If you’re eligible, would you like to donate blood?"
Are certain blood types more in demand than others?,"Yes, O-negative is often the most in demand as it can be used for emergency transfusions. However, all blood types are essential for maintaining a stable supply."
Which blood type has the greatest shortage right now?,"The most needed blood type varies, but O-negative is always in high demand. Would you like to donate to help address the shortage?"
Is my blood type urgently needed for donation?,"All blood types are needed, but urgent demands depend on current supply levels. If you're eligible, your donation would be valuable. Would you like to set an appointment?"
Are we currently experiencing a blood shortage?,Blood shortages occur when demand is higher than supply. It’s always beneficial to donate to maintain blood reserves. Would you like to contribute by donating blood?
Is there a lack of blood donations at this time?,"Blood supply levels fluctuate, but consistent donations are necessary to prevent shortages. Would you like to schedule a donation?"
What are the reasons behind the blood shortage?,"Blood shortages happen due to seasonal declines, increased demand, and fewer donors. Regular blood donations help maintain stable supplies."
Why is there insufficient blood supply right now?,"Shortages can occur due to increased hospital demand, fewer donors, or logistical issues. Your donation can help address the current need."
How significant is the ongoing blood shortage?,"Blood shortages vary in severity, but every donation makes a difference. Would you like to donate blood to help replenish the supply?"
How long has the blood supply been in shortage?,Blood shortages can last days to months depending on demand and donor response. Consistent donations help prevent prolonged shortages.
How long do shortages in blood supply generally persist?,"It depends on donor turnout and hospital needs. The more people donate, the faster the shortage is resolved."
What factors contribute to the shortage of blood?,"Shortages occur due to seasonal declines, emergencies, and reduced donor turnout. Regular donations help prevent these shortages."
Is there a shortage of blood on a national scale?,Blood shortages can happen regionally or nationally depending on demand and donor rates. Would you like to contribute by donating blood?
Are there any local shortages of blood donations?,Local shortages happen when demand exceeds supply. Regular donations ensure a steady supply for patients in need.
How urgent is the need for blood donations?,"The need for blood is always urgent, especially for emergencies and critical care patients. Would you like to schedule an appointment?"
Can I donate blood to help with the current shortage?,"Yes! If you meet the eligibility criteria, your donation can help save lives. Would you like to book an appointment now?"
Where can I locate blood donation centers during a shortage?,"If you are near San Pablo City, you can donate at #1 Rizal Avenue, Brgy. VII-C, San Pablo City. We can set an appointment for you."
Is it possible to donate blood during a shortage?,"Yes! Blood donations are especially important during shortages. If you’re eligible, would you like to make an appointment?"
Is there an immediate need for blood donors today?,"Yes, blood is always needed to ensure a steady supply. Would you like to schedule a donation today?"
Why is there a limited supply of blood right now?,The supply depends on donations and hospital needs. A decline in donors often leads to shortages.
How does the blood shortage impact hospitals and clinics?,Hospitals may face delays in surgeries and treatments when blood supply is low. Regular donations ensure that patients receive the care they need.
What is the effect of the blood shortage on patient care?,"Blood shortages can delay life-saving treatments, surgeries, and emergency care. Your donation can make a difference."
Why do blood shortages occur at certain times of the year?,"Holidays, summer, and flu season often result in fewer donors, leading to shortages."
How are blood donation centers handling shortages?,Blood donation centers encourage more donations through awareness campaigns and urgent donor calls.
What actions are being taken to resolve the blood shortage?,"Efforts include donor drives, awareness campaigns, and urging regular donors to return."
How do blood donation organizations manage blood shortages?,"They promote donations, maintain inventory, and reach out to eligible donors to help replenish supply."
What measures are being implemented to address the ongoing blood shortage?,"Encouraging donations, running blood drives, and raising awareness are key measures."
What is being done to counteract the blood shortage?,"Donor recruitment efforts, urgent calls for donations, and mobile blood drives are being organized."
What is the current condition of the blood supply?,"Blood supply fluctuates, but donations are always needed to maintain adequate levels."
How are the blood donation levels right now?,"Levels vary, but consistent donations are required to keep up with patient demand."
Is there still a blood shortage after the holidays?,"Holidays often lead to reduced donations, so post-holiday periods may still require more donors."
Where is blood most critically needed during a shortage?,"Emergency rooms, surgery units, and cancer treatment centers often need the most blood."
What areas are experiencing the greatest strain on their blood supply?,High-demand medical facilities and emergency response units are often the most affected.
How can I assist in addressing the blood shortage?,"You can donate blood, encourage others, and spread awareness. Would you like to set an appointment?"
What can I do to help alleviate blood shortages?,Donating blood is the best way to help. Would you like to make an appointment?
How can I contribute to solving the national blood shortage?,Regular donations are key. Would you like to check your eligibility to donate?
How can I make a significant impact during this blood shortage?,By donating and encouraging others to do the same. Would you like to book an appointment?
What are the ways I can donate to ease blood shortages?,"You can donate whole blood, plasma, or platelets. Would you like to schedule a donation?"
How can I best help with the ongoing blood shortage?,Blood donation is the best way. Would you like to schedule a donation?
How can I support the blood donation efforts during this shortage?,Donating and spreading awareness are great ways to help.
What can I contribute to help with blood shortages?,Your donation can save lives. Would you like to donate blood?
Where can I donate to help manage the blood shortage?,"If you're near San Pablo City, donate at #1 Rizal Avenue. We can set an appointment."
How is the blood shortage affecting patients' needs?,"Patients may experience delays in treatment, making blood donations crucial."
Which blood types are in short supply right now?,"All blood types are important, and every donation helps save lives. If you’re eligible, consider donating to support those in need."
What blood types are urgently needed?,"All blood types are important, and donations are always needed. Would you like to donate now?"
Are there shortages of specific blood types?,"Every blood type plays a crucial role in saving lives. If you’re eligible, would you like to donate blood today?"
Which blood type is currently the most needed?,"Blood demand varies, but all types are essential for patient care. Would you like to donate now?"
Is my blood type in high demand at this time?,There is always a need for all blood types to maintain a stable supply. Would you like to make a donation?
Is there currently a shortage of blood donors?,All blood types are valuable in medical emergencies. Would you like to contribute by donating today?
Are we facing a blood shortage at the moment?,Blood donors are always needed to maintain a steady supply. Would you like to donate now?
What causes blood shortages?,Blood shortages can happen at any time due to increased demand. Would you like to donate blood today?
Why is there a lack of blood donations?,"Blood shortages happen due to increased demand, fewer donations, or emergencies requiring large amounts of blood."
How severe is the existing blood shortage?,"Many factors contribute to low donations, including seasonal changes, lack of awareness, and medical ineligibility."
How long has the blood supply been limited?,"Blood availability fluctuates, but donations are always crucial. Would you like to donate now?"
How long do blood shortages typically last?,"Blood supply levels change often, and consistent donations are needed to prevent shortages. Would you like to help by donating?"
What factors are contributing to the blood shortage?,It depends on the donation rates and patient needs. You can help by donating blood today!
Is there a nationwide blood shortage?,"Low donor turnout, emergencies, and increased medical demand all contribute to blood shortages."
Are blood shortages occurring locally?,"Blood demand varies by location, but donations are always needed. Would you like to donate now?"
How critical is the demand for blood donations?,Blood donations are essential to saving lives every day. Would you like to contribute?
Is there a shortage of blood donors?,"Yes, more donors are always needed to maintain a stable blood supply. Would you like to donate today?"
Is there a shortage of blood right now?,"Blood shortages can occur anytime, so donations are always important. Would you like to donate now?"
What blood types are in short supply?,All blood types are necessary. Would you like to donate and help maintain a healthy supply?
Why is there a blood shortage?,"Blood shortages happen due to increased demand, seasonal declines in donations, or emergency cases."
How can I help with the blood shortage?,The best way to help is by donating blood. Would you like to make an appointment?
Which blood types are needed urgently?,Every blood type is crucial for patients in need. Would you like to donate today?
Is there a blood shortage in my area?,"Blood needs vary, but donations are always needed. Would you like to schedule an appointment?"
How long has the blood shortage been going on?,Blood shortages occur when donations decrease. Would you like to help by donating?
What can I do to help with blood shortages?,You can help by donating blood. Would you like to schedule an appointment?
Are there any blood type shortages?,Every blood type is needed to maintain a stable supply. Would you like to donate today?
What blood type is most needed right now?,All blood types matter in saving lives. Would you like to donate?
How do I donate to help with blood shortages?,"You can donate at the nearest center. If you’re near San Pablo City, visit #1 Rizal Avenue, Brgy. VII-C. We can set an appointment for you."
Is there a need for blood donors today?,"Yes, blood is always needed. Would you like to donate today?"
How serious is the current blood shortage?,"Blood availability fluctuates, and donations are always crucial. Would you like to donate?"
Can I donate blood if there is a shortage?,Yes! Donations are always needed. Would you like to schedule an appointment?
What’s the current status of blood supplies?,"Blood supplies fluctuate, and regular donations help maintain availability. Would you like to donate today?"
Why do we have blood shortages?,Blood shortages happen due to high demand and low donor turnout. Would you like to help by donating?
How can I help with the national blood shortage?,The best way to help is by donating blood. Would you like to schedule an appointment?
Is my blood type in demand right now?,All blood types are valuable in medical treatments. Would you like to donate?
How can I make a difference during a blood shortage?,You can help by donating blood. Would you like to book an appointment now?
Are there any emergency blood shortages?,"Emergency shortages can happen, so donations are always important. Would you like to donate?"
What’s the current situation with blood donations?,"Blood donation levels change frequently, and more donors are always needed. Would you like to donate?"
Where are blood shortages being felt most?,"Blood shortages can happen anywhere, and every donation helps. Would you like to donate today?"
Why is blood in short supply right now?,Increased demand and low donor turnout contribute to blood shortages. Would you like to donate?
How can I donate to help the blood shortage?,"You can donate at the nearest center. If you’re near San Pablo City, visit #1 Rizal Avenue, Brgy. VII-C. We can set an appointment for you."
What’s the best way to help with the blood shortage?,The best way to help is by donating blood. Would you like to donate today?
How serious is the need for blood donations?,Blood donations are always needed. Would you like to donate and help save lives?
Is there a shortage of blood donations nationwide?,"Blood needs vary, but donations are always essential. Would you like to donate?"
What is causing the blood shortage?,"Low donor turnout, emergencies, and seasonal declines contribute to blood shortages."
Where can I donate to help with the blood shortage?,"If you’re near San Pablo City, visit #1 Rizal Avenue, Brgy. VII-C. We can set an appointment for you."
How does a blood shortage affect patients?,A shortage can delay medical treatments and surgeries. Would you like to donate blood?
How long do blood shortages usually last?,Blood shortages vary based on donations and medical demand. Would you like to donate?
Is there a blood shortage in my country?,"Blood shortages can happen anytime, so donations are always needed. Would you like to donate?"
How do blood donation centers manage shortages?,Centers rely on consistent donors to maintain supply levels. Would you like to contribute?
How can I find blood donation centers during a shortage?,"If you live near San Pablo City, you can donate at #1 Rizal Avenue, Brgy. VII-C, San Pablo City. We can set an appointment for you. Would you like to proceed?"
What steps are being taken to address the blood shortage?,The Red Cross continuously organizes blood drives and encourages eligible donors to donate. You can help by donating blood. Would you like to set an appointment?
Is there a local blood shortage?,"All blood types are important. If you’re willing to donate, we can set an appointment for you at #1 Rizal Avenue, Brgy. VII-C, San Pablo City."
Where is blood most needed during a shortage?,"Blood is needed in hospitals and emergency situations. If you’d like to help, we can arrange an appointment for you to donate."
Can I donate blood to help with shortages?,"Yes! Blood donation is a great way to help. If you meet the eligibility requirements, we can set an appointment for you."
Is blood still in shortage after the holidays?,"Blood demand is high year-round. If you want to donate, we can schedule an appointment for you."
What’s being done to combat the blood shortage?,The Red Cross conducts blood donation drives and encourages donors to give regularly. Would you like to schedule a donation?
How can I help during a blood shortage?,"You can help by donating blood. If you’re eligible, we can set an appointment for you."
Why does blood go into shortage at certain times?,"Shortages happen due to high demand and fewer donations during certain seasons. If you want to help, we can arrange a donation appointment for you."
Where do blood shortages happen most?,Shortages affect hospitals and trauma centers the most. Your donation can help. Would you like to schedule an appointment?
What can be done to fix the blood shortage?,"Regular blood donation is the best solution. If you’re interested, we can set an appointment for you."
How does the blood shortage affect hospitals?,It can delay surgeries and treatments. Your donation can save lives. Would you like to set an appointment?
What can I donate to help blood shortages?,"You can donate whole blood or plasma. If you’d like to contribute, we can schedule a donation for you."
Where is the blood supply most strained?,Hospitals and emergency care units experience the most strain. You can help by donating blood. Would you like to set an appointment?
How do blood donation organizations deal with shortages?,"They conduct donation drives and encourage more donors. If you’re eligible, you can help by donating."
What’s the solution to the ongoing blood shortage?,"More blood donations! If you’re interested, we can schedule a donation for you."
How long does a blood shortage usually last?,It varies depending on demand and supply. Would you like to donate and help now?
What kind of training programs does the Red Cross offer?,"The Red Cross offers training in first aid, disaster response, and emergency preparedness."
How can I contribute to the Red Cross’s relief operations?,"You can donate blood, volunteer, or provide financial support."
How can I become involved in the Red Cross’s activities and initiatives?,"You can join as a volunteer, donate blood, or support relief programs."
Where can I find the nearest Red Cross office or center for assistance?,"If you’re near San Pablo City, visit #1 Rizal Avenue, Brgy. VII-C, San Pablo City."
What types of assistance does the Red Cross provide during a disaster?,"The Red Cross provides medical aid, food, shelter, and emergency response services."
What is the Red Cross’s involvement during conflicts or wars?,"The Red Cross provides humanitarian aid, medical support, and helps displaced individuals."
How does the Red Cross support communities during times of need?,"They offer disaster relief, health programs, and blood donation services."
What services are available through the Red Cross to assist people?,"The Red Cross provides emergency aid, blood donation programs, and training services."
What approach does the Red Cross take in addressing health needs during crises?,"They provide medical care, first aid, and emergency response teams."
How does the Red Cross play a role in international disaster relief?,"They deploy teams globally to provide food, water, and medical assistance."
What services does the Red Cross provide to military veterans?,"They offer medical aid, counseling, and emergency financial assistance."
How does the Red Cross support children in emergency situations?,"They provide food, shelter, medical care, and emotional support."
What type of help does the Red Cross provide to refugees?,"They assist with shelter, healthcare, and humanitarian aid"
What type of assistance does the Red Cross offer to communities in need?,"They provide disaster relief, blood donation services, and medical aid."
What aid does the Red Cross offer during humanitarian crises?,"They offer emergency relief, medical assistance, and shelter."
What specific programs are available through the Red Cross?,"Programs include disaster response, blood donation, and first aid training."
How does the Red Cross respond during major emergencies?,"They mobilize response teams, provide medical aid, and distribute relief goods."
What is the best way to get involved with the Red Cross?,"You can volunteer, donate blood, or provide financial support."
How can I offer my time as a volunteer with the Red Cross?,You can sign up as a volunteer at your nearest Red Cross office.
What are the opportunities to volunteer with the Red Cross?,"Opportunities include disaster relief, blood donation assistance, and community outreach."
How do I donate to the Red Cross to support its work?,"You can donate blood, money, or supplies through your local Red Cross chapter."
How can I make a contribution to the Red Cross’s mission?,"You can volunteer, donate funds, or participate in donation drives."
How do I sign up for the Red Cross’s volunteer programs?,You can visit your local Red Cross office to apply as a volunteer.
How do I donate blood through the Red Cross’s blood donation program?,"If you’re near San Pablo City, you can donate at #1 Rizal Avenue, Brgy. VII-C, San Pablo City. Would you like to set an appointment?"
How can I make a financial gift to support the Red Cross’s efforts?,You can visit your local Red Cross chapter or donate through their official channels.
How is the Red Cross involved in supporting healthcare?,"They provide blood donations, medical aid, and disaster response."
In what ways does the Red Cross help hospitals and healthcare systems?,"They supply blood, train medical professionals, and provide emergency services."
How does the Red Cross focus on global health and medical support?,"They offer medical relief, vaccinations, and health programs worldwide."
How does the Red Cross help with health education and services?,"They provide first aid training, disaster response education, and community healthcare programs."
Can the Red Cross assist with urgent medical needs during crises?,"Yes, they provide emergency medical aid and disaster response teams."
How does the Red Cross help when disaster strikes?,"They provide food, shelter, medical aid, and emergency response teams."
What is the Red Cross’s role in responding to emergencies?,"They assist with medical aid, rescue operations, and relief distribution."
How does the Red Cross help during catastrophes or natural disasters?,"They provide shelter, food, medical aid, and humanitarian assistance."
What kind of relief does the Red Cross provide during emergencies?,"The Red Cross provides immediate humanitarian aid, including food, water, medical assistance, shelter, and blood donation services."
How does the Red Cross manage disaster situations and relief efforts?,"The Red Cross mobilizes volunteers, distributes emergency supplies, provides medical aid, and coordinates with local authorities to assist affected communities."
How does the Red Cross intervene in emergency crisis situations?,"We deploy trained response teams, provide first aid, distribute relief goods, and offer medical and psychological support to those in need."
What kind of help does the Red Cross provide during pandemics?,"The Red Cross supports communities by offering health education, blood donation services, medical aid, and assistance to hospitals and frontliners."
How does the Red Cross assist in major humanitarian relief efforts?,"The organization provides food, water, shelter, first aid, and medical services while also supporting long-term recovery efforts."
What type of support does the Red Cross offer during crisis events?,"We offer immediate assistance, including medical aid, psychological support, and relief distribution for those affected by crises."
Could you explain the role of the Red Cross?,"The Red Cross is a humanitarian organization dedicated to disaster response, healthcare assistance, blood donation, and community service."
What is the mission and scope of the Red Cross organization?,"Our mission is to alleviate human suffering by providing emergency relief, health services, and disaster preparedness programs worldwide."
Can you tell me about the work the Red Cross does?,"The Red Cross provides disaster relief, blood donation services, first aid training, and healthcare assistance to those in need."
How does the Red Cross impact communities globally?,"We offer life-saving assistance through blood donation, disaster relief, medical care, and emergency response programs in different countries."
Why is the Red Cross recognized worldwide?,"The Red Cross is known for its humanitarian work, disaster response, and commitment to helping vulnerable communities worldwide."
What is the foundation and origin of the Red Cross?,The Red Cross was founded by Henry Dunant in 1863 to provide impartial humanitarian aid during wartime and disasters.
Where in the world does the Red Cross operate and provide assistance?,"The Red Cross operates in over 190 countries, offering disaster relief, blood services, and healthcare programs."
What are the Red Cross’s guiding principles and objectives?,"The Red Cross follows principles of humanity, impartiality, neutrality, independence, voluntary service, unity, and universality to provide aid."
What is the purpose of the Red Cross’s work in my country?,"The Philippine Red Cross provides disaster relief, blood donation services, healthcare assistance, and community support programs."
What training opportunities does the Red Cross provide?,"The Red Cross offers training in first aid, disaster response, emergency preparedness, and blood donation awareness."
How can I get involved in the Red Cross’s disaster response efforts?,"You can volunteer for disaster response teams, donate blood, or participate in training programs."
How can I participate in Red Cross initiatives?,"You can join as a volunteer, donate blood, or contribute financially to Red Cross programs."
Where can I find the nearest Red Cross center?,"If you live near San Pablo City, you can visit #1 Rizal Avenue, Brgy. VII-C, San Pablo City. Would you like us to set an appointment for you?"
How does the Red Cross provide assistance with disaster relief?,"We deploy emergency teams, provide shelter, distribute relief goods, and offer medical assistance."
What is the Red Cross’s role in times of war?,"The Red Cross provides medical aid, protects civilians, and assists war victims based on humanitarian principles."
How does the Red Cross assist communities in times of need?,"We offer healthcare services, blood donation programs, and disaster relief operations to support affected individuals."
What services can I access through the Red Cross?,"You can receive blood donation services, medical assistance, disaster relief support, and first aid training."
What is the Red Cross’s approach to health education in emergencies?,"We educate communities about disease prevention, first aid, and proper hygiene to promote health and safety."
What is the Red Cross’s involvement in global relief efforts?,"We provide medical aid, emergency relief, and blood donation services in various humanitarian crises worldwide."
How does the Red Cross assist military veterans?,"We provide healthcare support, emergency aid, and community reintegration programs for veterans."
What actions does the Red Cross take to support children in emergencies?,"We offer medical assistance, food, and psychological support to children affected by crises."
How does the Red Cross help refugees?,"We provide shelter, medical care, food, and legal support to displaced individuals."
What kind of support does the Red Cross provide to communities?,"We offer blood donation services, first aid training, disaster relief, and healthcare assistance."
What kinds of aid does the Red Cross deliver?,"The Red Cross provides food, medical assistance, blood donations, shelter, and emergency relief supplies."
What programs does the Red Cross operate?,"Our programs include disaster response, blood donation, first aid training, and community health education."
What is the Red Cross's emergency response initiative?,"The initiative focuses on disaster preparedness, medical aid, and rapid response during emergencies."
How can I contribute to the Red Cross?,"You can donate blood, volunteer your time, or make financial contributions."
How can I volunteer my time to the Red Cross?,"You can sign up as a volunteer and participate in disaster response, blood donation campaigns, or training programs."
What volunteer opportunities does the Red Cross offer?,"We have opportunities in disaster response, blood donation assistance, first aid training, and community outreach."
How can I make a donation to the Red Cross?,You can donate in person at a Red Cross center or through authorized donation channels.
How can I offer my time to support the Red Cross?,You can become a Red Cross volunteer and assist in different programs.
How do I register for Red Cross programs?,You can visit your nearest Red Cross center or register online for available programs.
How can I give blood through the Red Cross?,"You can donate blood at our center. If you’re near San Pablo City, visit #1 Rizal Avenue, Brgy. VII-C, San Pablo City. Would you like us to set an appointment for you?"
How do I make a financial contribution to the Red Cross?,"You can donate through Red Cross branches, bank transfers, or official fundraising events."
How does the Red Cross assist in healthcare support?,"The Red Cross provides essential healthcare services, including blood donation, first aid training, and medical assistance during disasters and emergencies."
In what ways does the Red Cross provide aid to local hospitals?,"The Red Cross supplies hospitals with safe blood donations, supports medical teams, and assists in emergency medical response efforts."
What is the Red Cross’s global approach to health care?,"The Red Cross focuses on disease prevention, emergency medical response, blood donation programs, and health education worldwide."
What health education initiatives does the Red Cross undertake?,"The Red Cross offers training on first aid, hygiene, disease prevention, and disaster preparedness to educate communities."
Can the Red Cross be of assistance in medical emergencies?,"Yes, the Red Cross provides emergency medical aid, ambulance services, and first aid assistance in crisis situations."
How does the Red Cross assist during disasters?,"The Red Cross provides immediate relief such as food, shelter, medical care, and blood donations to affected communities."
What role does the Red Cross play in emergencies?,"We deliver humanitarian aid, coordinate relief efforts, and mobilize volunteers to assist those in need."
How does the Red Cross contribute to natural disaster relief?,"The Red Cross responds by providing emergency supplies, medical support, and assistance in rebuilding communities."
How does the Red Cross respond to needs in the community?,"We offer disaster preparedness programs, blood donation services, and medical assistance to help communities recover."
How does the Red Cross manage disaster relief efforts?,"The Red Cross works with local authorities, distributes emergency supplies, and provides medical and logistical support."
How does the Red Cross provide help in disaster situations?,"We deploy relief teams, supply essential resources, and ensure affected individuals receive proper assistance."
"How does the Red Cross help during public health crises, like a pandemic?","The Red Cross provides medical aid, blood donations, and public health awareness campaigns to prevent disease spread."
In what ways does the Red Cross assist in humanitarian emergencies?,"The Red Cross delivers food, water, medical supplies, and shelter to people affected by crises."
How does the Red Cross offer support during a crisis?,"We provide medical aid, emotional support, and emergency relief items to those impacted."
Can you share some details about the Red Cross?,"The Red Cross is a humanitarian organization dedicated to disaster relief, healthcare, and community assistance."
What is the mission and work of the Red Cross?,"Our mission is to provide lifesaving services, including blood donation, medical aid, and disaster response."
Could you tell me more about the Red Cross's role?,"The Red Cross helps during disasters, provides medical support, and runs blood donation programs."
What is the primary purpose of the Red Cross?,"To provide humanitarian aid, medical assistance, and disaster relief to people in need."
Why is the Red Cross significant to society?,"It plays a vital role in disaster response, healthcare support, and emergency assistance worldwide."
What is the background and history of the Red Cross?,The Red Cross was founded to provide humanitarian aid and medical care during times of crisis and disaster.
In which locations does the Red Cross provide aid?,"The Red Cross operates globally, offering assistance wherever humanitarian help is needed."
What are the goals of the Red Cross’s mission?,"To provide emergency relief, blood donations, healthcare support, and disaster response services."
What are the objectives of the Red Cross in my country?,"In the Philippines, the Red Cross provides blood donation services, disaster relief, and health education programs."
Tell me about the Red Cross,"The Red Cross is a humanitarian organization that provides disaster relief, medical aid, and blood donation services."
What does the Red Cross do?,"We provide emergency aid, healthcare support, and humanitarian services during crises."
How does the Red Cross help communities?,"The Red Cross offers medical assistance, blood donation services, and disaster relief programs."
Can you tell me more about the Red Cross?,"We are a humanitarian organization committed to saving lives through emergency response, healthcare, and community service."
What services does the Red Cross provide?,"Blood donation, medical aid, disaster relief, health education, and emergency assistance."
What is the Red Cross known for?,"Providing humanitarian aid, disaster response, and lifesaving blood donation services."
How can I support the Red Cross?,"You can donate blood, volunteer, or contribute financially to our humanitarian efforts."
What is the mission of the Red Cross?,"To provide humanitarian aid, medical assistance, and disaster relief to people in need."
What programs are run by the Red Cross?,"Blood donation, disaster relief, first aid training, and community health initiatives."
How can I volunteer for the Red Cross?,You can sign up as a volunteer at your nearest Red Cross center to assist in medical and relief efforts.
Where does the Red Cross operate?,"The Red Cross operates worldwide, providing humanitarian aid to those in need."
What is the history of the Red Cross?,"The Red Cross was founded to provide humanitarian assistance, medical aid, and disaster relief."
How does the Red Cross respond to disasters?,"We mobilize relief teams, distribute supplies, and provide medical assistance to affected communities."
Why is the Red Cross important?,"The Red Cross plays a crucial role in disaster response, healthcare support, and humanitarian aid."
What does the Red Cross do during emergencies?,"We provide food, shelter, medical aid, and emotional support to people affected by crises."
How can I make a donation to the Red Cross?,You can donate at your local Red Cross center or contribute online to support our humanitarian efforts.
What role does the Red Cross play in international relief?,"The Red Cross provides emergency aid, disaster response, and medical assistance across the globe."
How does the Red Cross help during natural disasters?,"We deliver emergency supplies, medical aid, and humanitarian support to affected individuals."
What is the Red Cross's blood donation program?,The Red Cross collects blood from volunteer donors to ensure a safe and adequate supply for hospitals.
How can I get involved with the Red Cross?,"You can volunteer, donate blood, or contribute financially to our humanitarian programs."
How does the Red Cross support healthcare?,"We provide blood donation services, first aid training, and emergency medical support."
How can I donate to the Red Cross?,You can donate at your local Red Cross center or make a financial contribution online.
What does the Red Cross do in times of war?,"The Red Cross provides medical aid, humanitarian relief, and support for displaced individuals."
How do I contact the Red Cross?,"You can reach the Red Cross in San Pablo City at 09175456581, 09178824204, or email sanpablo@redcross.org.ph."
What is the Red Cross’s emergency response program?,"The Red Cross provides immediate disaster relief, medical aid, and humanitarian assistance during crises."
What is the mission of the Red Cross in my country?,"In the Philippines, our mission is to provide blood donation services, emergency aid, and community healthcare support."
How does the Red Cross help refugees?,"We provide shelter, food, medical care, and humanitarian aid to refugees in need."
What type of aid does the Red Cross provide?,"The Red Cross provides disaster relief, blood donation services, medical assistance, health education, and humanitarian support to communities in need."
How can the Red Cross help during a crisis?,"The Red Cross offers emergency medical services, disaster response, shelter, food, and blood donations to those affected."
What programs are available for volunteers at the Red Cross?,"Volunteers can participate in disaster response, first aid training, blood donation drives, and community outreach programs."
What does the Red Cross do for veterans?,"The Red Cross supports veterans through medical aid, blood donation programs, and emergency assistance."
What services does the Red Cross provide to the community?,"Services include disaster preparedness training, blood donation, first aid training, and emergency relief."
How can I donate blood through the Red Cross?,"You can visit a Red Cross donation center. If you're near San Pablo City, you can donate at #1 Rizal Avenue, Brgy. VII-C, San Pablo City. We can set an appointment for you."
How does the Red Cross help with humanitarian crises?,"The Red Cross provides immediate aid, medical services, shelter, and supplies to communities affected by humanitarian crises."
What are some projects the Red Cross is working on?,"The Red Cross works on disaster relief, blood donation drives, first aid training, and community health programs."
How can the Red Cross help during a pandemic?,"The Red Cross provides medical support, blood donations, and hygiene education to help control disease outbreaks."
Where can I find a Red Cross center?,"If you are near San Pablo City, visit #1 Rizal Avenue, Brgy. VII-C, San Pablo City. We can help set an appointment for you."
What training does the Red Cross offer?,"The Red Cross provides first aid, CPR, disaster preparedness, and emergency response training."
How does the Red Cross manage disaster relief?,"The Red Cross mobilizes volunteers, provides emergency supplies, medical aid, and supports rebuilding efforts."
What does the Red Cross do for children in emergencies?,"We provide shelter, medical assistance, and educational support for children affected by disasters."
How does the Red Cross support local hospitals?,We supply hospitals with safe and adequate blood donations and provide first aid training.
How do I sign up for Red Cross programs?,You can visit your local Red Cross center or check their website for volunteer and training programs.
Can the Red Cross help with medical emergencies?,"Yes, the Red Cross provides first aid, ambulance services, and emergency medical response."
How do I get involved with the Red Cross’s disaster relief efforts?,"You can volunteer in disaster response teams, participate in training, or donate to relief efforts."
What is the Red Cross’s role in health education?,"We educate communities on first aid, disease prevention, and emergency preparedness."
How can the Red Cross help me during an emergency?,"The Red Cross provides immediate assistance, including shelter, food, medical aid, and blood supply."
What services are available through the Red Cross?,"Services include disaster relief, blood donation, first aid training, and medical assistance."
How can I donate my time to the Red Cross?,"You can volunteer in disaster response, blood donation drives, or first aid training programs."
What is the Red Cross’s approach to global health?,"The Red Cross works on disease prevention, emergency response, and healthcare support worldwide."
How does the Red Cross respond to community needs?,"We provide medical aid, disaster relief, blood donations, and community health programs."
How does the Red Cross provide disaster relief?,"We offer emergency shelter, food, medical care, and mobilize volunteers for immediate assistance."
Why does blood donation matter so much in healthcare?,"Blood is essential for surgeries, trauma care, and patients with chronic illnesses."
Why is blood donation an important resource for public health?,A steady blood supply ensures that hospitals can treat patients in emergencies and ongoing medical treatments.
How does blood donation help those in trauma or critical care?,"Blood transfusions save lives of accident victims, surgery patients, and those with severe illnesses."
How is the Red Cross involved in the need for blood donations?,"The Red Cross collects, processes, and distributes blood to hospitals and medical centers."
Why is blood vital for treating victims of severe burns?,Burn victims often require blood transfusions to replace lost fluids and promote healing.
How does donating blood support medical treatments for patients in need?,"Blood donations help patients undergoing surgery, chemotherapy, and those with blood disorders."
What should motivate me to donate blood today?,Your donation can save lives and contribute to a stable blood supply.
Why should I make a habit of donating blood?,Regular donations ensure hospitals have a steady blood supply for emergencies.
How can my blood donation make a significant difference?,One donation can save up to three lives.
How can I contribute by donating blood?,You can visit a Red Cross center and donate blood to help those in need.
Why is donating blood considered an act of kindness?,It is a selfless act that provides life-saving support to patients in critical need.
What would happen if fewer people donated blood?,"Hospitals would face shortages, making it harder to treat patients in emergencies."
Why are blood donation events organized regularly?,To ensure an adequate and continuous supply of blood for medical needs.
How does donating blood show compassion and generosity?,Your donation directly helps save lives and support medical care.
Why is blood donation an essential contribution to society?,It strengthens healthcare systems by ensuring a reliable blood supply.
How can my blood donation help during a disaster?,Blood donations ensure that hospitals can respond to medical emergencies during disasters.
How does donating blood contribute to helping people in emergencies?,"It provides immediate medical support for victims of accidents, disasters, and surgeries."
How does donating blood assist in saving lives during critical times?,Patients in emergency situations rely on donated blood for survival.
Why is blood donation necessary in emergency situations?,It allows hospitals to treat patients quickly in life-threatening conditions.
How does my blood donation support trauma patients?,Trauma patients often need urgent transfusions to replace lost blood.
How does my blood donation help in urgent medical cases?,It provides essential blood supply for emergency surgeries and critical care.
Why is blood donation essential during natural disasters?,Natural disasters often result in injuries requiring blood transfusions.
How does blood donation assist in critical health emergencies?,"Blood is needed for emergency surgeries, accident victims, and severe illness cases."
How does blood donation play a vital role in critical illness care?,Many patients with chronic illnesses depend on regular blood transfusions.
What are the benefits of my blood donation for those in need?,"It ensures medical treatments, surgeries, and emergency care can proceed without delays."
How does my blood donation contribute to healthcare systems?,A steady blood supply strengthens hospitals' ability to respond to medical needs.
How can my blood donation make a difference for cancer patients?,Many cancer patients need blood transfusions due to chemotherapy treatments. Your donation provides them with the necessary blood components to fight the disease.
What positive effects does my blood donation have on people undergoing surgery?,Surgeries often require significant blood supply. Your donation ensures that patients have enough blood to compensate for blood loss during operations.
How does my blood donation assist people suffering from chronic illnesses?,"Patients with conditions like anemia, kidney disease, or bleeding disorders depend on regular blood transfusions. Your donation helps improve their quality of life."
How does my blood donation support emergency medical responses?,"In emergencies like accidents, disasters, or sudden medical crises, immediate blood supply can be the difference between life and death."
How does my blood donation positively affect patients?,"Your donation provides life-saving blood components like red blood cells, plasma, and platelets, giving patients the strength to recover."
How can my blood donation have a meaningful impact on healthcare?,"It ensures hospitals have an adequate and safe blood supply for medical treatments, surgeries, and emergency care."
How does my blood donation help those in urgent need of care?,"Patients facing severe injuries, childbirth complications, or critical conditions rely on available blood to survive."
Why is donating blood so necessary?,"Blood cannot be manufactured, and hospitals need a continuous supply to save lives. Donors make this possible."
How does giving blood benefit others in need?,"It helps accident victims, surgery patients, cancer patients, and those with blood disorders receive the treatment they need."
Why is blood donation essential for hospitals' operations?,"Hospitals rely on blood donations for surgeries, trauma care, cancer treatment, and other medical procedures."
What happens when I donate blood for others?,"Your blood is tested, processed, and used to treat patients who need transfusions due to medical conditions or emergencies."
What is the value of blood donation?,"Each donation can save up to three lives, making it one of the simplest yet most powerful ways to help others."
How do blood donations help in critical situations?,"They provide immediate support for accident victims, surgeries, and patients suffering from life-threatening illnesses."
Why is blood donation vital for medical procedures?,"Many medical treatments, such as organ transplants, cancer therapy, and childbirth, require a stable blood supply."
Why is there a constant need for blood from donors?,"Blood has a limited shelf life, and hospitals need continuous replenishment to keep up with medical demands."
What is the significance of my blood donation for patients?,It can mean the difference between life and death for patients in critical conditions.
How does blood donation help in emergency medical care?,"Emergency cases require immediate blood transfusions, and your donation ensures hospitals have enough supply to respond."
Why is blood donation critical during surgeries?,Many surgeries require significant blood transfusions due to blood loss. Your donation helps ensure successful operations.
What makes blood donation an act of life-saving generosity?,Your simple act of donating blood can directly save lives and support medical treatments for those in need.
Why should I donate blood regularly to help others?,Regular donations maintain a stable blood supply and help patients who need frequent transfusions.
How does blood donation affect the community's health?,"It ensures hospitals have an adequate supply for treating various medical emergencies, improving overall healthcare access."
Why is there a shortage of blood at times?,"Blood has a limited shelf life, and demand often exceeds supply, making regular donations crucial. Would you like to donate today?"
What would happen without blood donations from the public?,"Hospitals would face shortages, and many patients requiring urgent transfusions might not survive."
How does my blood donation benefit those in need of surgeries?,Your blood helps provide the necessary transfusions for patients undergoing complex surgeries.
Why is blood needed for patients suffering from cancer?,Cancer patients often need blood transfusions due to chemotherapy-related anemia and other complications.
How is blood donation essential for treating various medical conditions?,"Blood donations support treatments for trauma, chronic illnesses, and surgeries that require transfusions."
Why is blood donation so important for the public health system?,A steady blood supply ensures medical institutions can provide life-saving care at all times.
What makes donating blood so significant?,"Blood cannot be artificially created, making volunteer donors the only source for those in need."
Why is blood donation an important part of public health?,"It supports emergency care, surgeries, chronic disease treatments, and disaster relief efforts."
What is the role of blood donations in treating trauma patients?,"Trauma victims, such as accident survivors, often require large amounts of blood to recover."
Why does the Red Cross rely on blood donations?,"As a humanitarian organization, we ensure a safe and sufficient blood supply for hospitals and patients in need."
Why is blood so critical for treating burn victims?,Severe burns can cause extensive blood loss and require plasma transfusions for healing.
How does blood donation play a part in the treatment of patients?,"Blood transfusions are essential for various medical treatments, from anemia to major surgeries."
What are the reasons I should consider donating blood?,"It saves lives, improves public health, and even benefits your own well-being."
Why should I make blood donation a regular practice?,It ensures a continuous blood supply for hospitals and benefits countless patients in need.
Why should I think about donating blood today?,"There is always a need for blood, and your donation could be life-saving for someone right now."
How can I make a difference by donating blood?,Your donation provides hope and a second chance for patients battling serious health conditions.
Why do we organize blood donation drives?,To encourage more people to donate and ensure a stable supply for medical emergencies.
How can my donation of blood create positive change?,"It helps patients recover, supports hospitals, and strengthens the healthcare system."
Why is giving blood considered a compassionate act?,"It is a selfless way to help others, requiring only a small effort but making a huge impact."
What would the consequences be if people stopped donating blood?,Many lives would be lost due to a lack of available blood for transfusions.
How does blood donation support emergency response efforts?,It ensures hospitals and first responders have the necessary blood supply for treating victims of accidents and disasters.
How does blood donation help during times of natural disasters?,"Disaster victims often require blood due to injuries, and donations help in these critical situations."
How does donating blood contribute to organ transplant needs?,Organ transplants require blood transfusions to ensure patient stability and recovery.
Why should I donate blood to assist with urgent situations?,"Blood is always in demand, and your donation ensures it's available for unexpected emergencies."
How does my donation of blood benefit critically ill patients?,It provides essential blood components that help them recover and regain their health.
Why is donating blood so important for infants in emergencies?,Premature babies and infants with severe illnesses often require blood transfusions to survive.
How does blood donation contribute to emergency medical services?,It enables hospitals to provide life-saving transfusions during crises.
How can my blood donation help during life-threatening situations?,It ensures that those in critical condition receive immediate medical support.
How does my donation of blood help save lives?,"Every donation can save up to three lives, giving hope to patients in urgent need."
What benefits does my blood donation bring to patients?,"Your blood donation helps save lives by providing blood for patients in need of transfusions due to surgeries, accidents, chronic illnesses, and medical treatments."
In what ways does my blood donation contribute to healthcare?,"It ensures hospitals have a steady supply of safe blood, supporting emergency care, surgeries, cancer treatments, and patients with life-threatening conditions."
How does donating blood help individuals undergoing cancer treatment?,Cancer patients often require blood transfusions due to chemotherapy-related anemia or low platelet counts. Your donation can help them recover and continue treatment.
What difference can my blood donation make to patients needing surgery?,"Patients undergoing major surgeries, such as organ transplants or heart procedures, rely on blood transfusions to prevent life-threatening blood loss."
How does my blood donation assist those with chronic illnesses?,"People with conditions like kidney disease, sickle cell anemia, and hemophilia frequently require blood transfusions to manage their condition and maintain their health."
How does my donation support emergency medical services?,"In emergencies such as accidents, severe burns, or childbirth complications, an immediate blood supply can mean the difference between life and death."
What kind of impact can my blood donation have on others?,"A single blood donation can save up to three lives, providing crucial support for patients in hospitals, trauma centers, and disaster response situations."
How does donating blood help in emergency medical cases?,"Blood donations ensure that hospitals have the necessary supply to treat victims of car accidents, severe injuries, and life-threatening conditions that require immediate transfusions."
Why is it crucial to donate blood?,"Blood is essential in medical treatments, and there is no artificial substitute. Donations help sustain life, especially in cases of severe bleeding and critical illnesses."
How does giving blood benefit others?,"It provides life-saving treatment for patients with anemia, cancer, trauma injuries, and those undergoing major surgeries, ensuring they receive the care they need."
What makes donating blood so important for hospitals?,"Hospitals depend on a continuous blood supply to perform surgeries, treat medical emergencies, and care for patients with chronic conditions."
What are the benefits of donating blood?,"Blood donation saves lives, replenishes the body’s blood supply, provides a free health check-up, and fosters a sense of social responsibility."
Why is there always a demand for blood donations?,"Blood has a limited shelf life, and hospitals need a constant supply to meet the demands of patients requiring transfusions every day."
How does blood donation play a key role in surgeries?,"Many surgical procedures require blood transfusions to compensate for blood loss, prevent complications, and stabilize patients."
What makes blood donation such a life-saving act?,"Your donation can mean survival for someone facing severe blood loss, chronic illness, or emergency surgery."
Why is donating blood vital for emergency situations?,"Accidents and natural disasters can cause sudden, massive blood loss, making it critical to have enough donated blood available for immediate use."
How do hospitals depend on blood donations?,"Hospitals need donated blood for trauma patients, surgeries, cancer treatments, and individuals with medical conditions that require regular transfusions."
In what ways does blood donation assist during disasters?,"Blood donations provide emergency relief to victims of natural disasters, accidents, and mass casualties, ensuring they receive immediate medical care."
Why is blood needed in surgical procedures?,"Many surgeries involve significant blood loss, requiring transfusions to stabilize the patient and support recovery."
What are the reasons some patients need blood donations?,"Patients with anemia, cancer, severe injuries, childbirth complications, and chronic illnesses depend on blood transfusions to survive."
Why is donating blood so essential for treating trauma patients?,"Trauma patients, including accident victims, gunshot victims, and burn patients, often need urgent blood transfusions to replace lost blood."
How does blood donation contribute to overall medical treatment?,"Blood donations support treatments for surgeries, cancer, anemia, chronic illnesses, and emergency care, making healthcare more effective."
Why is blood donation a necessary part of healthcare?,It helps sustain lives by providing hospitals with the blood needed for essential medical treatments.
How does donating blood support daily hospital needs?,"Hospitals require a continuous supply of blood to provide care for emergency patients, surgical procedures, and individuals with chronic conditions."
Why is blood critical for patients with severe burns?,Burn victims often require plasma transfusions to replenish lost fluids and proteins essential for healing and recovery.
How does blood donation help patients living with chronic conditions?,People with chronic illnesses like leukemia or kidney disease need regular transfusions to maintain their health.
How does donating blood benefit cancer patients?,"Many cancer treatments destroy blood cells, making transfusions necessary to help patients recover and fight infections."
What role does blood donation play in organ transplants?,Blood transfusions are critical during organ transplants to ensure the patient’s body can handle the surgery and recover properly.
Why is blood donation a vital resource for trauma care?,Trauma patients often experience severe bleeding and need immediate transfusions to prevent life-threatening complications.
How does donating blood help others?,"It provides essential support to patients in medical emergencies, chronic conditions, and surgeries, improving their chances of survival."
Why is blood donation important?,It saves lives by providing hospitals with a reliable blood supply for patients in need.
Why should I donate blood?,"Blood donation helps save lives, keeps the blood supply steady, and benefits your own health."
How does blood donation help others?,Your donation ensures that patients in need receive life-saving transfusions when they require them the most.
Why is donating blood important for hospitals?,"Hospitals depend on blood donations to treat patients with severe injuries, surgical needs, and life-threatening conditions."
What happens when I donate blood?,"A small amount of blood is drawn, tested for safety, and then used to help patients who need transfusions."
What is the impact of blood donation?,Blood donations directly save lives by ensuring a sufficient supply for patients in medical need.
Why do we need blood donations?,"Blood cannot be artificially manufactured, so donations are the only way to meet medical demands."
How does my blood donation save lives?,"Your donation provides life-saving blood for patients undergoing surgery, treatment, or emergency care."
Why is there a constant need for blood donations?,"Blood has a limited shelf life, and hospitals need a continuous supply to treat patients every day."
What is the significance of donating blood?,It plays a crucial role in medical care by saving lives and improving patients’ health conditions.
How does donating blood help in emergencies?,It ensures hospitals have enough blood to treat patients in critical condition.
Why is blood donation critical for surgeries?,"Surgeries often result in significant blood loss, making transfusions essential for patient recovery."
What makes blood donation a lifesaving act?,"Your donation can directly save someone’s life, whether they are in an accident, surgery, or treatment for a disease."
Why should I donate blood regularly?,Regular donations keep the blood supply adequate and ensure hospitals have what they need for emergency cases.
How does blood donation affect the community?,It strengthens healthcare services by ensuring there is always enough blood for patients in need.
Why is there always a shortage of blood?,"Blood demand is constant, and donations must be regular to meet medical needs. Would you like to donate now?"
What does my blood donation do for patients?,It provides essential blood transfusions that can save lives.
How does donating blood help during a natural disaster?,Victims of disasters often require emergency transfusions due to injuries and blood loss.
Why do hospitals rely on blood donations?,Hospitals need blood daily to treat patients with various medical conditions.
Why should I consider donating blood today?,Your donation can save lives. Would you like to donate now?
What is the need for blood donation in my area?,"Blood is always in demand to support patients in surgeries, trauma care, and medical treatments. Your donation can help save lives in your community. Would you like to donate now?"
How can I help by donating blood?,"You can help by donating blood at a Red Cross center. If you meet the eligibility criteria, we can set an appointment for you."
What are the benefits of donating blood?,"Blood donation stimulates new blood cell production, provides a free health check, and gives you the satisfaction of saving lives."
Why do some patients need blood donations?,"Patients undergoing surgery, cancer treatments, trauma care, and those with chronic illnesses rely on blood transfusions for survival."
How does my blood donation contribute to medical care?,"Your donation ensures hospitals have a steady supply of safe blood for emergency treatments, surgeries, and patients with medical conditions."
Why is blood donation essential for emergency care?,"In emergencies like accidents, natural disasters, or severe medical conditions, donated blood is crucial for saving lives."
What’s the purpose of donating blood?,"The purpose is to provide life-saving blood to those in need, ensuring hospitals have an adequate and safe blood supply."
How can I make a difference through blood donation?,"By donating blood, you directly save lives, support patients with critical conditions, and contribute to your community’s health system."
Why is blood needed for surgeries?,"Many surgeries, including organ transplants, heart operations, and trauma procedures, require blood transfusions to stabilize patients."
Why should I give blood instead of just donating money?,"While financial donations help with logistics, only human blood can be used for transfusions, making your direct donation irreplaceable."
How does my blood donation help those with cancer?,Cancer patients undergoing chemotherapy often need blood transfusions to recover from the treatment’s effects on their blood cells.
Why is blood donation a critical health resource?,Blood cannot be manufactured; it must come from donors. A steady supply ensures that hospitals are prepared for any medical emergency.
How does blood donation support medical treatments?,"Blood transfusions are necessary for patients with anemia, bleeding disorders, and other medical conditions that affect blood levels."
Why do hospitals need blood donations daily?,"Blood is constantly needed for emergency surgeries, chronic illness treatments, and trauma cases, making daily donations essential."
How does blood donation help patients with chronic diseases?,"Patients with conditions like kidney disease, sickle cell anemia, and leukemia require frequent blood transfusions to stay healthy."
Why is blood donation part of public health efforts?,"Blood donation supports healthcare systems, ensuring that life-saving treatments are available for those in need."
What makes blood donation vital for trauma patients?,"Accident victims often suffer severe blood loss, making immediate blood transfusions necessary for survival."
Why do we have blood drives?,Blood drives help maintain an adequate blood supply by encouraging people to donate in a convenient and organized way.
Why does the Red Cross need blood donations?,"The Red Cross ensures a steady blood supply for medical emergencies, surgeries, and patients with life-threatening conditions."
How does donating blood help patients with cancer treatments?,"Many cancer treatments destroy blood cells, requiring patients to receive transfusions to restore their blood levels."
What impact can my blood donation have?,"A single donation can save up to three lives by providing red blood cells, platelets, and plasma for different medical needs."
How does my blood donation affect patients undergoing surgery?,"Your blood can help replace lost blood during surgery, preventing complications and improving recovery chances."
Why is blood donation essential for newborns in need?,Some newborns suffer from anemia or blood disorders and require transfusions to survive.
Why should I donate blood to help with emergencies?,Blood supplies need to be ready before emergencies happen so hospitals can act immediately when needed.
Why do hospitals depend on donated blood?,"Hospitals rely on blood donations to perform life-saving treatments, surgeries, and emergency interventions."
Why is blood donation an act of compassion?,"Donating blood is a selfless way to help people in need, giving them a second chance at life."
Why is blood needed for burn victims?,"Severe burns can lead to blood loss and infections, requiring transfusions to aid recovery."
How does my blood donation contribute to emergency services?,Your donation helps paramedics and doctors treat patients in urgent medical situations.
What would happen if people didn’t donate blood?,"Hospitals would run out of supply, putting many lives at risk due to the lack of available blood for emergencies and treatments."
How does donating blood help with organ transplants?,Organ transplants require significant blood transfusions to support the patient during and after surgery.
Why is blood donation necessary for treating trauma patients?,"Trauma patients often suffer life-threatening blood loss, requiring immediate transfusions to stabilize their condition."
What steps are taken to ensure that the blood donation process is safe for me?,Trained professionals follow strict medical guidelines to ensure your safety during the donation process.
How is my safety guaranteed during the blood donation procedure?,"Sterile equipment is used for each donor, and medical screenings ensure that you are fit to donate."
How do donation centers ensure my safety while donating blood?,"Centers follow health regulations, check donor eligibility, and monitor donors for any reactions."
What can I expect from the blood donation process in terms of safety?,"The process includes a health screening, sterile equipment use, and post-donation monitoring to ensure donor well-being."
How do blood centers keep the donation experience safe and secure for all participants?,"By maintaining strict hygiene standards, using medical screenings, and providing trained staff to assist donors."
How does the blood donation center ensure cleanliness and safety?,"Equipment is sterilized, and all procedures follow health safety protocols to protect donors and recipients."
Are the blood donation centers hygienic?,"Yes, all centers follow strict sanitation procedures to ensure a clean and safe environment."
How does the donation center maintain a clean and safe environment?,"Regular sanitation, single-use needles, and medical supervision guarantee cleanliness and donor safety."
What should I do if I feel lightheaded or unwell after donating blood?,"Sit down, drink water, and rest. If symptoms persist, inform staff or seek medical help."
Are there any precautions to minimize side effects after donating blood?,"Yes, stay hydrated, avoid heavy lifting, and rest if needed."
How can I avoid any adverse reactions after giving blood?,"Eat a healthy meal before donating, drink plenty of fluids, and take it easy afterward."
Is it safe to donate blood if I have allergies?,"Yes, as long as your allergies are not severe or affecting your breathing on the day of donation."
Can I donate blood if I have a cold or flu?,"No, you should wait until you fully recover to ensure the safety of the blood supply."
Can I donate blood while on medication?,It depends on the medication. It’s best to check with the donation center.
Is it okay to donate blood if I have a low iron count?,"No, you need sufficient iron levels to donate. You may be advised to take iron supplements and try again later."
Can I donate blood if I’ve had surgery recently?,You need to wait for full recovery. The waiting period depends on the type of surgery and your doctor’s advice.
Is it safe to donate blood while on a specific diet?,"Yes, as long as your diet provides enough nutrients to keep you healthy."
What precautions are in place to ensure the safety of blood donation?,"Health screenings, medical supervision, and sterile procedures ensure donor safety."
How do blood donation centers ensure donor safety?,"By conducting thorough medical assessments, maintaining hygiene, and providing post-donation care."
What safety protocols are followed during the blood donation process?,"The Red Cross follows strict safety protocols, including sterile equipment, donor screening, and post-donation monitoring to ensure a safe experience."
What tests are performed to make sure blood donations are safe?,"Donated blood is tested for infections like HIV, hepatitis, syphilis, and other diseases to ensure safety for recipients."
How is blood donation equipment sanitized?,"Blood donation equipment is sterile and disposable, ensuring a clean and safe donation process."
What do I need to do to prepare for a safe blood donation?,"Get plenty of rest, eat a healthy meal, stay hydrated, and avoid alcohol or strenuous activities before donating."
How are potential health risks minimized during blood donation?,"Thorough medical screening, sterile equipment, and post-donation care help minimize any health risks."
What should I expect when I donate blood in terms of safety?,"A health screening, use of sterile equipment, and observation for any side effects ensure a safe experience."
How are blood donations kept safe for both donors and recipients?,"Blood donations are screened for diseases, stored properly, and handled under strict medical standards."
Are there any special guidelines for first-time donors?,"First-time donors should stay hydrated, eat before donating, and rest afterward to prevent dizziness."
What are the possible risks involved in donating blood?,"Minor side effects like dizziness or bruising can occur, but serious risks are rare."
Is there any danger to my health from donating blood?,"No, as long as you meet the eligibility criteria, donating blood is safe and beneficial to your health."
Can blood donation cause harm to my body?,"No, blood donation is a safe process, and your body replenishes the donated blood within a few weeks."
Could I catch an infection while donating blood?,"No, all equipment used is sterile and disposable, eliminating any risk of infection."
Is there any risk of blood clots after donation?,Blood donation does not increase the risk of blood clots in healthy individuals.
What are the potential health complications from donating blood?,Minor effects like fatigue or lightheadedness may occur but resolve quickly with rest and hydration.
Is blood donation linked to anemia?,"No, but frequent donations without proper iron intake may lead to temporary low iron levels."
How does blood donation affect my iron levels?,"Blood donation lowers iron levels temporarily, so iron-rich foods are recommended afterward."
Can I still donate blood if I’m on medication?,It depends on the medication. Some may require a waiting period before donation.
Does smoking affect my ability to donate blood?,"Smoking does not prevent donation, but it's best to avoid smoking right before or after donating."
Can donating blood affect my health if I’ve recently undergone surgery?,"Yes, you may need to wait a few months before donating, depending on the type of surgery."
Is donating blood safe for everyone?,Only individuals who meet health criteria can donate to ensure safety for both donors and recipients.
Are there any dangers in donating blood?,"Blood donation is generally safe, with minor side effects like dizziness or bruising in some cases."
Can I donate blood safely if I’m in good health?,"Yes, as long as you meet the eligibility criteria, blood donation is safe for you."
What measures are taken to protect the donor’s safety during the blood donation process?,"Donors undergo medical screening, use sterile equipment, and receive post-donation care."
Can I safely donate blood during flu season?,"Yes, but you should not donate if you are currently sick with the flu or have a fever."
How does the donation process ensure a safe experience for the donor?,"Medical screenings, sterile procedures, and monitoring ensure donor safety."
Is it dangerous to donate blood?,"No, blood donation is safe when done under proper medical supervision."
Can I donate blood if I have any medical concerns?,It depends on the condition. Some health issues may require a waiting period or disqualify you.
Is it safe to donate blood while pregnant?,"No, pregnant women are not allowed to donate blood for their health and their baby’s well-being."
Is blood donation safe for older adults?,"Yes, as long as they are in good health and meet the eligibility criteria."
What precautions are in place to ensure blood donation is safe for me?,Medical professionals conduct health screenings and monitor donors throughout the process.
How does the blood donation facility maintain safety standards?,"All blood donation centers follow strict hygiene, sterilization, and medical protocols."
How is the blood donation procedure designed to be safe?,"The process includes medical screening, use of sterile equipment, and post-donation monitoring."
How do they ensure my safety during the donation process?,"Health checks, clean facilities, and medical supervision help ensure safety."
What should I know about safe blood donation?,"It’s important to eat well, stay hydrated, and follow medical advice before and after donation."
How is donor safety maintained throughout the blood donation process?,"Medical checks, use of sterile equipment, and observation for side effects maintain safety."
Are blood donation centers kept clean and safe?,"Yes, all centers follow strict hygiene and sterilization guidelines."
How does the blood donation center ensure cleanliness?,"All equipment is sterilized, and facilities are regularly cleaned and maintained."
What should I do if I feel unwell after donating blood?,"Rest, hydrate, and eat a nutritious meal. If symptoms persist, seek medical advice."
How are side effects prevented after blood donation?,"Donors are advised to eat, hydrate, and avoid strenuous activities after donating."
Can I donate blood if I have medical issues?,"It depends on the condition. Some medical issues may prevent donation, while others may not."
Is it safe to donate blood if I have a cold?,"No, you should wait until you fully recover before donating."
Can I donate blood while on medication?,"Some medications require a waiting period, so check with medical staff before donating."
Is it safe to donate blood if I have allergies?,"Yes, unless you are experiencing severe allergy symptoms at the time of donation."
Can I donate blood if I smoke?,"Yes, but it is recommended to avoid smoking for a few hours before and after donation."
Can I donate blood if my iron levels are low?,"No, low iron levels may temporarily disqualify you from donating blood."
Is it safe to donate blood if I’ve recently had surgery?,You may need to wait a few months after surgery before you can donate.
What steps are taken to ensure blood donation is safe?,"Screening, sterilization, medical supervision, and post-donation care help ensure safety."
What safety protocols are in place for blood donations?,"Donors are screened, equipment is sterile, and professionals oversee the entire process."
How are safety checks carried out before donating blood?,"Health screenings, blood pressure checks, and medical history reviews ensure donor safety."
What are the safety standards for blood donations?,"Blood donation centers follow strict health regulations, including donor screening, sterile procedures, and blood testing."
How is the blood donation equipment sterilized?,"All blood donation equipment, including needles and collection bags, is sterile and used only once. After use, they are safely discarded to prevent contamination."
What kind of tests are conducted to ensure safety before donating blood?,"Before donating, donors undergo a health screening, including checking blood pressure, hemoglobin levels, and overall well-being. After donation, the blood is tested for infectious diseases such as HIV, hepatitis, and syphilis."
How should I prepare for a safe blood donation?,"To prepare, eat a light meal, drink plenty of water, and get enough rest before your donation. Avoid alcohol and fatty foods at least 24 hours before donating."
What actions should I take to stay safe during my blood donation?,"Stay hydrated, eat a healthy snack before donating, and inform the staff if you feel dizzy or unwell at any point during the process."
What will happen during the blood donation process?,"A trained staff member will check your vitals, clean your arm with antiseptic, and use a sterile needle to collect blood. The process takes around 10-15 minutes, after which you'll be given a light snack and asked to rest."
Are there any special precautions for first-time blood donors?,"First-time donors should ensure they are well-rested, hydrated, and have eaten a light meal. After donating, avoid strenuous activity and stay seated for a few minutes to prevent dizziness."
What actions are taken to make sure blood donations are safe?,"Donor health screenings, sterile equipment, and post-donation monitoring help ensure blood donation is safe for both donors and recipients."
How is the donation process designed to ensure donor safety?,"The donation process follows strict medical guidelines, including pre-donation health checks, single-use sterile needles, and post-donation monitoring."
What are the potential risks of donating blood?,"Minor side effects like dizziness, bruising, or temporary fatigue may occur but are rare. Most donors recover quickly with rest and hydration."
Are there any health risks linked to blood donation?,"For healthy individuals, blood donation is generally safe. Temporary low blood pressure or lightheadedness may occur but usually resolves quickly."
Could blood donation pose any harm to my health?,"No, blood donation is safe for healthy individuals. Your body replenishes the lost blood within a few weeks."
Is there a risk of infection when donating blood?,"No, since all needles and equipment are sterile and used only once, there is no risk of infection from donating blood."
Can donating blood result in anemia?,"If you donate regularly, it is essential to maintain a diet rich in iron to prevent anemia. However, hemoglobin levels are checked before donation to ensure donors are not at risk."
Is there any chance of blood clotting after a donation?,"No, blood donation does not increase the risk of blood clotting. The process is safe and does not interfere with normal blood circulation."
Are there any potential dangers for blood donors?,Blood donation is safe. Side effects like dizziness or slight bruising at the needle site are rare and mild.
Can I donate blood if I’m currently taking medication?,It depends on the type of medication. Some medications may require a waiting period before donating. It’s best to check with the donation center.
Does blood donation impact my iron levels?,"Yes, donating blood temporarily lowers iron levels. Eating iron-rich foods like meat, beans, and leafy greens helps restore iron levels."
Can I donate blood if I smoke?,"Yes, but it is advised not to smoke at least one hour before or after donating to prevent dizziness."
Can I still donate blood if I’ve recently had surgery?,It depends on the type of surgery and your recovery. It’s best to consult with the donation center before donating.
Is it safe to donate blood?,"Yes, blood donation is a safe and well-regulated process with strict medical guidelines to protect donors."
Is blood donation safe for healthy individuals?,"Yes, healthy individuals can donate blood without any long-term health risks."
How does the blood donation process ensure donor safety?,"Safety measures include pre-donation screenings, the use of sterile equipment, and monitoring donors after donation."
Can I donate blood safely during flu season?,"Yes, but if you have flu symptoms like fever, cough, or body aches, you must wait until fully recovered."
How secure is the process of donating blood on a regular basis?,"The donation process is highly secure, following strict health protocols and safety measures."
Can I donate blood safely if I have health concerns?,It depends on the condition. Some health conditions may prevent donation. Consult with the donation center for guidance.
Is it safe to donate blood when I have a cold?,"No, if you have a cold or any infection, you should wait until fully recovered before donating."
Can I donate blood if I have a past medical condition?,"It depends on the condition. Some past illnesses may affect eligibility, so check with the donation center."
Is it safe to donate blood while pregnant?,"No, pregnant women should not donate blood. They must wait until after childbirth and recovery."
Is blood donation safe for older individuals?,"Yes, as long as they meet the health criteria, older individuals can donate blood safely."
Can I donate blood if I suffer from allergies?,"Yes, mild allergies do not prevent blood donation. However, if you are experiencing severe symptoms, it’s best to wait until they subside."
How is the donation process made secure for donors?,"By using sterile, single-use equipment and ensuring donors are monitored throughout the process."
How does the donation center ensure cleanliness?,"Donation centers follow strict hygiene standards, including sterilized equipment, clean facilities, and trained staff."
What measures does the blood donation center take to guarantee my safety?,"Health screenings, sterile equipment, and post-donation care are in place to ensure donor safety."
Is blood donation safe?,"Yes, blood donation is a safe and medically supervised procedure."
Are there risks associated with blood donation?,"Risks are minimal, with most side effects being temporary, such as dizziness or mild bruising."
Is it safe to donate blood if I’m healthy?,"Yes, healthy individuals can safely donate blood."
What precautions are taken to ensure blood donation is safe?,"Pre-donation screenings, single-use sterile equipment, and trained medical staff ensure a safe donation process."
Can I donate blood safely during flu season?,"Yes, but you should be symptom-free before donating."
How does the blood donation process keep donors safe?,"By following strict health and safety protocols, including screening donors and using disposable equipment."
Is there any danger in donating blood?,"Blood donation is safe, and risks are minimal for healthy donors."
What are the health risks of donating blood?,"The risks are rare and mild, such as temporary dizziness or slight bruising."
How safe is the blood donation needle?,"The needle is sterile, used only once, and then disposed of to prevent contamination."
Can I donate blood if I have medical concerns?,"It depends on the concern. Some medical conditions may prevent donation, so consult with the donation center."
What safety measures are in place for blood donation?,"Health checks, sterile equipment, and medical supervision ensure donor safety."
Can blood donation cause harm to my health?,"No, for healthy individuals, blood donation is a safe and beneficial process."
Is blood donation safe during pregnancy?,"No, pregnant women should not donate blood."
What are the safety checks before donating blood?,"Health assessments, hemoglobin tests, and blood pressure checks are done to ensure donor eligibility."
How safe is it to donate blood regularly?,It is safe as long as you meet the required health criteria and follow the recommended donation intervals.
Can blood donation cause infection?,"No, the use of sterile, single-use equipment eliminates the risk of infection."
Is there a risk of blood clotting from donation?,"No, blood donation does not increase the risk of clotting."
Are blood donation centers clean and safe?,"Yes, all blood donation centers follow strict hygiene and safety protocols to ensure a clean and sterile environment."
How does the blood donation center ensure my safety?,"The center follows strict sanitation procedures, uses sterile equipment, and conducts health screenings to ensure donor safety."
What should I do to stay safe during blood donation?,"Get plenty of rest, eat a healthy meal, stay hydrated, and follow post-donation care instructions to ensure a safe experience."
Can I donate blood if I’m on medication?,It depends on the medication. Some may prevent you from donating. Let’s check your eligibility now to confirm.
How is blood donation equipment sterilized?,"All needles and blood bags are single-use and sterile, while other equipment is properly disinfected after each use."
Is it safe to donate blood while on a special diet?,"Yes, as long as you are healthy and meet eligibility criteria. Let’s check your eligibility now."
What should I do if I feel unwell after donating blood?,"Rest, drink plenty of fluids, and avoid strenuous activities. If symptoms persist, seek medical attention."
How is the safety of blood donation maintained?,"Strict health screenings, sterile equipment, and professional supervision ensure a safe donation process."
What are the health checks before blood donation?,"A health screening includes checking your blood pressure, hemoglobin levels, and overall medical history."
Can blood donation cause anemia?,"No, as long as you are healthy and meet hemoglobin requirements. Your body quickly replaces the donated blood."
Is it safe to donate blood if I have a cold?,"No, you should be in good health before donating. Wait until you fully recover."
How does the blood donation center ensure hygiene?,"Centers follow strict cleaning protocols, use sterile equipment, and have trained medical staff to maintain hygiene."
What should I expect during the blood donation process?,"A health screening, donation process (which takes about 10 minutes), and post-donation care to ensure your well-being."
How do they ensure my safety during blood donation?,"By conducting medical screenings, using sterile equipment, and monitoring your condition throughout the process."
Can I donate blood with a past health condition?,It depends on the condition. Let’s check your eligibility now to determine if you can donate.
What is done to ensure safe blood donation?,"Health checks, sterile equipment, trained professionals, and post-donation monitoring ensure a safe process."
How is the blood donation procedure made safe?,"Donors undergo health screenings, and sterile, single-use needles and medical supervision are provided."
Are there risks for blood donors?,"Risks are minimal. Some donors may feel lightheaded, but proper care ensures a safe experience."
How can I make sure my blood donation is safe?,"Follow the health guidelines, eat well before donating, and rest properly afterward."
Are there precautions for first-time blood donors?,"Yes, drink plenty of fluids, eat a healthy meal, and avoid heavy exercise before and after donating."
What is done to prevent side effects after blood donation?,"Donors are advised to rest, hydrate, and avoid strenuous activities to prevent dizziness or fatigue."
Can I donate blood if I’m a smoker?,"Yes, but avoid smoking for at least an hour before and after donating to prevent dizziness."
How is the blood donation process safe for me?,"Health screenings, sterile equipment, and medical staff ensure that the donation process is safe."
Is it safe to donate blood if I have a low iron count?,"No, low iron levels may disqualify you from donating. Let’s check your eligibility now."
What should I do to prepare for a safe blood donation?,"Eat iron-rich foods, drink plenty of water, and get enough rest before donating."
What tests are done for safety before blood donation?,"Blood pressure, hemoglobin levels, and general health assessments are checked before donating."
What are the safety guidelines for blood donation?,"Be in good health, meet the weight and age requirements, and follow pre- and post-donation care guidelines."
Can I donate blood if I’ve had recent surgery?,You may need to wait. The waiting period depends on the type of surgery. Let’s check your eligibility now.
What do I need to know about safe blood donation?,"Blood donation is safe, as long as you meet eligibility criteria and follow proper health precautions."
Is blood donation safe for older adults?,"Yes, as long as you are in good health and meet eligibility criteria. Let’s check your eligibility now."
Can I donate blood if I have allergies?,"Yes, as long as your allergies are not severe and you feel well on the day of donation."
What are the safety rules for donating blood?,"Be healthy, meet eligibility requirements, follow pre- and post-donation guidelines, and stay hydrated."
Hey there!,Hey! How can I help you with blood donation today?
Hello,Hello! Are you interested in donating blood or learning more about the process?
Hi,Hi there! Would you like to check your eligibility for blood donation?
Hey!,Hey! Are you looking for information about blood donation?
Hello there!,Hello! How can I assist you with blood donation today?
Good morning!,Good morning! Are you thinking about donating blood today?
Good evening!,Good evening! Would you like to learn about blood donation requirements?
"Hi, how are you?",I'm doing great! How about you? Are you here to ask about blood donation?
What's up?,Not much! Are you looking for details on blood donation?
"Hi, how’s it going?",It’s going well! Are you interested in donating blood?
"Hey, what's new?",Not much! Would you like to know if you're eligible to donate blood?
"Hello, nice to meet you!",Nice to meet you too! How can I assist you with blood donation?
"Hi, how’s everything?",Everything's good! Are you considering donating blood?
"Hey, how are you doing?",I’m good! Would you like to check your blood donation eligibility?
Howdy!,Howdy! Are you here to learn about blood donation?
"Hello, my friend!","Hello, my friend! How can I help you with blood donation?"
"Hi, what's going on?",Not much! Would you like to book a blood donation appointment?
"Hey there, how’s your day?",It’s going well! How about yours? Thinking about donating blood?
Greetings!,Greetings! How can I assist you with blood donation?
"Hey, how’s life?",Life’s great! Would you like to check if you're eligible to donate blood?
Hello! What’s up?,Hello! Are you interested in blood donation?
Hey! How’s your day going?,It’s good! How about you? Do you need info on blood donation?
What’s happening?,Not much! Are you here to learn about blood donation?
Hi! How's everything with you?,Everything’s fine! How can I assist with blood donation?
Hey! How are things?,Things are great! Are you considering donating blood?
What's up today?,Not much! Would you like to check your blood donation eligibility?
"Hey there, what's new with you?",Nothing much! Need help with blood donation info?
"Hello, how’s everything going?",Everything’s good! How can I assist with blood donation?
"Hi, how’s your week?",It’s been great! Would you like to learn about blood donation?
Good day!,Good day! Are you here for blood donation information?
Hi there!,Hi! How can I help you with blood donation today?
Hello! How can I assist?,I’m here to help! Are you looking for blood donation details?
Hi! Long time no see!,It’s been a while! Do you need information about blood donation?
"Hey, how’s it going?",It’s going well! Are you thinking of donating blood?
"Hi, happy to talk to you!",Same here! Would you like to know more about blood donation?
Hey there! What's good?,Everything’s good! Do you want to check your donation eligibility?
Hello! How’s everything?,Everything’s fine! How can I help with blood donation?
Hi! What’s up with you?,Not much! How can I assist with blood donation today?
"Hey, how’s your day treating you?",Pretty well! Would you like to know more about blood donation?
"Hello, good to see you!",Good to see you too! Are you thinking of donating blood?
What’s new?,Not much! Want to check if you're eligible to donate blood?
"Hi there, how are you doing today?",I’m doing great! Are you interested in blood donation?
"Hello, how are you feeling?",I’m feeling good! Would you like to donate blood today?
"Hey, how’s your day been?",It’s been great! Are you looking to donate blood?
"Hi, it’s nice to see you!",Nice to see you too! Do you have any questions about blood donation?
"Hey, what’s going on with you?",Not much! How can I help with blood donation?
"Hello, what’s new today?",Not much! Would you like to check your blood donation eligibility?
Hi! How’s it going with you?,It’s going well! Would you like information about blood donation?
"Hey, hope you’re doing well!",Thanks! Are you interested in blood donation?
Good afternoon!,Good afternoon! How can I assist you with blood donation today?
"Hi, how’s everything going on your end?",Hi! I hope you're doing well. How can I assist you with blood donation today?
What’s up today?,"Hey! Not much, just here to help. Are you interested in donating blood or learning more about the process?"
"Hello, how are you doing?","Hello! I'm doing great, thanks for asking. How can I assist you with blood donation today?"
Bye,Bye! We're glad we could help.
"Thanks, see you later!","Thanks, see you later! We're happy to assist you."
See you later!,See you later! Take care and stay safe.
"Goodbye, take care!","Goodbye, take care! We appreciate you reaching out."
"Thanks, I’ll talk to you soon!","Thanks, I’ll talk to you soon! Always happy to help."
Catch you later!,Catch you later! Let us know if you need anything.
Take care!,Take care! We’re always here if you need assistance.
Bye for now!,Bye for now! Stay safe and well.
Thanks for your help!,Thanks for your help! We're glad we could assist you.
"Goodbye, have a great day!","Goodbye, have a great day! Always happy to help."
See you soon!,See you soon! Let us know if you need anything.
I’ll see you next time!,I’ll see you next time! Stay safe.
Have a good one!,Have a good one! We appreciate you.
Thanks for the chat!,Thanks for the chat! We’re glad we could help.
See you around!,See you around! Take care.
Take care of yourself!,Take care of yourself! Let us know if you need assistance.
"I appreciate your time, goodbye!","I appreciate your time, goodbye! Happy to have helped."
"Thanks, talk to you later!","Thanks, talk to you later! Stay safe."
"Goodbye, have a nice day!","Goodbye, have a nice day! We’re always here if you need us."
See you again soon!,See you again soon! We're glad to assist you.
"Take care, talk soon!","Take care, talk soon! Have a great day."
"Bye now, be well!","Bye now, be well! We’re happy to help."
Catch you soon!,Catch you soon! Stay safe.
"Goodbye, stay safe!","Goodbye, stay safe! Let us know if you need anything."
Thanks! Take care!,Thanks! Take care! We're glad we could help.
See you next time!,See you next time! We appreciate you.
"Bye, have a wonderful day!","Bye, have a wonderful day! Always here to assist."
Talk to you later!,Talk to you later! Stay safe.
"Goodbye, stay safe out there!","Goodbye, stay safe out there! We’re happy to assist you."
Until next time!,Until next time! Take care.
"Thanks, it was great talking to you!","Thanks, it was great talking to you! We're always happy to help."
"Goodbye, stay well!","Goodbye, stay well! Let us know if you need anything."
"Take care, see you later!","Take care, see you later! We appreciate you reaching out."
"Goodbye, have a great one!","Goodbye, have a great one! Stay safe."
See you next time we chat!,See you next time we chat! We’re glad we could help.
"Thank you, take care!","Thank you, take care! We’re always here if you need assistance."
"Goodbye, talk soon!","Goodbye, talk soon! Stay well."
"See you later, alligator!","See you later, alligator! We’re happy to help."
"Take care, talk later!","Take care, talk later! Let us know if you need anything."
Thanks for chatting!,Thanks for chatting! We appreciate you.
"Goodbye, have an awesome day!","Goodbye, have an awesome day! Always happy to assist."
"Talk to you soon, goodbye!","Talk to you soon, goodbye! Stay safe."
"Take care of yourself, bye!","Take care of yourself, bye! We’re glad we could help."
"Catch you later, take care!","Catch you later, take care! We appreciate you reaching out."
"Thanks, I’ll see you later!","Thanks, I’ll see you later! Always happy to assist."
Goodbye for now!,Goodbye for now! We’re here whenever you need us.
See you in a bit!,See you in a bit! Take care.
Have a fantastic day ahead!,Have a fantastic day ahead! We appreciate you.
"Take care, goodbye!","Take care, goodbye! Stay well and safe."
"Talk to you soon, take care!","Talk to you soon, take care! Let us know if you need anything."
"See you later, have a good one!",We’re glad we could help! Take care and have a great day!
"Thanks again, goodbye!",You're always welcome! We’re happy to assist anytime.
I appreciate it!,We appreciate you too! Let us know if you need anything else.
Thank you,You're very welcome! Have a great day ahead!
I really appreciate it!,It was our pleasure to help! Take care!
Thanks a lot!,No problem at all! We're happy to assist you anytime.
"I’m so grateful, thank you!",We’re glad we could be of service! Stay safe!
Thank you so much!,You're very welcome! Have a wonderful day!
I appreciate your help!,We’re happy to help! Let us know if you need anything else.
Thanks for your assistance!,Anytime! We’re always here to support you!
"I’m grateful, thank you!",We appreciate you too! Take care!
I can’t thank you enough!,Your appreciation means a lot! Glad we could help!
"Thank you, this means a lot!",It was our pleasure! Have a fantastic day!
I truly appreciate it!,We’re always here to assist! Thank you for reaching out!
Thanks for being so helpful!,We’re glad we could help! Take care!
I’m really thankful for your help!,You're always welcome! Have a great day ahead!
"I appreciate everything, thanks!",We’re happy to assist! Let us know if you need anything else.
Many thanks to you!,It was our pleasure! Have a great day!
Thanks for all the support!,We're always here to help! Take care!
"I’m very thankful, thank you!",We appreciate you too! Stay safe!
Thank you for your time!,You're very welcome! Have a great day ahead!
"I appreciate your help, thank you!",Glad we could assist! Take care!
Thanks a ton!,No problem at all! We’re happy to assist you!
I’m so thankful for this!,We’re glad we could help! Have a great day!
Much appreciated!,We appreciate you too! Take care!
"I owe you one, thank you!",No worries! We’re always happy to help!
Thanks for everything!,We’re happy to be of service! Let us know if you need anything else.
I’m grateful for your help!,We appreciate you too! Stay safe!
Thank you for your patience!,You're welcome! Have a wonderful day!
I truly appreciate everything!,It means a lot to us! Glad we could assist!
"I’m very grateful, thank you!",We’re happy to help! Have a great day ahead!
Thanks for your kindness!,We’re always here to assist! Thank you for reaching out!
I’m thankful for your assistance!,We appreciate you too! Take care!
"Thank you, you’ve been a big help!",We’re glad we could help! Stay safe!
I really value your support!,It was our pleasure! Have a fantastic day!
Thanks for making my day easier!,We’re happy to help! Let us know if you need anything else.
"I’m thankful, thank you!",We appreciate you too! Stay safe!
"Thank you, I appreciate your time!",You're very welcome! Have a great day ahead!
"I’m so appreciative, thanks!",Glad we could assist! Take care!
Many thanks for your help!,No problem at all! We're happy to assist anytime!
Thank you for your generosity!,It was our pleasure! Have a fantastic day!
Thanks for your guidance!,We’re happy to help! Take care!
I’m truly grateful!,We appreciate you too! Stay safe!
Thanks a bunch!,You're always welcome! Have a great day ahead!
"I appreciate this, thank you!",Glad we could assist! Let us know if you need anything else.
"Thank you, it was a pleasure!",It was our pleasure! Have a great day!
I really appreciate your kindness!,We’re happy to be of service! Stay safe!
Thanks for all the help!,We’re always here to assist! Thank you for reaching out!
I’m truly grateful for everything!,Your appreciation means a lot! Glad we could help!
Thanks for your hard work!,It was our pleasure! Have a fantastic day!
I’m so thankful!,We appreciate you too! Take care!
I appreciate your support so much!,We’re always here to support you! Have a great day!
Thanks for being so understanding!,We’re happy to assist! Let us know if you need anything else.
I truly thank you for your help!,It means a lot to us! Glad we could assist!
What should I do from here?,Could you clarify what you're referring to? I'd be happy to assist!
Can you tell me what steps to take next?,I’d love to help! Can you provide more details on what you need assistance with?
What do you recommend I do next?,It depends on what you’re looking for! Could you share more details?
Can you suggest what I should do now?,I’d be happy to guide you! Could you specify what you need help with?
I’m not sure how to proceed with this.,I understand! Can you give me more details so I can assist you better?
What’s the best course of action after this?,Could you let me know what you’re referring to? I’ll do my best to help!
Can you guide me on what comes next?,Of course! Can you clarify what you’re working on?
I need help figuring out the next steps.,I’d be happy to help! What are you trying to accomplish?
Can you point me in the right direction moving forward?,Absolutely! Could you provide more details about your situation?
What do I need to do after this?,Could you clarify what you mean by ‘this’? I’ll do my best to assist you!
I’m not entirely sure what you mean.,No problem! I can clarify if you let me know which part was unclear.
I don’t fully understand what you’re asking.,I appreciate your patience! Could you let me know what’s unclear?
I’m not sure how to interpret your message.,I’d be happy to clarify! Which part is confusing for you?
I’m confused about what you mean here.,Let me rephrase! Can you tell me which part needs more clarity?
I’m unclear on what you're requesting.,I appreciate your patience! Could you provide more context?
I'm having trouble understanding what you're asking.,No worries! I can explain further. Could you let me know which part is confusing?
I’m unsure of the message you’re conveying.,I’ll be happy to clarify! Can you point out what’s unclear?
I don’t quite get the point you’re making.,I understand! Let me try rephrasing. Could you specify what’s confusing?
I’m not sure if I’m interpreting this right.,That’s okay! Let me clarify—what part seems unclear to you?
I’m not understanding your explanation clearly.,Thanks for letting me know! I can rephrase—what part is confusing?
Can you make that easier to understand?,Sure! Let me simplify that for you. Could you specify which part?
Could you give me a clearer explanation?,Of course! Let me break it down further. Which part needs clarification?
Can you explain it more simply?,I’d be happy to! Let me know which part you’d like me to simplify.
Could you put that into simpler words?,Absolutely! I’ll rephrase it in simpler terms—what part do you need help with?
Can you make that easier for me to comprehend?,No problem! Let me try explaining it in a different way.
Can you break it down into simpler language?,Of course! I’ll simplify it for you. Let me know which part is confusing.
Could you explain it in layman’s terms?,Absolutely! I’ll simplify it. Which part do you need help understanding?
Can you rephrase that in simpler language?,Sure! Let me know which part needs clarification.
Could you make this more accessible?,Of course! I’ll break it down in a way that’s easier to understand.
Can you simplify that for me?,Yes! Let me know what specifically needs simplification.
I'm not sure what kind of question to ask.,That’s okay! Could you describe what you’re trying to find out? I’ll guide you.
I’m not sure how to express my question.,"No worries! Just share whatever comes to mind, and I’ll help you phrase it."
Can you help me identify what to ask?,"Of course! Tell me what you need help with, and I’ll suggest questions for you."
I don't know what to inquire about.,That’s alright! What are you trying to learn or solve? I can guide you from there.
Can you guide me in figuring out what to ask?,"Definitely! Let me know your situation, and I’ll help you phrase your question."
I’m uncertain about what questions to ask next.,No problem! What topic are you interested in? I can suggest questions.
I don’t know the right way to ask this.,"That’s okay! Just say whatever you can, and I’ll help refine your question."
I’m not sure where to begin with my question.,"No worries! Just share your thoughts, and I’ll help guide your question."
How do I know what I need to ask?,It depends on what you’re looking for! Can you tell me what you need help with?
Can you help me figure out how to phrase this?,"Of course! Tell me what you’re thinking, and I’ll help word it properly."
Can you repeat that for me?,Sure! Let me repeat that for you.
What exactly do you mean by that?,I’d be happy to clarify! Could you let me know which part is unclear?
Can you go into more detail?,Definitely! Let me know which part you’d like more details on.
Could you explain that in more depth?,Of course! I’ll provide more details—what specifically do you need to know?
Could you clarify that for me once more?,No problem! I’ll clarify—what part do you need me to explain again?
What are you trying to convey exactly?,I appreciate your patience! Let me clarify—what’s unclear to you?
Could you elaborate further on that point?,Absolutely! Which part would you like me to expand on?
Can you break it down more clearly?,Sure! Let me simplify it for you.
Could you explain that in a more detailed way?,Of course! Let me add more details—what exactly do you need?
What do you mean by that exactly?,Good question! I can clarify—what part is confusing?
I’m not sure what I should do next.,I’d love to help! Can you provide more details about your situation?
Can you guide me in the next steps?,Of course! Let me know what you need assistance with.
I’m confused about what to do after this.,No worries! Can you specify what ‘this’ refers to? I’ll guide you.
Could you tell me what I should do now?,I’d be happy to help! Can you provide more details about your situation?
I’m not sure where to proceed from here.,No problem! Could you clarify what you’re referring to? I’d be happy to assist.
Can you point me in the right direction?,I’d be happy to help! Could you clarify what you need assistance with?
What’s the next step I should take?,Let’s figure it out together! Could you provide more details?
Can you help me figure out what’s next?,Of course! Can you give me a bit more context so I can guide you better?
Can you walk me through the next steps?,Sure! What specifically do you need help with?
I’m unsure of what comes after this.,"No worries! Just let me know what you’re unsure about, and I’ll help."
How should I go about this from here?,I understand! Could you explain what you’re trying to accomplish?
What do I need to do next?,Let’s take it step by step. What are you trying to do?
I’m not sure what you're asking me.,I see! Could you clarify what you mean?
I'm confused about what you're saying.,I apologize for any confusion! Could you rephrase your question?
I don’t completely understand what you're referring to.,"I’d love to help, but I need a little more detail to understand."
I'm not clear on what you're asking for.,I’m not sure what you mean. Could you explain it differently?
I’m not sure how to interpret that.,Let’s try again! What exactly do you need assistance with?
I don’t understand what you’re getting at.,I want to help! Could you specify what you’re referring to?
I’m uncertain about what you mean.,I see where you're coming from. Can you give me more details?
I’m not sure if this is the right approach.,That’s a great question! Let’s try to figure it out together.
I’m not sure where to go next.,"No problem! Just let me know what you need, and I’ll do my best to assist."
I don't know if I’m asking this correctly.,That’s okay! Feel free to explain it in a way that makes sense to you.
I’m not sure what to do next.,Let’s take it from the beginning! What do you need help with?
I don’t know how to respond to this.,I understand! Could you tell me a bit more?
I’m not quite following you.,That’s alright! Can you describe what you’re looking for?
I'm unsure of what you want from me.,I’ll do my best to help! Could you rephrase your request?
Can you make it simpler for me?,Of course! I can simplify it for you. What part is unclear?
Could you explain it in simpler terms?,Sure! Let me try explaining it differently.
Can you break it down in more basic language?,Absolutely! Here’s a simpler way to look at it…
Could you simplify that?,I’d be happy to! What part do you need simplified?
Can you explain it in a way that’s easier to understand?,No worries! Let’s break it down step by step.
Could you provide a simpler explanation?,I understand! Here’s a clearer explanation for you…
Could you make that more digestible?,Let’s make it easier! What are you trying to accomplish?
Can you clarify that in simpler words?,Absolutely! Here’s a more straightforward way to put it…
Could you explain that in a more straightforward way?,Sure! Let me put it in simpler words.
Can you make it more clear for me?,Let me make that clearer for you! Could you tell me what’s confusing?
Could you explain that in a way that’s easier to grasp?,I’d love to help! Here’s a simple way to think about it…
I'm not sure what I should be asking.,I understand! Let me explain it in a way that’s easier to grasp.
I don't know the right question to ask.,No problem! What’s the main point you need help with?
Can you help me figure out what I need to ask?,That’s okay! Let’s figure it out together.
I don’t know how to request this.,No worries! What information are you looking for exactly?
I'm uncertain about what I need.,Of course! Let’s start with what you need help understanding.
I’m unclear about how to ask this.,I’d love to assist! Can you give me more details?
Can you guide me through this?,Let’s find the best way to ask your question. What do you need help with?
I’m not sure where to begin.,No problem! Just tell me what you’re trying to ask.
I'm not sure what I'm supposed to ask.,That’s totally fine! What information are you looking for?
Can you help me find the right words?,Absolutely! Let’s start from the beginning.
How do I approach asking this?,It’s okay! Take your time to figure out what you need to ask.
Can you help me phrase this question better?,I’d be happy to help! What are you trying to find out?
I’m unsure of how to ask this.,That’s okay! Let’s break it down together.
What question should I ask here?,Take your time! Let me know what’s on your mind.
Could you go over that again?,Sure! Let’s work on your question together.
Can you clarify what you're trying to say?,No problem! I’ll try my best to help you form the right question.
Can you explain what you meant?,Of course! Let’s go over it again step by step.
Could you explain that in more depth?,I’d love to clarify! What part do you need more details on?
Would you mind explaining that again?,Of course! I’m happy to explain it again in a clearer way.
Could you break that down for me?,I’d be happy to! Let’s go over it one more time.
Can you make that more understandable?,Absolutely! Here’s a more detailed explanation…
Can you provide more detail on that?,Of course! Let’s break that down further.
Can you elaborate on that?,Sure thing! Let me explain it again for you.
Could you help me understand that better?,Of course! Could you provide a little more detail so I can assist you better?
Can you explain that in layman’s terms?,Sure! Let me simplify it for you. Could you tell me what part is unclear?
Can you explain again?,No problem! Could you specify which part you’d like me to clarify?
I need help but don't know what to ask,"That’s okay! Let me know what you’re trying to do, and I’ll try to guide you."
"I don’t know what to ask, can you help?","Absolutely! Tell me what’s on your mind, and I’ll do my best to help."
Can you clarify what you mean?,Of course! Could you tell me what part you’d like me to clarify?
I’m not sure what I’m looking for.,No worries! What are you trying to achieve? I can help point you in the right direction.
What exactly are you asking?,I’m here to assist! Could you share a bit more about what you need?
I’m not sure how to phrase my question.,"That’s alright! Just describe what you need, and I’ll do my best to understand."
Can you explain that in more detail?,Of course! Could you let me know what part you’d like me to expand on?
Can you help me figure out what to ask?,"Of course! Tell me a little about what you need help with, and I’ll guide you."
I don’t know where to start.,That’s okay! What are you trying to do or learn? I’ll help you from there.
"I’m confused, can you elaborate?",Of course! Which part is confusing? I’ll try to explain it differently.
Could you explain that again?,Sure! Let me know which part you’d like me to go over again.
What do you mean by that?,I’d be happy to clarify! Could you specify what part is unclear?
"I don’t understand, can you simplify it?",Of course! Let me break it down in a simpler way.
I’m not sure what to ask next.,That’s alright! What are you trying to figure out? I’ll help guide you.
Can you make that clearer?,Sure! Let me rephrase it for you.
I need help understanding what you’re asking.,"No problem! Let me know what’s unclear, and I’ll explain it differently."
I’m not sure what I need.,That’s okay! What are you trying to accomplish? I can help from there.
I don’t know how to ask for that.,"That’s fine! Just describe what you need, and I’ll try to understand."
Can you give me more information?,Of course! What specific details would you like to know?
I’m not clear on what you want.,No worries! Let me know how I can assist you.
Can you help me figure this out?,"Of course! Tell me what you’re trying to solve, and I’ll help you."
I don’t know where to go from here.,That’s alright! What’s your goal? I’ll guide you on the next steps.
Can you explain what I should do?,"Sure! Tell me a little about your situation, and I’ll help you with the next steps."
I’m unsure about what you’re saying.,I understand! Could you let me know which part you need help with?
Could you rephrase that?,Of course! Let me say it in a different way.
I’m confused about the next step.,That’s okay! What are you trying to do? I’ll guide you from there.
I don’t know how to respond.,No worries! What’s on your mind? I’ll help you with it.
Can you clarify that for me?,Absolutely! What part needs more explanation?
I’m not sure if I’m asking the right thing.,"That’s okay! Just tell me what you need help with, and I’ll assist you."
What do you mean by that?,I’d be happy to clarify! Could you specify what part is unclear?
Could you help me understand better?,Of course! Let me break it down for you.
I’m not sure how to proceed.,That’s okay! What are you trying to achieve? I’ll guide you from there.
Can you explain that in simpler terms?,Sure! I’ll simplify it for you.
I’m not sure how to form this question.,"That’s okay! Just describe what you need, and I’ll try to understand."
Can you help me phrase this?,"Of course! Just tell me what you’re trying to ask, and I’ll help rephrase it."
I’m not sure where to begin.,That’s okay! What are you trying to do? I’ll help you start.
I’m unclear about what to ask.,No worries! What’s your situation? I’ll help you figure it out.
Can you guide me on what to do?,"Absolutely! Let me know what you need help with, and I’ll assist you."
I’m not sure what kind of question to ask.,"That’s okay! Just tell me what you need, and I’ll help you form the right question."
Can you make that easier to understand?,Of course! Let me explain it in a simpler way.
I don’t know how to ask about this.,"That’s fine! Just describe what you need, and I’ll help you out."
Can you help me figure out the right question?,"Absolutely! Tell me what you’re trying to learn, and I’ll guide you."
I’m uncertain about what to ask next.,That’s okay! What are you trying to figure out? I can help you.
Can you explain in simpler words?,Of course! Let me break it down for you.
I’m not sure what I’m looking for yet.,No worries! What are you trying to achieve? I’ll help guide you.
I don’t know the right way to ask this.,"That’s okay! Just describe what you need, and I’ll help you word it properly."
Can you break it down for me?,Sure! I’ll simplify it for you.
What are you trying to say?,I’d be happy to clarify! Could you specify what part is unclear?
I need help understanding this better.,Of course! Let me explain in a way that makes more sense.
I’m not sure how to approach this.,That’s okay! What’s your goal? I’ll help guide you.
Can you provide more details on that?,Of course! What specific information are you looking for?